0,Bug-7e87982c-360a-48ad-aeb3-75d962502e5e,1361603656464
2,Bug-8ec2bc71-9dfd-4fcf-9bdc-36eac3a570d3,1317106483665
4,Bug-3661c2b7-1292-4124-8de7-fd967c433ef6,1373618001487
5,Bug-a8030052-8f6e-4649-9e3f-16138de8ee59,1394528454660
1,Bug-66fbf153-362d-4ab6-ba36-347871bddb44,1389827817006
0,Bug-c7aa819e-8edd-43d1-bcec-1440e1f95afa,1363068833877
0,Bug-f1fddfd9-bcfb-4c01-9ae3-41b7a84417d4,1390497995126
2,Bug-01f90753-d8b6-454a-8248-79d435c36933,1388995385419
2,Bug-deb7af81-7db2-44e7-bb4d-0cdfd70ddf75,1363072362297
0,Bug-d79cbdeb-e10e-4b11-a63d-b33167989525,1367012966148
2,Bug-2956e736-f489-4415-aa4a-bdb908f6c40c,1386840823412
5,Bug-c14142f6-629a-4500-8dfd-336d0436c5da,1387356485414
0,Bug-d7102c69-7180-496c-b8a7-a0da88cb3206,1300317963605
0,Bug-d847b152-638a-42e3-867b-2c2110f5c270,1391595338809
5,Bug-a23999c9-ef66-4735-83a7-7c577a4c0a86,1390422605729
5,Bug-fa6b589f-29a5-49a4-ba5d-c6ff15c51046,1276856819177
0,Bug-1fc8355e-c86c-4c87-b141-756f9aab5b63,1384940913739
0,Bug-5b6dd6f7-61ff-45b8-96d2-ea60bf835a7c,1300663377679
0,Bug-d96966bd-d8f0-4a83-9099-82159f4f6a3d,1386585695399
5,Bug-25b57017-2443-4ce0-aa8d-23b71d070154,1364411973367
0,Bug-a17caa90-c5be-40ad-9636-23465ca5bc6a,1384337594669
0,Bug-6f113c9c-e0e1-4720-8598-bad30841f292,1246539851501
0,Bug-a5ef1dfa-4657-472a-874e-e60364f87425,1358763142863
0,Bug-d95d8cee-9fae-4c2b-a97d-d2d6011d8fdb,1364479673348
2,Bug-2715865c-5cc6-493b-a2f4-eb7ce57e0810,1355476573506
0,Bug-30eeb974-f997-4886-9ae1-9370a1307d8f,1378390938369
0,Bug-46775cc8-02f6-4eb2-b8d3-2e4fe3a9e4b7,1390424440678
4,Bug-cf30695e-bce7-423f-9a96-9b6cc6cddd6a,1383638999013
0,Bug-88653a13-ee2d-4d99-a9c3-8dc7c7ed9777,1389354012420
0,Bug-8ce4fce6-e897-41e3-b565-4e14d2803c1f,1385643578220
0,Bug-a1195122-21f3-4f80-8ac2-5593d2c32973,1395759738243
0,Bug-2fc2e7f3-5b72-43e4-9d50-b8c49d2e71a8,1256848354216
0,Bug-d00dc09c-e1c9-4883-9a7f-48427c0c1733,1321445555640
0,Bug-f545f963-8f93-4e42-9563-3b8254641b0e,1380007655125
5,Bug-0bf64d6f-272a-4315-9e8e-0db1e172809d,1300453948717
0,Bug-66c62969-c3d4-43f3-953b-48a2ea6037a5,1377380680477
1,Bug-31a7444a-3d75-4ff2-92d2-aa004c9e4775,1389189075263
0,Bug-945ee71c-7500-4a53-9971-944d0ccb22ac,1382617833983
2,Bug-55a5fa1c-f52c-4a92-802f-a26e43031c59,1395775955022
2,Bug-bc6d22f8-13ea-4618-9ebd-ef48d3f891f1,1391608066491
3,Bug-e726eeb8-b8fe-4cab-a8c2-bcb50f4aa398,1364102771097
0,Bug-912cc38b-8554-4409-bd83-bffc33102213,1383576516440
0,Bug-75b37b1a-1796-4753-bb4a-44c1f3cc6864,1316719600503
1,Bug-07f61ca4-edc0-449c-b654-823505604f1e,1385732987932
1,Bug-92b2af7b-5dd3-4044-8644-5f20400881f0,1392820491967
0,Bug-26a6e9d3-5d94-4322-a337-71f4701e0242,1374680162433
0,Bug-f386fcfa-0c0e-40a7-8580-7c5b67ae12d7,1395927457087
4,Bug-b305ece9-f720-4b52-a0b7-3166d30a21e3,1222450257502
0,Bug-f6efefe0-99a2-43dc-922a-e7236b03eb95,1374397580598
0,Bug-3b0421af-8358-4596-81b9-65df8f0018be,1369849166182
0,Bug-fad9eaaf-9c2a-4b57-8f10-1467c94a2447,1387961983121
1,Bug-50dfbe85-d995-489c-8ff0-9218144cd690,1335234415446
0,Bug-3cedb2a2-79cc-4d17-8ca5-e1255b872973,1352986423504
3,Bug-f2d740fe-71a0-43af-84f5-f7e26478ba38,1390410199952
5,Bug-a36ae0bb-c8fe-4160-9d7c-c6b7ec09a09f,1363881211062
1,Bug-ede95c68-7938-45d6-89cf-81bd6dd960f6,1350386579871
0,Bug-0fd03ec3-f588-4bca-8c55-658c4184d3a3,1224063615725
5,Bug-6618e6f2-821e-43ce-9328-2706a4ceb442,1322051394933
0,Bug-593dfad5-63c1-4440-9ea2-3379fac9e0c9,1371982987083
0,Bug-dcc3128c-554d-476b-9d0a-cb54ba488a5a,1386531774214
0,Bug-2c92999b-c466-431c-8ad6-23e2260e5ef1,1372427790037
0,Bug-b6fad838-cbb9-4cad-9055-e3264faab115,1321527997561
0,Bug-d384f869-6565-4f67-8466-b84fcc046c9e,1386839861918
3,Bug-ef77a935-aec8-4d53-9974-4179524a9713,1378933929072
0,Bug-5d1281d7-768d-4995-98d6-64eef3a75f66,1410877803833
0,Bug-5896a8e3-7985-4f62-a130-8445ecff7955,1394180318903
0,Bug-6866dc57-98ed-4f2b-a1b1-74d172d34225,1291215709620
0,Bug-f6a0fa99-66cf-48dd-9ff5-3027f3d2a2b1,1383918514304
1,Bug-f2e274fe-665e-44b2-a6fc-441f8428209f,1364895872318
2,Bug-1f918ff6-307a-446f-a89d-31af29e7cca1,1360048268028
5,Bug-ab04e660-bdae-4556-9b42-c268e1b9ba75,1337110722038
0,Bug-29019fed-2257-473d-aacf-74c464a62dc0,1394180524630
3,Bug-792243c4-f186-4a20-9c51-ace445f34ce2,1307418599896
3,Bug-d4eab63b-6a6b-4757-a5ab-eebe41922c3d,1390920805668
1,Bug-4adc8864-23b1-4d20-93af-cebd248004f7,1404988401152
3,Bug-7ba2147c-0a69-43ab-a57a-df4b55e79788,1392709062677
1,Bug-caa36bc5-8db3-40e8-b265-cbb0184b3617,1353611700571
0,Bug-d85a5611-cdc7-44c7-8de4-181350b36947,1380390370473
1,Bug-0f6c5a28-08fa-4419-ae08-fec0003d2b22,1224063270892
0,Bug-7138b4b8-1ff4-436b-a8ee-032456431838,1406015809834
1,Bug-6b9bef23-a048-4f36-a864-56167a8fe1eb,1361367053236
0,Bug-49a0e6e8-9437-409c-8fa3-9c0f650e0140,1362522493331
0,Bug-b4105f24-8844-489f-9bd6-45348fef15b2,1395751806119
2,Bug-f3235ed7-ea99-406c-a154-69cf0e2de237,1392914374335
5,Bug-1d0d3739-548a-4ecc-ac6a-7856119f593e,1384861142800
0,Bug-c707016f-2af6-4c51-a5a8-05ba135fc89d,1311606469563
0,Bug-18b699eb-00b7-4590-a775-ea9b1a0ddede,1363859946161
5,Bug-ac8bac45-e775-4d8e-a372-45f850d4fe26,1409621503667
0,Bug-7dd04673-e24f-4daa-8a93-56ae596b16e9,1381415666299
0,Bug-1b1a0931-2d47-485b-9c15-11550ac8a022,1380110797543
3,Bug-58e1bf3c-3af8-440d-8b9b-2252e41c71e4,1391272177774
0,Bug-def03fba-ed3e-4ae3-9f0d-0b5260b89e75,1405690896580
1,Bug-b88b7b97-614d-4878-9b0f-1f0f26b7a8d8,1409070187978
0,Bug-fe8eda8e-134f-437d-8846-f09bfee5fa39,1294378573222
0,Bug-066f15b2-7d78-426c-a762-90504ff065c8,1406526299627
5,Bug-4b07ced6-7acd-47fa-aa4a-b772227e4dfb,1313424430021
0,Bug-67337d17-6220-4b60-aff3-2fbbe31e1c9b,1388849401034
0,Bug-aabc3e36-b531-41bb-80c5-d0d5ec678a54,1390424240817
0,Bug-2f302885-4cb0-485a-8dd2-414cc39ab20e,1395749558200
0,Bug-2e863db8-a735-44fa-a513-074909265538,1410373511439
3,Bug-bee1260c-3bb1-42c6-9fec-1374a3f3f0d1,1393423333395
4,Bug-21925b90-0680-4f9e-9099-0c0b9b33eac3,1387376809015
0,Bug-04a0a50d-a997-4711-9f2b-b1ce30cdea79,1380287473411
0,Bug-f909dad9-445d-49ef-9b2b-eac1b3894bfa,1358336859632
0,Bug-53f7d9cb-4808-4654-8a02-f2c199105910,1382621082613
0,Bug-a5a714b0-2c9a-4f56-9dcf-f224468200af,1349424389479
0,Bug-4d9104fb-9bcc-4f72-a231-39b06060789a,1374156637875
0,Bug-7aa97e66-ac59-497f-841c-c21236c6a622,1351758460640
0,Bug-d0605c06-6f54-49b6-b938-930d68f95798,1360046942535
5,Bug-195d3da5-9853-491e-b0a0-c9cdf07ad66c,1330242846373
0,Bug-ef122d3d-3422-4381-8393-d1588ee6275a,1380275982567
0,Bug-299c6780-ee57-414f-8886-e2c454c80986,1393433985309
5,Bug-069a3c8c-2054-4764-bdb1-79153936bc62,1406017317268
0,Bug-1b88479e-ec75-4c58-8000-585d269c2f7e,1378947192461
5,Bug-2074d0d8-1aa8-4675-9054-5a011728ad10,1398360866319
0,Bug-028ac00f-0f90-427d-923d-d9bfa59491a0,1365064906804
0,Bug-10f90a16-1df1-45b6-ad8d-7f5dca004f80,1348368474989
5,Bug-34551483-f4f7-4036-b616-960df8cc5fd5,1386133559672
4,Bug-5d33abee-4007-4c1a-8078-29c5ab54057c,1381480778764
5,Bug-225d09fb-f2e9-4f9a-a5c2-0b92776ed2fb,1396528952184
0,Bug-f6ed4d53-55e7-4ce2-9f24-8c98146af8ce,1381517443698
0,Bug-c197ef99-8e38-481f-8ace-f3339b43a59a,1384171622100
0,Bug-e690fa2c-18e4-4f78-aa56-a9bb3aa7a7c2,1314784959968
4,Bug-6ece4779-83ff-47b1-b2f6-c54a3322dea6,1385978375896
3,Bug-fcc6d13f-9d28-422f-86ed-351e627c4e6b,1365654008124
0,Bug-b0dd80c2-761b-4086-992b-10efa134ee14,1350002163299
2,Bug-534c96eb-8a68-43c6-8e81-298ad6cf9469,1407333652000
4,Bug-b7537778-7897-47ad-a8fc-30ec2a0b5943,1398359492114
2,Bug-a5f021f2-1b2c-4992-ac31-65fbdfb0fb05,1365678576735
0,Bug-7c02c0cd-316c-4b96-9c76-14af0a9a15de,1393430209646
0,Bug-76bf0736-8a9c-431c-91e3-c440ebd9058e,1394705908871
0,Bug-e867eebc-239a-4e80-ad3a-c71d96744c86,1409841092255
0,Bug-4426f5ae-0595-4b80-ba16-f8fbd1e4e7e3,1329690273224
0,Bug-f292231d-7d04-4e37-8f67-a51a266674de,1394695079627
0,Bug-18159feb-b382-48bf-8832-adc2f7ef01ce,1382619949034
2,Bug-88a94a95-bef2-4d35-822b-6981b635f74b,1392060821963
4,Bug-7dcec49f-6c62-43bd-bd45-3e3b068f8650,1389354190840
4,Bug-4d948835-317d-4c89-ae6e-c792ca27cff2,1369727482090
1,Bug-ee954b1d-2e72-4782-9e26-90629934aa86,1363880030699
0,Bug-6cb76f46-82f8-4e93-9571-d6a96d3602c3,1373982575210
0,Bug-b5de71b7-9a6a-4d2c-8a19-54c9309ac221,1342047798886
1,Bug-5dbc1a03-bed5-4848-a1e3-919bb5785838,1367841864821
0,Bug-e85b2f27-6471-4e3b-83ab-842a88418748,1352849026113
0,Bug-aa971dea-2c42-4bb0-833a-85f33fe15298,1297955678812
3,Bug-a43612ae-882d-4df8-9638-e38207b6ac1f,1366746239360
3,Bug-7e6b6541-48b6-43ec-8400-fa8b490faa2d,1246995137094
0,Bug-52a5736c-3ddf-42a4-91ce-45e413c77de2,1390424709241
0,Bug-658f0c9a-e3b0-4de0-813e-cb4b865fcab1,1251296423834
0,Bug-7276fde0-c7ad-48f1-8667-8ae85009278a,1389344900167
3,Bug-9b437a3c-72d8-4123-80eb-9db3204c6cfd,1402641486929
0,Bug-b9819958-0238-48ad-a226-29e0bc717bd9,1401872500874
4,Bug-9456179a-d1f2-4f5f-ba2b-95713a374f2f,1384508337405
0,Bug-172d1e6a-7413-44f4-b00a-b28bcc030c24,1348781577909
1,Bug-7b0cec10-eb8b-4e55-97b2-bbf981bc5d29,1321436843075
3,Bug-0497054e-2a8e-42ea-ad42-decd9abbfac7,1403613522749
0,Bug-dd156c80-10f3-4a8a-8128-735643d25c03,1380637928196
2,Bug-ed48d19f-c2b1-43c4-8446-92fa02e0219d,1394975752233
3,Bug-7ab05291-7869-400f-8faf-5829e0444403,1397395548754
0,Bug-89d53210-bd74-4be9-8611-10cfc572d82f,1311069491462
0,Bug-eb6fe05d-bc36-41fb-ace4-4b339c8e826e,1384935558393
3,Bug-e7a8ce14-790d-4fa2-a4c2-f01b9412a78b,1326994532022
3,Bug-3fc414e8-a837-4ca0-a36a-9d0fb3878ebe,1332351081002
0,Bug-0b58ba4f-540e-4910-a056-47d305a8fdf1,1370874950247
3,Bug-22b3f9ba-414f-4271-99c2-b4e105eeff38,1393572750205
2,Bug-f721de84-ec85-42ed-98e0-2e25cc7798ab,1398365855993
3,Bug-b5efe03c-7b6d-4ade-a762-a2964f8268ee,1406616156418
0,Bug-4bcaadff-df40-412d-baf0-fe770a571235,1343952257732
4,Bug-59e1321c-6c14-48c5-a410-dbdaae07741c,1311236259352
5,Bug-2960ddb1-48b4-440a-a040-06167a7148cb,1337110428259
0,Bug-252baebb-62d6-4afc-bb09-becbcedae3d5,1374744639982
3,Bug-b14e5ead-1dfa-47b8-b9e2-8a030a6b9b26,1409154766658
0,Bug-6062adcd-c066-47ef-813f-7fb57d506ed4,1323807005553
5,Bug-1283a8ad-f0c0-4228-bd54-2a8ce5858d4a,1401110202124
1,Bug-9de23f72-525f-4cef-9a78-f9097cdd5e20,1384902400722
2,Bug-811f4cfa-063a-46cd-9768-3e6779384151,1381645865495
0,Bug-04e6f2cc-eb6b-4cdb-ac2e-d7283248f949,1360653669450
5,Bug-d16416f1-4187-4be5-a46f-9b5b64935106,1379539902497
3,Bug-0c7a2c4a-fc07-4a5e-a42d-57c4cde23e47,1395858155762
0,Bug-6e1de953-ab6f-4804-a69e-b40e2e6a03e7,1353071478990
5,Bug-75d91d7e-ef19-48bb-b2ad-f7e45107be8d,1369861545431
3,Bug-ac01e3c3-75a9-466a-9b09-77fdf8c8126e,1408714789547
0,Bug-573fd542-39f0-4470-b31f-54b555e8e087,1296503686865
0,Bug-cd92c06d-dd4f-496c-8e87-58c291e10e98,1402672245851
1,Bug-916dc3ac-60f5-429c-9469-b7dab8b27d88,1328185804540
2,Bug-8aaef7c6-37ba-4679-8fdc-f2b3d4b04790,1402490267494
3,Bug-8000d9a0-5d8c-4743-a9e8-206f8172eda6,1371565558436
0,Bug-58ae02e9-27a0-48e8-9e44-76af6e65a5c2,1408896336827
2,Bug-5515eeb7-7a03-4deb-94c6-da7c8ceb37f8,1382985338444
1,Bug-87935ad7-fa60-493b-8f96-f5afe5b19bf1,1389003869615
1,Bug-3ba8aa96-6532-4cf1-879d-4dbe4b2e95ad,1321344467196
2,Bug-5d4281ae-63d3-4045-880c-58676ca240c1,1222294666567
0,Bug-b2bf6e01-9ee7-40bb-9b16-84538861d28f,1374738249297
0,Bug-f91175ee-a5aa-4b46-84bf-13b792f74ca7,1394120341546
0,Bug-3a985395-02cd-425c-bbff-ea8ddb763f03,1343329073503
2,Bug-c0842ec4-6796-4735-9a76-034644492802,1305718220056
0,Bug-c9367527-9569-4989-bc6b-fabf80fed1b3,1377182173999
5,Bug-bb88254b-8baa-4205-ab9d-bc069bdd69cd,1330202568848
4,Bug-c629dc87-1380-41f8-b988-8d1e37729a29,1354017903152
3,Bug-801d7d9e-1e48-4a01-ba8f-e494803e5890,1352985284152
1,Bug-7c0bad20-d40b-436f-afdf-1b1d0b33f2b7,1355419527954
0,Bug-a9e64858-d4ab-4674-bc5c-01bd1263e18a,1321433359332
3,Bug-1debe243-c98d-4479-a8a5-a4fb16dcca56,1405532435307
0,Bug-38339701-bc37-40ef-8812-9303b420a637,1397657339245
0,Bug-3f35088d-930b-477e-854f-ec37e56f288a,1385734971127
2,Bug-6e031c24-3cf9-478d-b3b6-55fb5783240d,1354146266078
0,Bug-8c848977-a8e2-44d1-b2b0-695903bcab6f,1409712090600
2,Bug-2c5db3fd-dd30-41f8-872b-5a8a11c67e59,1257084391534
3,Bug-1e59d755-6ca2-4e34-91c8-0690cac3b2d0,1379406211554
0,Bug-4f60e1c9-ae2f-4726-86d4-96f440e640a9,1406024596977
0,Bug-9e42290a-9518-40ac-9e48-04032dbef64d,1271930485400
0,Bug-f69ce9f9-b863-4caa-97fa-dd76bc79dbb2,1363397140114
0,Bug-b77b5669-ee55-47ad-828c-7605c74a8cc8,1390801791273
0,Bug-2602b19e-ea47-494b-9d87-1088758fd99c,1402577292134
3,Bug-b894f31f-a670-4f1a-b395-0ca568e48e78,1371549570501
0,Bug-980ff9fb-d867-4485-9b91-9c42909eef41,1386839606043
0,Bug-2afbbb02-0252-4dd0-8228-1f095d4dc2ec,1405436095790
5,Bug-afc16ea8-2501-4da2-af32-5574fc454279,1315257555205
2,Bug-b78d569c-4a8f-45b3-8d88-5db08c944510,1396707611324
4,Bug-07a903c1-28e6-4298-8e5b-93866291421b,1334842095909
1,Bug-5868c73b-0b58-4577-8ffe-8c9376d795e2,1408621841567
0,Bug-f7bc720e-a871-47fd-96cd-efea06261f89,1374106920237
0,Bug-7fccaac1-fb6b-4090-ac94-276a799c6ac4,1384092886095
0,Bug-9a718fcd-9559-4eed-bf0c-aa3c5a494e5b,1384158432620
1,Bug-254d7682-fb1f-47dd-ae24-dfb7ce87b275,1384530765158
0,Bug-03e1e9d7-2f85-4e03-b445-f1844b114fba,1401223545994
5,Bug-31cd601a-093f-4764-91f0-267f2623f7ef,1386325865966
1,Bug-bd05d909-eb06-44ab-88fc-a961c5c8c27f,1390411437839
5,Bug-c4a44f96-7c5c-4491-a9ce-13156eb7c44b,1317211670366
3,Bug-e310ea5a-6e62-4b26-89f7-711fa75cff40,1387554051456
0,Bug-ce46e814-3538-4595-b26e-bbf8f470e2e8,1394451550375
3,Bug-242eef04-4c43-4bdc-ab3e-c035758b2190,1242037616005
0,Bug-6ed6dcb9-b302-4e76-8e83-43002a79f545,1388679446165
0,Bug-bb0aaa46-10c4-4096-90a9-e423e1654fff,1294568509445
2,Bug-c33ff08c-54e1-46f1-b622-86100ec0e4cd,1378136949657
2,Bug-8c82365c-74bf-47d4-91e2-d493af31e1ca,1406701855219
3,Bug-c484c643-0676-4490-87aa-70d61c843052,1373297810091
0,Bug-2a367f45-fd9c-44b8-afe4-665d6f4fd331,1334323394974
3,Bug-adf73ba7-6fcc-4b7e-836b-79bb3a2f23c8,1351315857004
2,Bug-38ac417e-9acc-4309-a2e9-72db7ef2bbd5,1394362494651
0,Bug-d8191226-eaad-4068-b230-f27f82967fee,1355240606313
1,Bug-94bdb359-df8e-488f-a3bf-8c2070e1c538,1389812276377
5,Bug-35555788-7140-478e-bb03-91551137c043,1386840486776
4,Bug-f00f848a-98eb-4503-a5b8-30d15055ac8b,1306394638343
5,Bug-a3fdef36-68fd-40e4-beec-e1ec2afeef78,1397404367776
2,Bug-97fe3651-ef70-4e6b-ade9-9546199ace7d,1389968239629
0,Bug-9daea34b-c05c-45c8-ab13-38f81aaba69a,1337671714347
1,Bug-7e607a0e-213c-4198-ba3f-3273652becf5,1409135446574
4,Bug-ea9ad0bd-69c6-4bd8-a61f-f7558a197636,1409140296881
1,Bug-a3ae1a6e-74ff-46cf-add9-5ded7f2334fe,1358216882915
4,Bug-7266b11f-8084-458d-96ac-b6301545445d,1279530149504
0,Bug-c4635511-1ecf-499b-8218-6b35d7a9715e,1402666407011
0,Bug-c317640d-4bf8-4f73-aba1-dd117873e5f1,1383648957781
3,Bug-9adf1d21-38a3-47d2-9bf7-ac3085691298,1389764867958
3,Bug-ca90ae16-afe4-44fb-8bc5-6c65cd27852e,1379870565318
0,Bug-b82a69eb-f63b-4823-970a-0b395a7e42e6,1355402491940
2,Bug-da2fc856-9622-4a0d-8381-a6e153b8ebd3,1256632328613
0,Bug-b7373be9-86f8-4bf4-9b6b-b72af4000cd3,1364711441214
0,Bug-fa16f60d-c7f9-4188-9cc0-28fc40738a54,1362527051102
1,Bug-8d1078a7-f1ff-4cab-bcfc-fd4956423036,1303229403846
5,Bug-349dac43-0779-49bb-8bfe-f2850574df28,1251440764368
3,Bug-30dd9f1a-3af7-4e98-8676-6e6a999ad494,1405940379228
3,Bug-7b95b15a-f6d2-4af2-afc3-56e498427caa,1333433840344
1,Bug-7f96dde8-2dfb-4c0e-a8f1-f85a4c64e75f,1323469838197
1,Bug-48a746ea-e24a-42b2-b69e-2e75a3aa647b,1393790747918
0,Bug-f7a6f2f6-2e5b-44da-834f-f3cfc03d2e54,1385118232300
0,Bug-9623ceca-c6eb-44ab-958c-2b4ee56c2da0,1340290035381
0,Bug-29b48b9e-bc85-4450-8ce5-85f5a1f326f6,1385382353203
0,Bug-53e64d8c-fed6-49de-9b9f-a65a6e295bfb,1389815146705
3,Bug-07a48e15-b55f-44b2-a7ee-98953df2265d,1382741069003
0,Bug-56dadebb-c198-409d-b985-9f82cacdb9b3,1407219387484
3,Bug-568bf9af-944b-4427-9a05-0008b36c9ed7,1386358250744
1,Bug-9ef686c4-6b4a-412a-b812-7afbef666cd4,1387353948836
0,Bug-4af75b70-fde2-47e9-b6d8-ca336da24e57,1350478642007
0,Bug-fccb4283-1df8-4a61-b4f5-7fb4c5fb1318,1390424884771
1,Bug-860699a6-8593-483b-89c3-bf3aca337cbb,1391609887906
0,Bug-461f66df-44c2-43a5-a5a5-525f4085ec8d,1381565312814
0,Bug-2dbc371e-5951-4c4f-83a8-ee16ae6e0381,1391264368689
0,Bug-9c58c7f5-9aff-4dd8-90d6-15d36e4bbe3c,1338390565130
3,Bug-0bfa2f07-eee6-4275-9f0e-8e713a609b61,1221218445778
0,Bug-1c7e8037-5af6-4076-951f-2872e1cb81ce,1363729708729
0,Bug-1ba2f493-aaff-4bd9-86fe-b0b63c5767ab,1322163452686
0,Bug-756a91d8-16f5-43af-b580-16c2432661f5,1377849561135
3,Bug-ee8e6b5d-10be-4aa5-be64-1137fd0bd100,1408541499388
3,Bug-49232180-4a84-4c2b-9b04-ffe7db52c806,1406321743018
0,Bug-d9eec34a-510c-4f20-a223-512fbc84e078,1402793094210
0,Bug-5dc711c6-2290-40a8-8a87-8837d2143c44,1322489312669
0,Bug-9a47784b-aab6-4651-a52b-1c5bdbc17fd7,1397274341836
0,Bug-fa618127-f2be-4f22-b3d4-33adcf093e42,1311174335477
0,Bug-70bd59e9-8d40-451c-9e79-a308030c54ea,1364939102218
0,Bug-716b6fa7-fae1-4c43-b6c9-b35bb739317c,1387538132045
5,Bug-6c2722d3-7c2c-4d1a-8ed5-d5562a37df03,1362520742422
0,Bug-5344c044-d99e-43cf-9735-1b2a5cc055ec,1357253869976
1,Bug-7ba635fe-a12e-412d-a39a-75500f61c069,1396937687142
0,Bug-6e23ba57-76c9-4f66-b5df-7ea4c108d15f,1405407982756
1,Bug-7959839d-c069-47d3-969f-df758768da1f,1387349233419
5,Bug-46af50eb-c428-4f5a-a794-0fe11357db0c,1375431335798
3,Bug-ee178b74-aa27-4574-b1ae-5d7def6acf68,1385677016080
5,Bug-8af69663-1fb7-42ef-af90-0a604e556a96,1409043065887
3,Bug-975f0901-66ac-47c8-bc85-1a50a3c7a03c,1385038674510
5,Bug-f4bb817b-4ab4-44ac-82f4-316ef229ad4a,1405953287363
3,Bug-7e758d83-cd35-4831-8066-9f076a4193d0,1352984867426
0,Bug-96159001-d922-46b9-9ac2-0bf282b116a1,1380287611065
0,Bug-ddab5201-d198-431e-9509-99ea082e0c1f,1348756144481
1,Bug-fc777758-05fb-4216-b2b3-3460ef2281b8,1405695010258
0,Bug-b031ee4a-46d0-4d51-9ef3-1d8d359f022d,1395854629177
0,Bug-c6fe3383-7a15-4171-b268-99a2783f1e3f,1402522166088
1,Bug-178f1f49-b974-4cb0-af69-dbbedf1115f5,1364466223606
1,Bug-d8d1ddd7-406e-485c-a968-9268e6526ee4,1382955102272
0,Bug-055c46af-6fc3-479e-96ee-9004a3586945,1383425577562
0,Bug-b842e1c3-5fd9-48f7-996b-d78da8218759,1407213997086
0,Bug-1e489a08-a9a7-45e6-9c95-7ae30c366e8a,1369056578845
0,Bug-c7e5d7fc-4353-4484-baf4-393135fd4bc8,1204121371791
0,Bug-9301b0a4-cfd9-4fd8-9c8d-7961875793e9,1317845867768
0,Bug-bf83c6a8-a2d9-4067-b6d6-a73a6c70daf4,1387622290810
0,Bug-9efbed44-f76b-44c2-b932-a43397bf855c,1392984841256
3,Bug-da948331-3258-411d-97f6-e4a6adc8014b,1353056962517
0,Bug-00d33e50-db68-49ba-a6a8-90d2968c349c,1367833603565
0,Bug-d7695d4b-a8d2-442e-bb0a-25753546c5af,1281002478149
0,Bug-17aef50b-026f-44d1-8295-045280ed4bee,1290188514822
3,Bug-b17ac852-a88c-44bd-9047-e961d631dec8,1389967924500
3,Bug-53dcb092-4044-48cf-ba7a-55b015f6b107,1390408907605
0,Bug-85676adc-993f-4af9-ac8b-fe713bebc806,1345820810462
4,Bug-d90923be-c3ad-4850-ab4a-f5dbc21fe36c,1404569723464
0,Bug-dfb41f46-a427-41ef-9d48-804f00046ae5,1407512044897
5,Bug-42e1d626-c8c3-4a44-a5db-1eceb1eab5ad,1355159100910
5,Bug-10c429e6-e654-4978-8150-0711a726ded2,1377158890677
0,Bug-491434d4-6d3a-458f-9b4b-edfcab491f95,1364594541234
0,Bug-6faf9d47-9642-492a-8981-36e891e8054a,1359442237123
0,Bug-0d01aa1f-2928-46fc-a0d5-18c48fdc7df2,1389374865950
0,Bug-a81c6edb-bcdb-4669-ac6b-b9c4956398fe,1190063821377
0,Bug-eb27948c-0f76-45a7-8529-8fddabbc242f,1376898446231
0,Bug-d6c54dc3-bf0e-433e-b406-f52aa1fb25ff,1361362115137
0,Bug-e35caee3-f11a-4fde-af39-f3f74e2d12ba,1407237668328
3,Bug-eb12b3f1-acb0-411a-afe6-97d752337162,1361052990824
0,Bug-72dc17c4-51a9-48ca-88c8-1a8f48d1822c,1385467089590
1,Bug-5e3b660d-de36-4f56-876a-65e6b444a767,1380390107574
0,Bug-712b3144-c154-4c6a-9288-cf885bae1273,1382907037845
0,Bug-43e07759-edf2-47c3-92c0-b2d9e100b8dd,1277469854355
0,Bug-3e4819f0-aeba-402e-8fe3-6e5c16ef72a6,1389790179381
0,Bug-6176773c-8aeb-436f-8b6c-7e4fa76598e3,1376640307554
2,Bug-667594d6-065a-47ed-8698-ddba72bcf897,1375272982143
0,Bug-5a0fd11b-bef1-47d0-baa6-1fa5fc8a44d7,1405501726335
0,Bug-a1618fc8-9b27-4c01-968f-e775aaabe00f,1409336859872
1,Bug-7360c20f-6c1c-4e7e-a84f-ccdc65226b79,1321437447942
3,Bug-cc3806b1-a43b-472c-8105-5ec2ef1c9014,1321457078525
3,Bug-455f2b93-c61f-44a9-9754-521e9f4a321e,1359362116186
0,Bug-7b180267-7b11-4757-9885-03e2334afabf,1398371065593
0,Bug-d3ffe00f-d6b3-448e-8217-8db11e9a0aed,1375449401900
2,Bug-fdd9c9ea-d1a0-4c48-a9bb-d3ee49660b5b,1405623291617
5,Bug-958e61ca-fc1a-4028-8b38-dc3d2a73dae6,1395239765354
0,Bug-7a9d2183-9133-45d7-ab66-197053ae4998,1380560031910
0,Bug-89615a19-0364-4cee-a4ff-1e0f5aea0426,1378051316243
0,Bug-1482b1c8-768f-4bca-b997-227324f56a62,1399985142995
5,Bug-5dd7e6be-b624-48ba-99f6-92571ccdda47,1382391928866
3,Bug-87034609-d2e5-45f2-b3b5-ac197cbc20e1,1275583360304
0,Bug-d8bc88b0-fa68-4cc9-b0df-ee3f75f83f14,1393853567473
5,Bug-728e4f4f-c87e-4bac-963e-e3f5104571df,1406044187143
5,Bug-bc67ab35-ee2f-4cfc-9317-9fc7189412a9,1365699794019
3,Bug-36dd7559-2cc6-4d1a-87e4-86bb41a30436,1277223498200
2,Bug-502b0c36-75d0-4876-9634-710d457e32ea,1326448620167
1,Bug-fa71b036-3a55-46f0-8b47-58db49c6c7db,1364510833565
5,Bug-fe864416-647b-4515-bc17-b794b2362bfc,1359101477977
0,Bug-3c827c59-9bc6-4f1d-a332-5964a4527743,1389809829031
0,Bug-3abc1d53-cb6b-4765-aa02-ca91ba665e19,1373025836705
5,Bug-a55d041d-de1c-4cda-9e58-bd2766207f7d,1386155504015
1,Bug-bfa05e11-23f7-43d7-8229-2cb8abdcb1a9,1389812159929
0,Bug-c23e99cf-5846-465c-beb7-ef30bb04d7db,1223876967922
0,Bug-feca7bfe-6a15-4b93-9c4e-ea7240c56313,1383302399592
0,Bug-a6d76ca8-7b79-431b-b597-ac46baff99ac,1406711969226
0,Bug-b1782eda-3950-450d-bb3d-5e7d0f5ce736,1340176109483
3,Bug-1b6f0055-f65d-4c65-8569-fd6ef618ea2e,1393575836534
0,Bug-1f5d684d-b342-423a-a707-7e81e5cc0f4c,1364304253394
1,Bug-f555837c-b335-4ca1-83c4-4586edccea06,1360761767032
1,Bug-2524f3f6-a03d-4fa0-9852-67f0aa8bab65,1380614549788
0,Bug-4423b08b-788c-47a8-94d3-1480bd586cca,1368809866687
0,Bug-e47aeec7-4773-4ae9-87cc-7369f07da3d4,1377177036251
3,Bug-d29e4b3d-c3b9-42b9-beb4-b724ce4f170b,1407222757903
2,Bug-dd2d7af9-98bd-412d-ac2f-d913d69d930a,1331571711360
1,Bug-02dd470f-2f18-49a0-86b7-35fef8704ee0,1397575273609
1,Bug-e794d124-1e96-4ff7-91a1-64c2c5f939d7,1405679081310
3,Bug-dd142ace-e298-4e5c-bb28-ebcf96ab110d,1394287273341
0,Bug-4d61f487-2816-4304-b9ed-a4be1f0277ea,1378471871866
0,Bug-e1f69f94-aa43-44e0-8c06-d48d29641bce,1396959648525
4,Bug-3b22e498-849f-41e7-84fd-566a150d9c78,1272360455475
0,Bug-f9c69518-1c9f-493d-bc31-10c69bb7133e,1329840428918
0,Bug-3bf5846a-fa72-4846-9146-7aadd9a516ad,1409142490026
5,Bug-56bf6500-85ac-4adc-94c3-9dbc6869422c,1331671095984
5,Bug-600601aa-a66c-4659-8d9d-39afdfb0498c,1300317089638
3,Bug-85504934-6b14-402c-8565-8664c30d6a71,1400265559067
0,Bug-7b09223f-6628-4701-9aa7-5553886a5c44,1405425637223
5,Bug-c335a1fa-2cfc-4ad1-a0cd-eee908a517d5,1378454871101
4,Bug-9845af9c-f7e5-4e0b-b70f-06747071ad78,1378044952969
0,Bug-3c11c03c-9644-44cd-9023-6cf4e5f03f73,1294780304415
4,Bug-94c9b858-f6b3-4bd9-a743-ec894b1e6f32,1397395683639
3,Bug-15e04bc5-175b-4f74-a74a-16b6b9528395,1377452687276
0,Bug-42af680a-f691-4212-b415-d22671c9f6c8,1409651831684
3,Bug-05bb7e0d-841b-4189-ab31-2e1228774a1f,1391790272387
0,Bug-f299362f-026d-4142-a21f-8b0755a8d147,1405341345904
4,Bug-869fbc38-11b0-443b-95f1-962c29315bab,1396187906778
0,Bug-27c2884b-c7cc-4f96-ad1b-d67a545012e5,1313589111289
3,Bug-9503f31b-b3fe-491f-b93f-210433496dc5,1376209062825
0,Bug-e5735dff-d961-495d-a2bf-836e5cec9bb3,1358815199323
1,Bug-6e543d27-e112-4670-8195-a2165b7465b6,1360893243659
0,Bug-3750bca5-f5ea-4e86-8684-2bf9df411912,1391790019440
0,Bug-9150d56c-1e37-4e01-879d-50de4a50e529,1368821703114
0,Bug-c2478fbd-1d23-4886-986d-383a99c4e643,1375449621637
3,Bug-6939c6a9-0417-453d-88af-8b79079548d5,1391671193206
5,Bug-9fb00ae0-bc82-4062-b91a-20c38b319441,1312895031412
0,Bug-d85241b9-2bcb-4ac1-a4ea-9c34cfc949bb,1410261715041
0,Bug-eccd7b8b-e26f-47aa-b765-9194af45abd7,1381480398730
0,Bug-7268b306-a55d-4a3e-8cd9-0a965f7260ca,1393552412769
0,Bug-b5be4c6e-f7ad-4055-b350-761e7f3e16e8,1319106519663
1,Bug-2e284b3e-2bd4-4d32-91e8-1b3bd04bca2a,1351990061188
3,Bug-fe71b751-f20f-454d-92a7-dbcbab61441a,1406013228057
0,Bug-1f5327af-fdbe-4730-8f99-c094fbafcb5e,1351256163976
2,Bug-6d70e7c7-0089-4a79-8d73-b2ba5f6c58c6,1381960821213
0,Bug-a79cc59f-d4ad-41fb-b0d4-3175fbc9e5d6,1364121958242
1,Bug-f7a5c280-8eaf-4a30-a83c-2511daee8e03,1380617002740
0,Bug-ef62beeb-fe6c-4e59-8d0b-6cd77fb1a855,1294847073162
0,Bug-ceccdc53-8963-499e-ada8-be111b6badeb,1374845293783
0,Bug-0a2de78d-a119-40b2-b696-6451a2ef74c8,1386156028720
3,Bug-78634515-c0a3-44d7-afc6-f14bf80f9c9e,1371409574986
