1,0.111111,0.333333,0.111111,0.222222,0.111111,0.111111
2,0.0909091,0.0909091,0.0909091,0.545455,0.0909091,0.0909091
3,0.0727273,0.2,0.1,0.272727,0.236364,0.118182
4,0.107407,0.0555556,0.166667,0.511111,0.114815,0.0444444
5,0.111111,0.142857,0.111111,0.31746,0.190476,0.126984
6,0.186441,0.0508475,0.0508475,0.59322,0.0677966,0.0508475
7,0.0272277,0.0693069,0.509901,0.190594,0.0519802,0.15099
8,0.1,0.1,0.1,0.5,0.1,0.1
9,0.307692,0.0384615,0.0384615,0.538462,0.0384615,0.0384615
10,0.0473588,0.0947177,0.506375,0.258652,0.0655738,0.0273224
11,0.0625,0.25,0.0625,0.5,0.0625,0.0625
12,0.133333,0.0666667,0.0666667,0.6,0.0666667,0.0666667
13,0.025,0.5,0.1,0.325,0.025,0.025
14,0.0108696,0.173913,0.228261,0.445652,0.0108696,0.130435
15,0.015873,0.136905,0.420635,0.188492,0.198413,0.0396825
16,0.1,0.2,0.1,0.4,0.1,0.1
17,0.104762,0.0285714,0.2,0.295238,0.361905,0.00952381
18,0.0285714,0.0285714,0.171429,0.542857,0.0285714,0.2
19,0.190476,0.047619,0.0952381,0.333333,0.047619,0.285714
20,0.2,0.5,0.05,0.15,0.05,0.05
21,0.473684,0.0263158,0.0789474,0.315789,0.0789474,0.0263158
22,0.0833333,0.0833333,0.166667,0.583333,0.0416667,0.0416667
23,0.0526316,0.578947,0.0526316,0.210526,0.0526316,0.0526316
24,0.04,0.64,0.04,0.08,0.04,0.16
25,0.0909091,0.181818,0.0909091,0.272727,0.0909091,0.272727
26,0.037037,0.555556,0.148148,0.185185,0.037037,0.037037
27,0.0163934,0.245902,0.393443,0.311475,0.0163934,0.0163934
28,0.140351,0.0175439,0.122807,0.561404,0.105263,0.0526316
29,0.00568182,0.181818,0.545455,0.113636,0.107955,0.0454545
30,0.00515464,0.283505,0.329897,0.185567,0.154639,0.0412371
31,0.0555556,0.111111,0.222222,0.166667,0.333333,0.111111
32,0.0784314,0.27451,0.0980392,0.313725,0.0196078,0.215686
33,0.0222222,0.133333,0.155556,0.555556,0.111111,0.0222222
34,0.0588235,0.0588235,0.529412,0.235294,0.0588235,0.0588235
35,0.2,0.1,0.1,0.3,0.1,0.2
36,0.142857,0.285714,0.142857,0.142857,0.142857,0.142857
37,0.115385,0.384615,0.0384615,0.384615,0.0384615,0.0384615
38,0.0366972,0.119266,0.088685,0.633028,0.0795107,0.0428135
39,0.00306748,0.558282,0.273006,0.0521472,0.107362,0.00613497
40,0.208791,0.131868,0.0879121,0.384615,0.010989,0.175824
41,0.0456989,0.0967742,0.094086,0.397849,0.25,0.115591
42,0.0126582,0.0379747,0.189873,0.43038,0.0126582,0.316456
43,0.142857,0.214286,0.107143,0.107143,0.392857,0.0357143
44,0.111111,0.111111,0.111111,0.444444,0.111111,0.111111
45,0.0545455,0.2,0.181818,0.309091,0.118182,0.136364
46,0.0070922,0.0496454,0.475177,0.141844,0.170213,0.156028
47,0.0769231,0.615385,0.0769231,0.0769231,0.0769231,0.0769231
48,0.0344828,0.275862,0.0344828,0.517241,0.0344828,0.103448
49,0.0588235,0.470588,0.0588235,0.294118,0.0588235,0.0588235
50,0.355556,0.155556,0.288889,0.0444444,0.0222222,0.133333
51,0.0909091,0.545455,0.0909091,0.0909091,0.0909091,0.0909091
52,0.358382,0.0924855,0.0635838,0.398844,0.0404624,0.0462428
53,0.122905,0.134078,0.206704,0.318436,0.201117,0.0167598
54,0.00900901,0.0900901,0.531532,0.108108,0.207207,0.0540541
55,0.25,0.291667,0.104167,0.104167,0.0833333,0.166667
56,0.333333,0.309524,0.119048,0.142857,0.0238095,0.0714286
57,0.223881,0.0447761,0.283582,0.253731,0.164179,0.0298507
58,0.0909091,0.0909091,0.272727,0.363636,0.0909091,0.0909091
59,0.202247,0.224719,0.247191,0.303371,0.011236,0.011236
60,0.109375,0.15625,0.171875,0.4375,0.03125,0.09375
61,0.0416667,0.0729167,0.583333,0.239583,0.0104167,0.0520833
62,0.0227273,0.318182,0.340909,0.159091,0.136364,0.0227273
63,0.0151515,0.287879,0.348485,0.166667,0.151515,0.030303
64,0.125,0.125,0.125,0.375,0.125,0.125
65,0.0416667,0.333333,0.0833333,0.3125,0.0833333,0.145833
66,0.190476,0.166667,0.309524,0.190476,0.0238095,0.119048
67,0.169811,0.0754717,0.0754717,0.396226,0.264151,0.0188679
68,0.0672547,0.0672547,0.0341786,0.179713,0.00661521,0.644983
69,0.0107527,0.0860215,0.0752688,0.655914,0.0107527,0.16129
70,0.0769231,0.0769231,0.0769231,0.461538,0.230769,0.0769231
71,0.0197368,0.111842,0.197368,0.322368,0.197368,0.151316
72,0.0416667,0.0833333,0.208333,0.375,0.25,0.0416667
73,0.216667,0.566667,0.0166667,0.0833333,0.0166667,0.1
74,0.0103093,0.0103093,0.0206186,0.639175,0.309278,0.0103093
75,0.0491803,0.0983607,0.0819672,0.737705,0.0163934,0.0163934
76,0.10084,0.252101,0.159664,0.319328,0.10084,0.0672269
77,0.344828,0.137931,0.0344828,0.413793,0.0344828,0.0344828
78,0.0078125,0.125,0.304688,0.375,0.0078125,0.179688
79,0.0263158,0.131579,0.105263,0.618421,0.0394737,0.0789474
80,0.030303,0.606061,0.030303,0.272727,0.030303,0.030303
81,0.142857,0.285714,0.142857,0.142857,0.142857,0.142857
82,0.0454545,0.454545,0.363636,0.0454545,0.0454545,0.0454545
83,0.0277778,0.305556,0.0277778,0.277778,0.0277778,0.333333
84,0.0232558,0.209302,0.534884,0.186047,0.0232558,0.0232558
85,0.125,0.375,0.125,0.125,0.125,0.125
86,0.337079,0.168539,0.11236,0.280899,0.0898876,0.011236
87,0.142857,0.285714,0.142857,0.142857,0.142857,0.142857
88,0.0526316,0.421053,0.0526316,0.263158,0.157895,0.0526316
89,0.0172414,0.0689655,0.327586,0.482759,0.0689655,0.0344828
90,0.0535714,0.178571,0.375,0.339286,0.0357143,0.0178571
91,0.0526316,0.210526,0.263158,0.157895,0.0263158,0.289474
92,0.343915,0.306878,0.10582,0.100529,0.00529101,0.137566
93,0.16,0.2,0.4,0.04,0.08,0.12
94,0.0555556,0.722222,0.0555556,0.0555556,0.0555556,0.0555556
95,0.272727,0.272727,0.0909091,0.181818,0.0909091,0.0909091
96,0.0875,0.1875,0.25,0.275,0.125,0.075
97,0.00666667,0.08,0.16,0.526667,0.02,0.206667
98,0.0227273,0.454545,0.136364,0.340909,0.0227273,0.0227273
99,0.0769231,0.615385,0.0769231,0.0769231,0.0769231,0.0769231
100,0.0322581,0.16129,0.354839,0.290323,0.0322581,0.129032
101,0.09375,0.03125,0.625,0.1875,0.03125,0.03125
102,0.0909091,0.363636,0.0454545,0.409091,0.0454545,0.0454545
103,0.00724638,0.376812,0.318841,0.166667,0.0507246,0.0797101
104,0.439024,0.0243902,0.0243902,0.463415,0.0243902,0.0243902
105,0.159091,0.318182,0.181818,0.204545,0.113636,0.0227273
106,0.0714286,0.5,0.214286,0.0714286,0.0714286,0.0714286
107,0.0169492,0.288136,0.0677966,0.440678,0.152542,0.0338983
108,0.1,0.5,0.1,0.1,0.1,0.1
109,0.0181818,0.109091,0.163636,0.509091,0.0727273,0.127273
110,0.111111,0.444444,0.111111,0.111111,0.111111,0.111111
111,0.0416667,0.0416667,0.0833333,0.708333,0.0416667,0.0833333
112,0.0714286,0.0357143,0.142857,0.642857,0.0714286,0.0357143
113,0.037037,0.555556,0.037037,0.296296,0.037037,0.037037
114,0.04,0.32,0.2,0.36,0.04,0.04
115,0.144444,0.355556,0.166667,0.177778,0.144444,0.0111111
116,0.125,0.125,0.25,0.25,0.125,0.125
117,0.0909091,0.0909091,0.0909091,0.545455,0.0909091,0.0909091
118,0.0434783,0.0434783,0.130435,0.478261,0.26087,0.0434783
119,0.125,0.125,0.125,0.25,0.125,0.25
120,0.0454545,0.772727,0.0454545,0.0454545,0.0454545,0.0454545
121,0.125,0.25,0.0625,0.4375,0.0625,0.0625
122,0.15493,0.309859,0.183099,0.309859,0.0140845,0.028169
123,0.3,0.414286,0.0428571,0.214286,0.0142857,0.0142857
124,0.125,0.166667,0.0416667,0.366667,0.258333,0.0416667
125,0.181818,0.0340909,0.511364,0.25,0.0113636,0.0113636
126,0.047619,0.571429,0.047619,0.047619,0.238095,0.047619
127,0.0625,0.0625,0.0625,0.5625,0.1875,0.0625
128,0.0416667,0.375,0.0416667,0.291667,0.208333,0.0416667
129,0.0375,0.425,0.0625,0.2875,0.0625,0.125
130,0.0277778,0.263889,0.0416667,0.597222,0.0277778,0.0416667
131,0.0588235,0.470588,0.176471,0.0588235,0.0588235,0.176471
132,0.478261,0.0217391,0.173913,0.23913,0.0217391,0.0652174
133,0.05,0.15,0.15,0.55,0.05,0.05
134,0.0625,0.0625,0.25,0.5,0.0625,0.0625
135,0.0833333,0.0833333,0.166667,0.166667,0.0833333,0.416667
136,0.0714286,0.0238095,0.190476,0.428571,0.214286,0.0714286
137,0.102804,0.154206,0.130841,0.373832,0.0934579,0.14486
138,0.0588235,0.529412,0.0588235,0.0588235,0.235294,0.0588235
139,0.184524,0.172619,0.196429,0.327381,0.00595238,0.113095
140,0.0454545,0.0454545,0.181818,0.545455,0.136364,0.0454545
141,0.0285714,0.4,0.0857143,0.4,0.0571429,0.0285714
142,0.0208333,0.25,0.291667,0.0416667,0.354167,0.0416667
143,0.0263158,0.0789474,0.394737,0.447368,0.0263158,0.0263158
144,0.375,0.0625,0.0625,0.3125,0.125,0.0625
145,0.0388889,0.422222,0.161111,0.0444444,0.0777778,0.255556
146,0.0316456,0.0506329,0.253165,0.335443,0.0443038,0.28481
147,0.117647,0.0588235,0.117647,0.588235,0.0588235,0.0588235
148,0.35,0.15,0.3,0.05,0.1,0.05
149,0.311594,0.242754,0.126812,0.213768,0.0978261,0.00724638
150,0.0277778,0.0277778,0.0555556,0.333333,0.527778,0.0277778
151,0.126984,0.047619,0.142857,0.555556,0.015873,0.111111
152,0.130137,0.0479452,0.0616438,0.356164,0.39726,0.00684932
153,0.136364,0.25,0.136364,0.431818,0.0227273,0.0227273
154,0.0136986,0.246575,0.260274,0.273973,0.191781,0.0136986
155,0.0350877,0.22807,0.192982,0.263158,0.122807,0.157895
156,0.105263,0.0526316,0.473684,0.263158,0.0526316,0.0526316
157,0.0818182,0.1,0.2,0.181818,0.00454545,0.431818
158,0.142857,0.142857,0.142857,0.285714,0.142857,0.142857
159,0.0333333,0.0333333,0.466667,0.266667,0.166667,0.0333333
160,0.1,0.1,0.1,0.4,0.2,0.1
161,0.16129,0.322581,0.0322581,0.387097,0.0322581,0.0645161
162,0.0545455,0.0181818,0.345455,0.527273,0.0363636,0.0181818
163,0.227273,0.030303,0.121212,0.30303,0.242424,0.0757576
164,0.047619,0.333333,0.047619,0.47619,0.047619,0.047619
165,0.111111,0.111111,0.333333,0.222222,0.111111,0.111111
166,0.333333,0.111111,0.111111,0.222222,0.111111,0.111111
167,0.0588235,0.0588235,0.0588235,0.705882,0.0588235,0.0588235
168,0.05,0.75,0.05,0.05,0.05,0.05
169,0.08,0.52,0.24,0.08,0.04,0.04
170,0.00645161,0.0193548,0.406452,0.335484,0.148387,0.083871
171,0.0540541,0.00675676,0.472973,0.452703,0.00675676,0.00675676
172,0.0277778,0.833333,0.0277778,0.0555556,0.0277778,0.0277778
173,0.0144928,0.0434783,0.57971,0.130435,0.217391,0.0144928
174,0.0769231,0.153846,0.153846,0.461538,0.0769231,0.0769231
175,0.31291,0.0656455,0.129103,0.299781,0.0218818,0.170678
176,0.136986,0.191781,0.150685,0.479452,0.0273973,0.0136986
177,0.0185185,0.0185185,0.222222,0.444444,0.0185185,0.277778
178,0.02,0.165,0.235,0.435,0.055,0.09
179,0.0294118,0.117647,0.0294118,0.617647,0.0882353,0.117647
180,0.276316,0.184211,0.118421,0.0921053,0.315789,0.0131579
181,0.0909091,0.545455,0.0909091,0.0909091,0.0909091,0.0909091
182,0.027027,0.405405,0.216216,0.297297,0.027027,0.027027
183,0.1,0.1,0.1,0.5,0.1,0.1
184,0.0344828,0.172414,0.0344828,0.482759,0.241379,0.0344828
185,0.0769231,0.179487,0.333333,0.025641,0.230769,0.153846
186,0.1,0.1,0.1,0.3,0.3,0.1
187,0.0613208,0.174528,0.495283,0.193396,0.0518868,0.0235849
188,0.0392157,0.392157,0.196078,0.27451,0.0784314,0.0196078
189,0.742857,0.0142857,0.114286,0.0857143,0.0285714,0.0142857
190,0.01,0.03,0.08,0.53,0.01,0.34
191,0.0654206,0.205607,0.0841121,0.411215,0.0934579,0.140187
192,0.0769231,0.0769231,0.153846,0.307692,0.307692,0.0769231
193,0.05,0.25,0.05,0.55,0.05,0.05
194,0.227273,0.0227273,0.25,0.431818,0.0454545,0.0227273
195,0.0534351,0.549618,0.137405,0.175573,0.0458015,0.0381679
196,0.040404,0.146465,0.401515,0.275253,0.111111,0.0252525
197,0.258065,0.290323,0.0322581,0.0322581,0.16129,0.225806
198,0.0909091,0.363636,0.0909091,0.272727,0.0909091,0.0909091
199,0.111111,0.333333,0.222222,0.111111,0.111111,0.111111
200,0.0625,0.125,0.0625,0.625,0.0625,0.0625
201,0.130435,0.0434783,0.0869565,0.652174,0.0434783,0.0434783
202,0.0322581,0.0967742,0.290323,0.258065,0.0322581,0.290323
203,0.526316,0.0526316,0.0526316,0.263158,0.0526316,0.0526316
204,0.291667,0.208333,0.166667,0.25,0.0416667,0.0416667
205,0.0204082,0.142857,0.55102,0.163265,0.0408163,0.0816327
206,0.133333,0.0533333,0.173333,0.0666667,0.56,0.0133333
207,0.0243902,0.0487805,0.560976,0.317073,0.0243902,0.0243902
208,0.0714286,0.285714,0.0714286,0.428571,0.0714286,0.0714286
209,0.0344828,0.827586,0.0344828,0.0344828,0.0344828,0.0344828
210,0.111111,0.111111,0.222222,0.333333,0.111111,0.111111
211,0.0588235,0.0588235,0.411765,0.0588235,0.352941,0.0588235
212,0.111111,0.0413437,0.129199,0.583979,0.0439276,0.0904393
213,0.106061,0.0858586,0.0454545,0.318182,0.439394,0.00505051
214,0.205298,0.0993377,0.139073,0.377483,0.0596026,0.119205
215,0.0944882,0.362205,0.0866142,0.251969,0.11811,0.0866142
216,0.4,0.05,0.1,0.05,0.05,0.35
217,0.0810811,0.135135,0.0540541,0.27027,0.405405,0.0540541
218,0.194444,0.333333,0.0277778,0.305556,0.111111,0.0277778
219,0.111111,0.155556,0.511111,0.0666667,0.133333,0.0222222
220,0.1,0.1,0.1,0.5,0.1,0.1
221,0.16,0.44,0.04,0.28,0.04,0.04
222,0.0555556,0.037037,0.361111,0.314815,0.222222,0.00925926
223,0.0322581,0.290323,0.258065,0.354839,0.0322581,0.0322581
224,0.0454545,0.409091,0.0454545,0.409091,0.0454545,0.0454545
225,0.0612245,0.0816327,0.122449,0.326531,0.0204082,0.387755
226,0.3125,0.375,0.125,0.0625,0.0625,0.0625
227,0.233533,0.131737,0.161677,0.149701,0.257485,0.0658683
228,0.44898,0.22449,0.0408163,0.0204082,0.244898,0.0204082
229,0.142857,0.238095,0.297619,0.297619,0.0119048,0.0119048
230,0.0217391,0.195652,0.369565,0.108696,0.0217391,0.282609
231,0.111111,0.444444,0.111111,0.111111,0.111111,0.111111
232,0.125,0.25,0.125,0.25,0.125,0.125
233,0.0177515,0.0473373,0.147929,0.642012,0.0887574,0.056213
234,0.00934579,0.0373832,0.0747664,0.71028,0.158879,0.00934579
235,0.0310559,0.161491,0.0559006,0.515528,0.136646,0.0993789
236,0.0555556,0.388889,0.0555556,0.111111,0.0555556,0.333333
237,0.0125,0.325,0.2,0.25,0.1,0.1125
238,0.0526316,0.157895,0.263158,0.105263,0.315789,0.105263
239,0.0538462,0.192308,0.184615,0.453846,0.0846154,0.0307692
240,0.142857,0.142857,0.142857,0.285714,0.142857,0.142857
241,0.0714286,0.5,0.214286,0.0714286,0.0714286,0.0714286
242,0.00775194,0.20155,0.364341,0.271318,0.0232558,0.131783
243,0.0714286,0.285714,0.0714286,0.285714,0.214286,0.0714286
244,0.0265487,0.0265487,0.0707965,0.00884956,0.0973451,0.769912
245,0.0952381,0.031746,0.0793651,0.714286,0.031746,0.047619
246,0.0131579,0.263158,0.0789474,0.552632,0.0789474,0.0131579
247,0.0217391,0.0217391,0.0434783,0.608696,0.0217391,0.282609
248,0.047619,0.380952,0.047619,0.142857,0.047619,0.333333
249,0.0833333,0.25,0.0277778,0.333333,0.25,0.0555556
250,0.125,0.125,0.125,0.375,0.125,0.125
251,0.0588235,0.0588235,0.411765,0.352941,0.0588235,0.0588235
252,0.0714286,0.0714286,0.0714286,0.571429,0.142857,0.0714286
253,0.111111,0.111111,0.111111,0.222222,0.111111,0.333333
254,0.109091,0.618182,0.0181818,0.218182,0.0181818,0.0181818
255,0.0714286,0.0714286,0.142857,0.5,0.142857,0.0714286
256,0.0357143,0.464286,0.0357143,0.25,0.0357143,0.178571
257,0.18,0.36,0.08,0.28,0.08,0.02
258,0.0833333,0.0833333,0.0833333,0.25,0.416667,0.0833333
259,0.1,0.1,0.1,0.5,0.1,0.1
260,0.421456,0.214559,0.0664112,0.0332056,0.149425,0.114943
261,0.16,0.4,0.04,0.08,0.28,0.04
262,0.0769231,0.5,0.230769,0.0384615,0.115385,0.0384615
263,0.45585,0.0209713,0.192053,0.0474614,0.00110375,0.282561
264,0.0909091,0.424242,0.242424,0.151515,0.0757576,0.0151515
265,0.0833333,0.0833333,0.0833333,0.583333,0.0833333,0.0833333
266,0.0861538,0.00307692,0.255385,0.523077,0.101538,0.0307692
267,0.05,0.5,0.05,0.3,0.05,0.05
268,0.0746269,0.0522388,0.384328,0.152985,0.0335821,0.302239
269,0.176471,0.0588235,0.0588235,0.352941,0.294118,0.0588235
270,0.0322581,0.387097,0.451613,0.0645161,0.0322581,0.0322581
271,0.025641,0.128205,0.025641,0.717949,0.025641,0.0769231
272,0.0113065,0.124372,0.0979899,0.0866834,0.579146,0.100503
273,0.0196078,0.568627,0.215686,0.0196078,0.0196078,0.156863
274,0.0625,0.25,0.15,0.325,0.1,0.1125
275,0.00625,0.778125,0.00625,0.040625,0.021875,0.146875
276,0.0888889,0.355556,0.288889,0.133333,0.0666667,0.0666667
277,0.0516432,0.140845,0.131455,0.460094,0.0798122,0.13615
278,0.0222222,0.0222222,0.2,0.288889,0.0444444,0.422222
279,0.25,0.392857,0.0357143,0.0357143,0.25,0.0357143
280,0.272727,0.0909091,0.272727,0.0909091,0.181818,0.0909091
281,0.282828,0.20202,0.151515,0.131313,0.0505051,0.181818
282,0.05,0.75,0.05,0.05,0.05,0.05
283,0.0151515,0.378788,0.0454545,0.515152,0.0151515,0.030303
284,0.32,0.48,0.04,0.08,0.04,0.04
285,0.047619,0.47619,0.047619,0.333333,0.047619,0.047619
286,0.129979,0.0733753,0.27673,0.247379,0.255765,0.0167715
287,0.0555556,0.0555556,0.166667,0.611111,0.0555556,0.0555556
288,0.0163934,0.0163934,0.344262,0.557377,0.0163934,0.0491803
289,0.0625,0.4375,0.0625,0.3125,0.0625,0.0625
290,0.0319829,0.166311,0.123667,0.202559,0.4371,0.0383795
291,0.111111,0.444444,0.111111,0.111111,0.111111,0.111111
292,0.0280374,0.17757,0.261682,0.233645,0.00934579,0.28972
293,0.268908,0.235294,0.10084,0.159664,0.00840336,0.226891
294,0.0434783,0.347826,0.173913,0.0869565,0.0869565,0.26087
295,0.0217391,0.369565,0.362319,0.108696,0.00724638,0.130435
296,0.0666667,0.266667,0.0666667,0.4,0.0666667,0.133333
297,0.394737,0.210526,0.105263,0.236842,0.0263158,0.0263158
298,0.0334728,0.0857741,0.167364,0.483264,0.0041841,0.225941
299,0.0227273,0.227273,0.477273,0.227273,0.0227273,0.0227273
300,0.0208333,0.0208333,0.104167,0.791667,0.0208333,0.0416667
301,0.0304507,0.123021,0.0535932,0.708892,0.0669915,0.0170524
302,0.142857,0.285714,0.142857,0.142857,0.142857,0.142857
303,0.0357143,0.392857,0.464286,0.0357143,0.0357143,0.0357143
304,0.0833333,0.0833333,0.0833333,0.5,0.166667,0.0833333
305,0.125,0.25,0.25,0.125,0.125,0.125
306,0.0769231,0.0769231,0.0769231,0.307692,0.384615,0.0769231
307,0.037037,0.518519,0.296296,0.037037,0.037037,0.0740741
308,0.0153846,0.507692,0.0461538,0.323077,0.0923077,0.0153846
309,0.0555556,0.0555556,0.555556,0.166667,0.111111,0.0555556
310,0.0212766,0.0212766,0.382979,0.297872,0.255319,0.0212766
311,0.0769231,0.307692,0.384615,0.0769231,0.0769231,0.0769231
312,0.166667,0.0555556,0.314815,0.277778,0.175926,0.00925926
313,0.142857,0.666667,0.047619,0.047619,0.047619,0.047619
314,0.0222222,0.107692,0.347009,0.119658,0.145299,0.25812
315,0.0285714,0.357143,0.0857143,0.514286,0.00714286,0.00714286
316,0.00458716,0.0642202,0.123853,0.165138,0.522936,0.119266
317,0.236842,0.0328947,0.223684,0.236842,0.263158,0.00657895
318,0.172414,0.172414,0.137931,0.413793,0.0344828,0.0689655
319,0.212766,0.212766,0.414894,0.117021,0.0319149,0.0106383
320,0.394737,0.0657895,0.223684,0.289474,0.0131579,0.0131579
321,0.157895,0.210526,0.105263,0.0526316,0.421053,0.0526316
322,0.00925926,0.342593,0.12037,0.398148,0.037037,0.0925926
323,0.1,0.1,0.4,0.2,0.1,0.1
324,0.025,0.225,0.025,0.675,0.025,0.025
325,0.0952381,0.380952,0.047619,0.333333,0.0952381,0.047619
326,0.181818,0.181818,0.0909091,0.272727,0.181818,0.0909091
327,0.0357143,0.178571,0.107143,0.607143,0.0357143,0.0357143
328,0.1,0.1,0.2,0.4,0.1,0.1
329,0.106383,0.0992908,0.177305,0.269504,0.304965,0.0425532
330,0.179856,0.0359712,0.172662,0.359712,0.028777,0.223022
331,0.1,0.4,0.1,0.2,0.1,0.1
332,0.125,0.479167,0.1875,0.0625,0.0208333,0.125
333,0.0909091,0.545455,0.0909091,0.0909091,0.0909091,0.0909091
334,0.1,0.2,0.1,0.4,0.1,0.1
335,0.00970874,0.126214,0.106796,0.543689,0.0485437,0.165049
336,0.125,0.291667,0.416667,0.0833333,0.0416667,0.0416667
337,0.113821,0.276423,0.243902,0.227642,0.00813008,0.130081
338,0.00813008,0.268293,0.0813008,0.341463,0.130081,0.170732
339,0.047619,0.047619,0.047619,0.761905,0.047619,0.047619
340,0.047619,0.285714,0.428571,0.0952381,0.047619,0.0952381
341,0.0289017,0.289017,0.132948,0.138728,0.127168,0.283237
342,0.0735294,0.0147059,0.0588235,0.441176,0.397059,0.0147059
343,0.0434783,0.130435,0.0434783,0.695652,0.0434783,0.0434783
344,0.030303,0.030303,0.121212,0.757576,0.030303,0.030303
345,0.0434783,0.217391,0.434783,0.217391,0.0434783,0.0434783
346,0.13125,0.1625,0.35625,0.2875,0.04375,0.01875
347,0.375,0.125,0.125,0.125,0.125,0.125
348,0.122449,0.204082,0.0612245,0.44898,0.142857,0.0204082
349,0.102804,0.0654206,0.420561,0.392523,0.00934579,0.00934579
350,0.219512,0.0162602,0.211382,0.0487805,0.325203,0.178862
351,0.125,0.125,0.125,0.125,0.125,0.375
352,0.0416667,0.208333,0.0416667,0.416667,0.0833333,0.208333
353,0.0894737,0.0526316,0.0631579,0.394737,0.105263,0.294737
354,0.0172414,0.672414,0.0172414,0.155172,0.103448,0.0344828
355,0.0555556,0.666667,0.0555556,0.111111,0.0555556,0.0555556
356,0.0263158,0.0526316,0.0789474,0.657895,0.0526316,0.131579
357,0.0526316,0.684211,0.105263,0.0526316,0.0526316,0.0526316
358,0.0888889,0.444444,0.222222,0.133333,0.0888889,0.0222222
359,0.333333,0.285714,0.190476,0.047619,0.0952381,0.047619
360,0.1,0.5,0.1,0.1,0.1,0.1
361,0.0666667,0.6,0.0666667,0.133333,0.0666667,0.0666667
362,0.136842,0.284211,0.126316,0.357895,0.0105263,0.0842105
363,0.0869565,0.23913,0.0652174,0.565217,0.0217391,0.0217391
364,0.0263158,0.236842,0.0263158,0.5,0.0263158,0.184211
365,0.0454545,0.136364,0.636364,0.0454545,0.0909091,0.0454545
366,0.0769231,0.0769231,0.0769231,0.461538,0.153846,0.153846
367,0.285714,0.142857,0.142857,0.142857,0.142857,0.142857
368,0.0322581,0.677419,0.0322581,0.0322581,0.193548,0.0322581
369,0.0721649,0.309278,0.103093,0.381443,0.0206186,0.113402
370,0.107143,0.107143,0.625,0.125,0.0178571,0.0178571
371,0.0909091,0.181818,0.272727,0.0909091,0.272727,0.0909091
372,0.113924,0.0379747,0.468354,0.227848,0.139241,0.0126582
373,0.030303,0.484848,0.030303,0.393939,0.030303,0.030303
374,0.089172,0.140127,0.121019,0.33121,0.140127,0.178344
375,0.1,0.1,0.1,0.5,0.1,0.1
376,0.0138889,0.263889,0.361111,0.277778,0.0138889,0.0694444
377,0.0769231,0.153846,0.461538,0.0769231,0.0769231,0.153846
378,0.529412,0.0392157,0.0588235,0.254902,0.0980392,0.0196078
379,0.0357143,0.107143,0.392857,0.142857,0.285714,0.0357143
380,0.0454545,0.0454545,0.318182,0.5,0.0454545,0.0454545
381,0.5,0.133333,0.1,0.2,0.0333333,0.0333333
382,0.0625,0.0625,0.0625,0.5,0.0625,0.25
383,0.0322581,0.0645161,0.129032,0.612903,0.129032,0.0322581
384,0.0909091,0.0909091,0.0909091,0.545455,0.0909091,0.0909091
385,0.110553,0.115578,0.452261,0.19598,0.0954774,0.0301508
386,0.09375,0.5,0.03125,0.21875,0.125,0.03125
387,0.0147059,0.107843,0.0343137,0.681373,0.0147059,0.147059
388,0.02,0.19,0.07,0.43,0.23,0.06
389,0.0666667,0.4,0.2,0.2,0.0666667,0.0666667
390,0.237288,0.135593,0.0677966,0.491525,0.0508475,0.0169492
391,0.0344828,0.448276,0.0344828,0.413793,0.0344828,0.0344828
392,0.120209,0.135889,0.137631,0.496516,0.054007,0.0557491
393,0.407609,0.0389493,0.0824275,0.298913,0.071558,0.100543
394,0.289474,0.184211,0.210526,0.263158,0.0263158,0.0263158
395,0.142857,0.0659341,0.450549,0.197802,0.120879,0.021978
396,0.012987,0.0519481,0.805195,0.012987,0.025974,0.0909091
397,0.0740741,0.407407,0.037037,0.185185,0.185185,0.111111
398,0.0666667,0.0888889,0.333333,0.355556,0.133333,0.0222222
399,0.275862,0.0344828,0.310345,0.206897,0.137931,0.0344828
400,0.0769231,0.153846,0.153846,0.461538,0.0769231,0.0769231
401,0.0172414,0.258621,0.0172414,0.224138,0.0172414,0.465517
402,0.408163,0.0816327,0.204082,0.265306,0.0204082,0.0204082
403,0.12,0.52,0.08,0.2,0.04,0.04
404,0.0217391,0.0652174,0.26087,0.23913,0.152174,0.26087
405,0.015873,0.111111,0.0952381,0.746032,0.015873,0.015873
406,0.0140845,0.258216,0.117371,0.511737,0.056338,0.0422535
407,0.0238095,0.261905,0.261905,0.166667,0.0238095,0.261905
408,0.047619,0.047619,0.190476,0.333333,0.333333,0.047619
409,0.0526316,0.368421,0.421053,0.0526316,0.0526316,0.0526316
410,0.0333333,0.0333333,0.166667,0.566667,0.0333333,0.166667
411,0.0341556,0.239089,0.432638,0.170778,0.0664137,0.056926
412,0.0123457,0.135802,0.0864198,0.691358,0.0123457,0.0617284
413,0.0175439,0.0175439,0.263158,0.350877,0.0526316,0.298246
414,0.00330033,0.0264026,0.217822,0.161716,0.039604,0.551155
415,0.266667,0.0666667,0.266667,0.0666667,0.133333,0.2
416,0.0126582,0.291139,0.329114,0.240506,0.0759494,0.0506329
417,0.0909091,0.0909091,0.181818,0.454545,0.0909091,0.0909091
418,0.255814,0.209302,0.255814,0.232558,0.0232558,0.0232558
419,0.0300752,0.150376,0.390977,0.338346,0.0075188,0.0827068
420,0.111111,0.444444,0.111111,0.111111,0.111111,0.111111
421,0.0222222,0.311111,0.0888889,0.311111,0.111111,0.155556
422,0.0526316,0.105263,0.315789,0.263158,0.210526,0.0526316
423,0.0854701,0.0769231,0.0769231,0.529915,0.222222,0.00854701
424,0.141593,0.106195,0.473451,0.190265,0.039823,0.0486726
425,0.150538,0.215054,0.236559,0.268817,0.0322581,0.0967742
426,0.0196078,0.0784314,0.215686,0.54902,0.0196078,0.117647
427,0.111111,0.222222,0.111111,0.333333,0.111111,0.111111
428,0.0227273,0.340909,0.0681818,0.477273,0.0568182,0.0340909
429,0.0675676,0.0405405,0.114865,0.466216,0.0810811,0.22973
430,0.160714,0.139881,0.0684524,0.354167,0.0505952,0.22619
431,0.113636,0.0328283,0.0732323,0.184343,0.578283,0.0176768
432,0.027027,0.216216,0.027027,0.378378,0.243243,0.108108
433,0.0253165,0.0632911,0.544304,0.202532,0.139241,0.0253165
434,0.0135135,0.148649,0.0675676,0.216216,0.121622,0.432432
435,0.0175439,0.0657895,0.583333,0.122807,0.171053,0.0394737
436,0.00584795,0.0818713,0.0584795,0.0672515,0.0146199,0.77193
437,0.25,0.0833333,0.416667,0.0833333,0.0833333,0.0833333
438,0.181818,0.151515,0.333333,0.030303,0.212121,0.0909091
439,0.1,0.1,0.1,0.5,0.1,0.1
440,0.075,0.175,0.325,0.05,0.35,0.025
441,0.170732,0.097561,0.0243902,0.243902,0.439024,0.0243902
442,0.1,0.1,0.3,0.3,0.1,0.1
443,0.00408163,0.0530612,0.216327,0.477551,0.0857143,0.163265
444,0.00678733,0.366516,0.158371,0.355204,0.0384615,0.0746606
445,0.111111,0.444444,0.111111,0.111111,0.111111,0.111111
446,0.00520833,0.00520833,0.182292,0.380208,0.0833333,0.34375
447,0.047619,0.047619,0.0952381,0.428571,0.333333,0.047619
448,0.025,0.025,0.275,0.625,0.025,0.025
449,0.363636,0.0909091,0.0909091,0.0909091,0.181818,0.181818
450,0.193548,0.258065,0.193548,0.129032,0.0322581,0.193548
451,0.233333,0.166667,0.222222,0.266667,0.0111111,0.1
452,0.00970874,0.330097,0.213592,0.291262,0.145631,0.00970874
453,0.0026455,0.0343915,0.031746,0.28836,0.0608466,0.582011
454,0.111111,0.222222,0.111111,0.333333,0.111111,0.111111
455,0.0769231,0.0769231,0.0769231,0.538462,0.0769231,0.153846
456,0.0588235,0.0588235,0.0588235,0.588235,0.176471,0.0588235
457,0.0235294,0.329412,0.447059,0.117647,0.0705882,0.0117647
458,0.0212766,0.404255,0.0212766,0.446809,0.0851064,0.0212766
459,0.0967742,0.548387,0.0645161,0.129032,0.129032,0.0322581
460,0.0652174,0.521739,0.0434783,0.152174,0.0434783,0.173913
461,0.0833333,0.0833333,0.166667,0.5,0.0833333,0.0833333
462,0.125,0.125,0.125,0.25,0.25,0.125
463,0.075188,0.278195,0.0601504,0.473684,0.105263,0.0075188
464,0.0172414,0.396552,0.12931,0.258621,0.0172414,0.181034
465,0.0307692,0.0307692,0.323077,0.353846,0.246154,0.0153846
466,0.0344828,0.413793,0.0344828,0.310345,0.0344828,0.172414
467,0.5,0.1,0.1,0.1,0.1,0.1
468,0.016129,0.403226,0.354839,0.112903,0.0322581,0.0806452
469,0.0416667,0.0833333,0.208333,0.333333,0.0416667,0.291667
470,0.0869565,0.130435,0.295652,0.182609,0.0347826,0.269565
471,0.0833333,0.0833333,0.0833333,0.416667,0.25,0.0833333
472,0.015873,0.0634921,0.428571,0.206349,0.174603,0.111111
473,0.0188679,0.0188679,0.207547,0.716981,0.0188679,0.0188679
474,0.0909091,0.545455,0.0909091,0.0909091,0.0909091,0.0909091
475,0.142857,0.285714,0.142857,0.142857,0.142857,0.142857
476,0.0217391,0.369565,0.108696,0.456522,0.0217391,0.0217391
477,0.185185,0.444444,0.111111,0.185185,0.037037,0.037037
478,0.147059,0.294118,0.235294,0.264706,0.0294118,0.0294118
479,0.196429,0.0267857,0.0178571,0.517857,0.1875,0.0535714
480,0.534884,0.0465116,0.0465116,0.186047,0.116279,0.0697674
481,0.037037,0.481481,0.0740741,0.259259,0.037037,0.111111
482,0.0555556,0.666667,0.0555556,0.111111,0.0555556,0.0555556
483,0.305556,0.305556,0.0740741,0.277778,0.00462963,0.0324074
484,0.0555556,0.722222,0.0555556,0.0555556,0.0555556,0.0555556
485,0.0454545,0.0454545,0.272727,0.409091,0.181818,0.0454545
486,0.284091,0.306818,0.227273,0.0909091,0.0795455,0.0113636
487,0.0344828,0.327586,0.258621,0.241379,0.0172414,0.12069
488,0.0833333,0.0833333,0.25,0.0833333,0.416667,0.0833333
489,0.0416667,0.25,0.0416667,0.333333,0.0416667,0.291667
490,0.0769231,0.538462,0.0769231,0.153846,0.0769231,0.0769231
491,0.025641,0.230769,0.410256,0.205128,0.102564,0.025641
492,0.111111,0.222222,0.111111,0.166667,0.111111,0.277778
493,0.0212766,0.244681,0.0638298,0.5,0.159574,0.0106383
494,0.479167,0.145833,0.0625,0.270833,0.0208333,0.0208333
495,0.025641,0.179487,0.025641,0.461538,0.102564,0.205128
496,0.0196078,0.176471,0.27451,0.490196,0.0196078,0.0196078
497,0.0909091,0.545455,0.0909091,0.0909091,0.0909091,0.0909091
498,0.176471,0.352941,0.0588235,0.294118,0.0588235,0.0588235
499,0.0714286,0.642857,0.0714286,0.0714286,0.0714286,0.0714286
500,0.00787402,0.251969,0.244094,0.322835,0.0551181,0.11811
501,0.157895,0.421053,0.0526316,0.105263,0.0526316,0.210526
502,0.0967742,0.258065,0.516129,0.0645161,0.0322581,0.0322581
503,0.204301,0.0215054,0.0107527,0.354839,0.290323,0.11828
504,0.142857,0.142857,0.142857,0.285714,0.142857,0.142857
505,0.0888889,0.266667,0.0603175,0.31746,0.0952381,0.171429
506,0.0128205,0.115385,0.358974,0.141026,0.166667,0.205128
507,0.39499,0.16763,0.16185,0.184971,0.0674374,0.0231214
508,0.0125,0.025,0.6125,0.2875,0.0125,0.05
509,0.378238,0.0673575,0.217617,0.170984,0.160622,0.00518135
510,0.111111,0.111111,0.222222,0.111111,0.333333,0.111111
511,0.111111,0.111111,0.111111,0.444444,0.111111,0.111111
512,0.0555556,0.0555556,0.722222,0.0555556,0.0555556,0.0555556
513,0.0666667,0.666667,0.0666667,0.0666667,0.0666667,0.0666667
514,0.037037,0.111111,0.259259,0.481481,0.037037,0.0740741
515,0.047619,0.142857,0.0793651,0.365079,0.285714,0.0793651
516,0.0285714,0.457143,0.0857143,0.2,0.0285714,0.2
517,0.1,0.1,0.1,0.5,0.1,0.1
518,0.213592,0.300971,0.0873786,0.300971,0.0679612,0.0291262
519,0.0606061,0.030303,0.242424,0.484848,0.030303,0.151515
520,0.0625,0.0625,0.0625,0.6875,0.0625,0.0625
521,0.0187793,0.103286,0.183099,0.57277,0.084507,0.0375587
522,0.593333,0.0133333,0.0466667,0.0466667,0.00666667,0.293333
523,0.0526316,0.263158,0.0526316,0.315789,0.0526316,0.263158
524,0.0222222,0.0888889,0.155556,0.688889,0.0222222,0.0222222
525,0.109091,0.0836364,0.192727,0.0545455,0.0509091,0.509091
526,0.407407,0.333333,0.148148,0.037037,0.037037,0.037037
527,0.3,0.0666667,0.233333,0.333333,0.0333333,0.0333333
528,0.0714286,0.428571,0.142857,0.0714286,0.0714286,0.214286
529,0.212121,0.030303,0.030303,0.575758,0.0606061,0.0909091
530,0.344828,0.0689655,0.0344828,0.448276,0.0344828,0.0689655
531,0.047619,0.619048,0.047619,0.190476,0.047619,0.047619
532,0.0376344,0.215054,0.473118,0.172043,0.0215054,0.0806452
533,0.0880503,0.157233,0.39413,0.255765,0.0964361,0.00838574
534,0.327586,0.103448,0.0517241,0.206897,0.137931,0.172414
535,0.0588235,0.176471,0.235294,0.411765,0.0588235,0.0588235
536,0.305556,0.0833333,0.166667,0.194444,0.222222,0.0277778
537,0.052514,0.195531,0.303911,0.273743,0.0927374,0.0815642
538,0.0736196,0.00613497,0.822086,0.0184049,0.0736196,0.00613497
539,0.111111,0.518519,0.148148,0.148148,0.037037,0.037037
540,0.047619,0.333333,0.190476,0.047619,0.142857,0.238095
541,0.204301,0.145161,0.0698925,0.327957,0.231183,0.0215054
542,0.185185,0.037037,0.148148,0.333333,0.148148,0.148148
543,0.111111,0.444444,0.111111,0.111111,0.111111,0.111111
544,0.0650407,0.0813008,0.617886,0.186992,0.0406504,0.00813008
545,0.21875,0.0625,0.625,0.03125,0.03125,0.03125
546,0.0833333,0.0833333,0.0833333,0.5,0.0833333,0.166667
547,0.0517241,0.0172414,0.0172414,0.413793,0.0172414,0.482759
548,0.266667,0.0666667,0.2,0.333333,0.0666667,0.0666667
549,0.0322581,0.193548,0.419355,0.129032,0.193548,0.0322581
550,0.1,0.1,0.2,0.4,0.1,0.1
551,0.0833333,0.166667,0.0833333,0.5,0.0833333,0.0833333
552,0.0625,0.1875,0.0625,0.0625,0.5625,0.0625
553,0.0545455,0.218182,0.2,0.490909,0.0181818,0.0181818
554,0.214286,0.047619,0.380952,0.261905,0.0714286,0.0238095
555,0.0181818,0.151515,0.539394,0.206061,0.0666667,0.0181818
556,0.0212766,0.0212766,0.297872,0.340426,0.0212766,0.297872
557,0.111111,0.444444,0.111111,0.111111,0.111111,0.111111
558,0.0454545,0.590909,0.136364,0.0454545,0.0454545,0.136364
559,0.027027,0.648649,0.135135,0.135135,0.027027,0.027027
560,0.04,0.12,0.08,0.6,0.08,0.08
561,0.156522,0.0681159,0.0449275,0.388406,0.0405797,0.301449
562,0.186047,0.139535,0.255814,0.302326,0.0930233,0.0232558
563,0.0294118,0.0147059,0.411765,0.0882353,0.0735294,0.382353
564,0.142857,0.47619,0.047619,0.238095,0.047619,0.047619
565,0.025641,0.25641,0.333333,0.282051,0.0769231,0.025641
566,0.0909091,0.218182,0.418182,0.218182,0.0181818,0.0363636
567,0.125,0.25,0.125,0.25,0.125,0.125
568,0.285714,0.142857,0.142857,0.142857,0.142857,0.142857
569,0.0434783,0.130435,0.608696,0.152174,0.0434783,0.0217391
570,0.0833333,0.0833333,0.0833333,0.25,0.25,0.25
571,0.0116279,0.197674,0.0813953,0.430233,0.209302,0.0697674
572,0.0714286,0.5,0.0714286,0.142857,0.0714286,0.142857
573,0.0344828,0.12069,0.448276,0.189655,0.172414,0.0344828
574,0.0833333,0.0833333,0.0833333,0.583333,0.0833333,0.0833333
575,0.128205,0.307692,0.128205,0.282051,0.128205,0.025641
576,0.021978,0.516484,0.153846,0.164835,0.131868,0.010989
577,0.0666667,0.133333,0.0666667,0.466667,0.0666667,0.2
578,0.339869,0.00980392,0.228758,0.287582,0.0784314,0.0555556
579,0.0416667,0.791667,0.0416667,0.0416667,0.0416667,0.0416667
580,0.0909091,0.545455,0.0909091,0.0909091,0.0909091,0.0909091
581,0.005,0.11,0.13,0.315,0.055,0.385
582,0.0181818,0.163636,0.272727,0.2,0.0181818,0.327273
583,0.112583,0.13245,0.205298,0.364238,0.112583,0.0728477
584,0.025,0.025,0.225,0.35,0.35,0.025
585,0.0526316,0.0526316,0.105263,0.526316,0.0526316,0.210526
586,0.0434783,0.0434783,0.608696,0.0434783,0.173913,0.0869565
587,0.0769231,0.0769231,0.307692,0.384615,0.0769231,0.0769231
588,0.0266667,0.04,0.146667,0.646667,0.0266667,0.113333
589,0.030303,0.212121,0.151515,0.454545,0.121212,0.030303
590,0.242424,0.121212,0.333333,0.242424,0.030303,0.030303
591,0.212903,0.0387097,0.0193548,0.619355,0.0580645,0.0516129
592,0.0196078,0.333333,0.0392157,0.235294,0.294118,0.0784314
593,0.0147059,0.176471,0.455882,0.294118,0.0441176,0.0147059
594,0.117647,0.0588235,0.0588235,0.647059,0.0588235,0.0588235
595,0.04,0.24,0.04,0.44,0.2,0.04
596,0.0909091,0.363636,0.0909091,0.272727,0.0909091,0.0909091
597,0.0778443,0.0898204,0.652695,0.149701,0.011976,0.0179641
598,0.285714,0.0714286,0.0714286,0.357143,0.0714286,0.142857
599,0.102151,0.22043,0.430108,0.145161,0.0967742,0.00537634
600,0.125,0.25,0.0625,0.4375,0.0625,0.0625
601,0.047619,0.047619,0.52381,0.238095,0.047619,0.0952381
602,0.0625,0.0625,0.4375,0.3125,0.0625,0.0625
603,0.0555556,0.277778,0.111111,0.388889,0.111111,0.0555556
604,0.01322,0.168083,0.082153,0.219075,0.248347,0.269122
605,0.0555556,0.0555556,0.0555556,0.722222,0.0555556,0.0555556
606,0.0454545,0.545455,0.136364,0.181818,0.0454545,0.0454545
607,0.0655738,0.409836,0.229508,0.196721,0.0819672,0.0163934
608,0.04,0.394286,0.222857,0.274286,0.0285714,0.04
609,0.0526316,0.421053,0.210526,0.210526,0.0526316,0.0526316
610,0.0833333,0.0833333,0.0833333,0.416667,0.25,0.0833333
611,0.0555556,0.111111,0.0555556,0.388889,0.333333,0.0555556
612,0.0454545,0.5,0.0454545,0.318182,0.0454545,0.0454545
613,0.123656,0.112903,0.112903,0.607527,0.0376344,0.00537634
614,0.0196078,0.0784314,0.0980392,0.431373,0.156863,0.215686
615,0.0232558,0.186047,0.0232558,0.116279,0.0232558,0.627907
616,0.0215054,0.258065,0.290323,0.27957,0.145161,0.00537634
617,0.12766,0.0425532,0.0638298,0.595745,0.0425532,0.12766
618,0.125,0.375,0.125,0.125,0.125,0.125
619,0.05,0.45,0.05,0.3,0.05,0.1
620,0.0526316,0.210526,0.421053,0.210526,0.0526316,0.0526316
621,0.00549451,0.230769,0.244505,0.10989,0.373626,0.0357143
622,0.294118,0.0588235,0.176471,0.352941,0.0588235,0.0588235
623,0.0333333,0.0333333,0.1,0.3,0.466667,0.0666667
624,0.037037,0.444444,0.111111,0.222222,0.0740741,0.111111
625,0.025641,0.0128205,0.5,0.25641,0.115385,0.0897436
626,0.0909091,0.545455,0.0909091,0.0909091,0.0909091,0.0909091
627,0.0142857,0.328571,0.185714,0.2,0.157143,0.114286
628,0.0909091,0.0909091,0.0909091,0.272727,0.363636,0.0909091
629,0.147887,0.197183,0.422535,0.147887,0.0774648,0.00704225
630,0.03125,0.09375,0.03125,0.46875,0.21875,0.15625
631,0.0666667,0.666667,0.0666667,0.0666667,0.0666667,0.0666667
632,0.0425532,0.425532,0.12766,0.212766,0.148936,0.0425532
633,0.25,0.0625,0.25,0.1875,0.125,0.125
634,0.230769,0.0384615,0.0384615,0.461538,0.192308,0.0384615
635,0.230769,0.153846,0.0769231,0.0769231,0.384615,0.0769231
636,0.333333,0.0555556,0.0555556,0.333333,0.166667,0.0555556
637,0.0986842,0.190789,0.184211,0.335526,0.0855263,0.105263
638,0.0769231,0.0769231,0.0769231,0.307692,0.0769231,0.384615
639,0.125,0.375,0.125,0.125,0.125,0.125
640,0.125,0.25,0.25,0.125,0.125,0.125
641,0.0384615,0.230769,0.0384615,0.5,0.0384615,0.153846
642,0.128571,0.285714,0.185714,0.142857,0.228571,0.0285714
643,0.00699301,0.265734,0.524476,0.0979021,0.0629371,0.041958
644,0.0460526,0.138158,0.460526,0.296053,0.0328947,0.0263158
645,0.0666667,0.533333,0.133333,0.0666667,0.133333,0.0666667
646,0.153846,0.0384615,0.269231,0.115385,0.384615,0.0384615
647,0.00990099,0.019802,0.138614,0.643564,0.118812,0.0693069
648,0.0666667,0.533333,0.2,0.0666667,0.0666667,0.0666667
649,0.0769231,0.0769231,0.0769231,0.615385,0.0769231,0.0769231
650,0.0490798,0.214724,0.546012,0.128834,0.0552147,0.00613497
651,0.172043,0.225806,0.0967742,0.268817,0.225806,0.0107527
652,0.142857,0.285714,0.142857,0.142857,0.142857,0.142857
653,0.1,0.2,0.1,0.4,0.1,0.1
654,0.3,0.1,0.1,0.3,0.1,0.1
655,0.366306,0.136012,0.22102,0.191654,0.0757342,0.00927357
656,0.0472441,0.472441,0.15748,0.181102,0.0551181,0.0866142
657,0.17561,0.0195122,0.229268,0.209756,0.190244,0.17561
658,0.166667,0.0833333,0.416667,0.166667,0.0833333,0.0833333
659,0.0333333,0.0333333,0.266667,0.566667,0.0333333,0.0666667
660,0.190476,0.0952381,0.238095,0.238095,0.047619,0.190476
661,0.111111,0.111111,0.111111,0.444444,0.111111,0.111111
662,0.0173913,0.113043,0.617391,0.2,0.0434783,0.00869565
663,0.00401606,0.116466,0.42838,0.358768,0.0334672,0.0589023
664,0.047619,0.047619,0.285714,0.52381,0.047619,0.047619
665,0.04,0.04,0.24,0.6,0.04,0.04
666,0.142857,0.333333,0.190476,0.301587,0.015873,0.015873
667,0.027027,0.027027,0.108108,0.351351,0.378378,0.108108
668,0.0980392,0.254902,0.215686,0.352941,0.0196078,0.0588235
669,0.0769231,0.230769,0.0769231,0.230769,0.307692,0.0769231
670,0.0294118,0.0294118,0.235294,0.264706,0.411765,0.0294118
671,0.142857,0.142857,0.285714,0.142857,0.142857,0.142857
672,0.0833333,0.25,0.0833333,0.416667,0.0833333,0.0833333
673,0.04,0.4,0.04,0.44,0.04,0.04
674,0.0144928,0.333333,0.449275,0.144928,0.0289855,0.0289855
675,0.0416667,0.182292,0.203125,0.244792,0.0677083,0.260417
676,0.0434783,0.304348,0.0869565,0.478261,0.0434783,0.0434783
677,0.529412,0.117647,0.117647,0.117647,0.0588235,0.0588235
678,0.197802,0.274725,0.0879121,0.318681,0.10989,0.010989
679,0.125,0.0416667,0.0416667,0.666667,0.0833333,0.0416667
680,0.111111,0.444444,0.111111,0.111111,0.111111,0.111111
681,0.0921788,0.150838,0.346369,0.108939,0.24581,0.0558659
682,0.0714286,0.142857,0.0714286,0.571429,0.0714286,0.0714286
683,0.180328,0.295082,0.42623,0.0163934,0.0655738,0.0163934
684,0.0113636,0.0909091,0.25,0.431818,0.147727,0.0681818
685,0.00436681,0.179039,0.28821,0.336245,0.117904,0.0742358
686,0.03125,0.125,0.359375,0.3125,0.140625,0.03125
687,0.0163934,0.0655738,0.57377,0.0819672,0.0327869,0.229508
688,0.0555556,0.111111,0.0555556,0.555556,0.166667,0.0555556
689,0.111111,0.222222,0.333333,0.111111,0.111111,0.111111
690,0.128205,0.615385,0.025641,0.179487,0.025641,0.025641
691,0.0909091,0.012987,0.025974,0.532468,0.324675,0.012987
692,0.0625,0.6875,0.0625,0.0625,0.0625,0.0625
693,0.0142857,0.157143,0.1,0.1,0.0142857,0.614286
694,0.2,0.0333333,0.266667,0.166667,0.3,0.0333333
695,0.24,0.02,0.12,0.186667,0.0733333,0.36
696,0.0909091,0.545455,0.0909091,0.0909091,0.0909091,0.0909091
697,0.129032,0.137097,0.217742,0.354839,0.00806452,0.153226
698,0.227273,0.590909,0.0454545,0.0454545,0.0454545,0.0454545
699,0.0555556,0.0555556,0.611111,0.166667,0.0555556,0.0555556
700,0.125,0.3125,0.0625,0.375,0.0625,0.0625
701,0.125,0.0625,0.0625,0.0625,0.625,0.0625
702,0.0588235,0.0588235,0.0588235,0.705882,0.0588235,0.0588235
703,0.0322581,0.16129,0.0645161,0.612903,0.0322581,0.0967742
704,0.385714,0.414286,0.0142857,0.0714286,0.1,0.0142857
705,0.016129,0.354839,0.370968,0.225806,0.016129,0.016129
706,0.142857,0.0714286,0.214286,0.428571,0.0714286,0.0714286
707,0.642857,0.142857,0.0714286,0.0714286,0.0357143,0.0357143
708,0.0731707,0.097561,0.121951,0.512195,0.0243902,0.170732
709,0.0714286,0.357143,0.285714,0.142857,0.0714286,0.0714286
710,0.106383,0.0106383,0.404255,0.393617,0.0425532,0.0425532
711,0.0125786,0.18239,0.572327,0.163522,0.0188679,0.0503145
712,0.108108,0.702703,0.027027,0.027027,0.0540541,0.0810811
713,0.047619,0.47619,0.0952381,0.047619,0.285714,0.047619
714,0.00900901,0.702703,0.171171,0.045045,0.0630631,0.00900901
715,0.142857,0.142857,0.285714,0.142857,0.142857,0.142857
716,0.155738,0.163934,0.491803,0.172131,0.00819672,0.00819672
717,0.0044843,0.116592,0.609865,0.121076,0.116592,0.0313901
718,0.112903,0.016129,0.193548,0.241935,0.419355,0.016129
719,0.0869565,0.434783,0.0434783,0.217391,0.173913,0.0434783
720,0.047619,0.333333,0.238095,0.285714,0.0714286,0.0238095
721,0.123348,0.0660793,0.171806,0.251101,0.356828,0.030837
722,0.222222,0.333333,0.111111,0.111111,0.111111,0.111111
723,0.0555556,0.0555556,0.333333,0.0555556,0.444444,0.0555556
724,0.0769231,0.192308,0.423077,0.230769,0.0384615,0.0384615
725,0.0223464,0.301676,0.0391061,0.497207,0.0391061,0.100559
726,0.25,0.125,0.0625,0.4375,0.0625,0.0625
727,0.1,0.1,0.1,0.1,0.4,0.2
728,0.0555556,0.111111,0.166667,0.555556,0.0555556,0.0555556
729,0.136364,0.0568182,0.295455,0.261364,0.238636,0.0113636
730,0.25,0.55,0.05,0.05,0.05,0.05
731,0.0714286,0.357143,0.0714286,0.142857,0.285714,0.0714286
732,0.0113636,0.0568182,0.0340909,0.659091,0.0113636,0.227273
733,0.0134831,0.164045,0.364045,0.27191,0.173034,0.0134831
734,0.0204082,0.163265,0.0816327,0.571429,0.0204082,0.142857
735,0.202703,0.391892,0.121622,0.0945946,0.0675676,0.121622
736,0.3,0.15,0.1,0.3,0.1,0.05
737,0.25,0.125,0.125,0.25,0.125,0.125
738,0.0037037,0.037037,0.133333,0.262963,0.422222,0.140741
739,0.3125,0.242188,0.140625,0.101562,0.195312,0.0078125
740,0.0819672,0.155738,0.139344,0.532787,0.0163934,0.0737705
741,0.00826446,0.0578512,0.289256,0.504132,0.0578512,0.0826446
742,0.0232558,0.44186,0.0232558,0.0465116,0.232558,0.232558
743,0.25,0.208333,0.0416667,0.208333,0.25,0.0416667
744,0.152941,0.364706,0.129412,0.176471,0.152941,0.0235294
745,0.0810811,0.256757,0.121622,0.256757,0.162162,0.121622
746,0.141176,0.0117647,0.0941176,0.235294,0.0117647,0.505882
747,0.111111,0.444444,0.111111,0.111111,0.111111,0.111111
748,0.1,0.0666667,0.383333,0.183333,0.25,0.0166667
749,0.0588235,0.226891,0.134454,0.369748,0.201681,0.00840336
750,0.177778,0.2,0.0222222,0.2,0.377778,0.0222222
751,0.0454545,0.227273,0.227273,0.181818,0.272727,0.0454545
