1,0.111111,0.333333,0.111111,0.222222,0.111111,0.111111,1,Bug-7566a712-41c0-4a7d-ab59-bd285293c283,1398427141940
2,0.0909091,0.0909091,0.0909091,0.545455,0.0909091,0.0909091,3,Bug-dd998b5f-df09-40ca-9fcc-07dbd40f5ec6,1152052020000
3,0.0727273,0.2,0.1,0.272727,0.236364,0.118182,3,Bug-4ae0c313-de55-40e9-9827-5d163d661482,1383838895872
4,0.107407,0.0555556,0.166667,0.511111,0.114815,0.0444444,3,Bug-bb688fc5-60a1-42fd-a8a3-e1bd1b5acfd0,1379321502105
5,0.111111,0.142857,0.111111,0.31746,0.190476,0.126984,3,Bug-9cee75b8-c872-446a-b65f-0d85be47ce49,1370528027418
6,0.186441,0.0508475,0.0508475,0.59322,0.0677966,0.0508475,3,Bug-ac1588c9-5218-4b28-86c8-78a1a4d2d565,1305226815909
7,0.0272277,0.0693069,0.509901,0.190594,0.0519802,0.15099,2,Bug-282d19ba-1595-43f8-88cd-1e25783e2e8a,1405425291270
8,0.1,0.1,0.1,0.5,0.1,0.1,3,Bug-73c1f4e8-fbd8-4458-878f-c2de751498bc,1387462718760
9,0.307692,0.0384615,0.0384615,0.538462,0.0384615,0.0384615,3,Bug-85740c0d-e0f5-479b-ab1d-ef197a928d15,1409855051989
10,0.0473588,0.0947177,0.506375,0.258652,0.0655738,0.0273224,2,Bug-54fd4fe4-afab-4c7a-9189-0b0ec43e6970,1397192868824
11,0.0625,0.25,0.0625,0.5,0.0625,0.0625,3,Bug-b536c3ae-268a-4092-a81e-813962f46261,1352449545636
12,0.133333,0.0666667,0.0666667,0.6,0.0666667,0.0666667,3,Bug-60a260bb-a6d0-4c7d-b7b9-84bb73060ae6,1407159345670
13,0.025,0.5,0.1,0.325,0.025,0.025,1,Bug-fc00db1b-09ff-43f0-a2f7-c06db0f3e1b8,1392369555069
14,0.0108696,0.173913,0.228261,0.445652,0.0108696,0.130435,3,Bug-d2f701b1-9688-4c8a-aab5-15e52e480e17,1232827121369
15,0.015873,0.136905,0.420635,0.188492,0.198413,0.0396825,2,Bug-fe2933c6-a212-4da5-a279-ea66855d18ad,1382620281799
16,0.1,0.2,0.1,0.4,0.1,0.1,3,Bug-2bcd4a51-06c2-4116-94e3-a6b74501076a,1316456536252
17,0.104762,0.0285714,0.2,0.295238,0.361905,0.00952381,4,Bug-3c5fa6d7-8714-491a-9605-d476e0a2a14d,1410524414645
18,0.0285714,0.0285714,0.171429,0.542857,0.0285714,0.2,3,Bug-aebc7c95-4bde-4d10-b754-e1f76d8e46f3,1386339760871
19,0.190476,0.047619,0.0952381,0.333333,0.047619,0.285714,3,Bug-1e0e3f24-5a1c-4ce4-99f1-ee378318518f,1399023443146
20,0.2,0.5,0.05,0.15,0.05,0.05,1,Bug-df6b9780-b12a-4da3-b06f-1234b9c18dbf,1409567936008
21,0.473684,0.0263158,0.0789474,0.315789,0.0789474,0.0263158,0,Bug-3a745665-5d98-4b04-bd66-994767605f34,1404985517931
22,0.0833333,0.0833333,0.166667,0.583333,0.0416667,0.0416667,3,Bug-57c69d86-268f-438f-9c1c-c2463c2cabb6,1343114358370
23,0.0526316,0.578947,0.0526316,0.210526,0.0526316,0.0526316,1,Bug-da8562ae-d160-4bbc-9624-56b5cc6c73d1,1354014415131
24,0.04,0.64,0.04,0.08,0.04,0.16,1,Bug-22b77ad1-797c-4277-b2d3-bf5eefb45a1e,1340962778909
25,0.0909091,0.181818,0.0909091,0.272727,0.0909091,0.272727,3,Bug-b33cf78c-88c3-47f3-a4d1-36e8d80e4090,1335139953508
26,0.037037,0.555556,0.148148,0.185185,0.037037,0.037037,1,Bug-d03db259-6efa-4b84-a473-8c6f860df98b,1294157487573
27,0.0163934,0.245902,0.393443,0.311475,0.0163934,0.0163934,2,Bug-fe64bfe3-bb38-4c3d-b17f-586ce5642212,1410720517882
28,0.140351,0.0175439,0.122807,0.561404,0.105263,0.0526316,3,Bug-9ac2bc9e-4148-4182-b062-efda67d0eccd,1410937232561
29,0.00568182,0.181818,0.545455,0.113636,0.107955,0.0454545,2,Bug-be8c54de-b46e-497e-b2a1-86a72ff77435,1405706976392
30,0.00515464,0.283505,0.329897,0.185567,0.154639,0.0412371,2,Bug-ac828eef-b154-4077-8ebd-0e12d5510028,1391538791530
31,0.0555556,0.111111,0.222222,0.166667,0.333333,0.111111,4,Bug-27217a1d-369e-49e8-b17c-906526c68d80,1366033628503
32,0.0784314,0.27451,0.0980392,0.313725,0.0196078,0.215686,3,Bug-cb80d829-ec80-4619-8e16-58ee68ba99eb,1372087774753
33,0.0222222,0.133333,0.155556,0.555556,0.111111,0.0222222,3,Bug-027637f5-4986-46f8-a37c-903f8abe2ca1,1393364090952
34,0.0588235,0.0588235,0.529412,0.235294,0.0588235,0.0588235,2,Bug-d1f1bc7f-706c-45cf-8750-0f23609e6d01,1401358328538
35,0.2,0.1,0.1,0.3,0.1,0.2,3,Bug-f680fc37-418b-4f4a-bdc6-0fa42afdc9c9,1409938213807
36,0.142857,0.285714,0.142857,0.142857,0.142857,0.142857,1,Bug-3a4dbc01-93a9-4c59-948e-8330474ee069,1343663633463
37,0.115385,0.384615,0.0384615,0.384615,0.0384615,0.0384615,1,Bug-6631787d-03d5-4558-9813-6e521e3a4767,1346928101411
38,0.0366972,0.119266,0.088685,0.633028,0.0795107,0.0428135,3,Bug-76b2af27-8658-438a-acbe-8e84e5255a72,1404386713124
39,0.00306748,0.558282,0.273006,0.0521472,0.107362,0.00613497,1,Bug-6bf6960f-8d7f-4386-b90e-7b0bd1d7702d,1319541089461
40,0.208791,0.131868,0.0879121,0.384615,0.010989,0.175824,3,Bug-03398aa2-a73a-4bb0-8720-86b7a19ea2ac,1397262191545
41,0.0456989,0.0967742,0.094086,0.397849,0.25,0.115591,3,Bug-8e41e719-5584-4a33-9199-fcc3d87e5c09,1376659744585
42,0.0126582,0.0379747,0.189873,0.43038,0.0126582,0.316456,3,Bug-c8980757-8b6b-4b5a-a119-fc8f922566d4,1406401786932
43,0.142857,0.214286,0.107143,0.107143,0.392857,0.0357143,4,Bug-90d17e2e-9dd8-4f3f-9eb9-849a909cea32,1277424840214
44,0.111111,0.111111,0.111111,0.444444,0.111111,0.111111,3,Bug-59412b60-7e28-4c1f-ae14-8416cf3024ce,1386057310602
45,0.0545455,0.2,0.181818,0.309091,0.118182,0.136364,3,Bug-dd89b444-1ba2-4c5f-8083-8690a5b761ff,1393022317313
46,0.0070922,0.0496454,0.475177,0.141844,0.170213,0.156028,2,Bug-e3e03c79-ef7f-4f91-9520-1a2947529cf1,1390304763316
47,0.0769231,0.615385,0.0769231,0.0769231,0.0769231,0.0769231,1,Bug-e93470c7-2bb4-453c-9ae8-c35ef5021747,1363796712454
48,0.0344828,0.275862,0.0344828,0.517241,0.0344828,0.103448,3,Bug-93eaa6f6-403f-4d02-bbf3-7bc599580afc,1246951808885
49,0.0588235,0.470588,0.0588235,0.294118,0.0588235,0.0588235,1,Bug-d6ba16a5-5bf3-4b4d-be21-0ce66a82fa1b,1410290339359
50,0.355556,0.155556,0.288889,0.0444444,0.0222222,0.133333,0,Bug-9f9c4fe4-e303-4a9b-89db-5185e8e987ea,1379325135623
51,0.0909091,0.545455,0.0909091,0.0909091,0.0909091,0.0909091,1,Bug-77d5cb6e-8557-4f73-8cfe-838d85822a98,1374162790996
52,0.358382,0.0924855,0.0635838,0.398844,0.0404624,0.0462428,3,Bug-af6fada9-66e3-4610-a410-36d04dc0b603,1402644272169
53,0.122905,0.134078,0.206704,0.318436,0.201117,0.0167598,3,Bug-bbfcfcc3-c486-48ee-aafd-6f5857270a95,1384254539929
54,0.00900901,0.0900901,0.531532,0.108108,0.207207,0.0540541,2,Bug-472cfcb5-9a8f-4243-a0a2-b525fe2534cb,1300177868998
55,0.25,0.291667,0.104167,0.104167,0.0833333,0.166667,1,Bug-f7882376-54cf-4ac6-9b39-8a2ceb610f25,1382453721062
56,0.333333,0.309524,0.119048,0.142857,0.0238095,0.0714286,0,Bug-f27ec951-d7df-4474-9aa0-2d9511759c9a,1395939325060
57,0.223881,0.0447761,0.283582,0.253731,0.164179,0.0298507,2,Bug-96293358-3d57-4103-adf3-729a5ae400a5,1400848811998
58,0.0909091,0.0909091,0.272727,0.363636,0.0909091,0.0909091,3,Bug-095c1309-fcd4-49b9-a962-efe577a0ed27,1159913040000
59,0.202247,0.224719,0.247191,0.303371,0.011236,0.011236,3,Bug-93c65727-391a-467c-8c90-317f283c4233,1168969740000
60,0.109375,0.15625,0.171875,0.4375,0.03125,0.09375,3,Bug-f2315723-5cca-4a13-b3c2-2d55f194d55e,1384175201849
61,0.0416667,0.0729167,0.583333,0.239583,0.0104167,0.0520833,2,Bug-36330b15-10df-4d87-8098-0eeb80d3446f,1404934635382
62,0.0227273,0.318182,0.340909,0.159091,0.136364,0.0227273,2,Bug-b3671d77-4138-4b71-91f2-8abf21887d5a,1314267300604
63,0.0151515,0.287879,0.348485,0.166667,0.151515,0.030303,2,Bug-d98125c3-dc52-4c3a-bd7a-63f4592c10ae,1387284737400
64,0.125,0.125,0.125,0.375,0.125,0.125,3,Bug-dd0de499-789e-4763-b70e-ed9d21d44f4c,1404996903239
65,0.0416667,0.333333,0.0833333,0.3125,0.0833333,0.145833,1,Bug-6edf0d0c-9dfa-4daa-8f09-53c29c001e02,1397661442954
66,0.190476,0.166667,0.309524,0.190476,0.0238095,0.119048,2,Bug-f9d36982-877e-4da2-84e2-7e1b81654bfb,1385108165830
67,0.169811,0.0754717,0.0754717,0.396226,0.264151,0.0188679,3,Bug-0b99b698-23ca-456b-baaf-355c6410657b,1392657870018
68,0.0672547,0.0672547,0.0341786,0.179713,0.00661521,0.644983,5,Bug-7bedb6f2-9943-4d7d-af9e-edeea65732df,1392439032351
69,0.0107527,0.0860215,0.0752688,0.655914,0.0107527,0.16129,3,Bug-811ecc97-aa79-4735-b1a1-16172c9310ac,1393400934330
70,0.0769231,0.0769231,0.0769231,0.461538,0.230769,0.0769231,3,Bug-eae29f77-ef2e-481d-ad73-567a4e239b28,1370169218065
71,0.0197368,0.111842,0.197368,0.322368,0.197368,0.151316,3,Bug-33d0dfa8-821d-4dd2-8d5c-d5b7c6dd104c,1391797638649
72,0.0416667,0.0833333,0.208333,0.375,0.25,0.0416667,3,Bug-c45fcf41-db9b-48b3-b519-a3583b52fd41,1390576378059
73,0.216667,0.566667,0.0166667,0.0833333,0.0166667,0.1,1,Bug-f788f0ba-f560-40e2-9767-af848e864269,1381300506426
74,0.0103093,0.0103093,0.0206186,0.639175,0.309278,0.0103093,3,Bug-30b4c354-d40e-4117-b867-74993431e82f,1404315330753
75,0.0491803,0.0983607,0.0819672,0.737705,0.0163934,0.0163934,3,Bug-180ed0f1-e426-48ce-8555-cf446def7ced,1376327523290
76,0.10084,0.252101,0.159664,0.319328,0.10084,0.0672269,3,Bug-5b6e1115-eacf-4d93-a0fd-e2ba86198bbf,1391036050053
77,0.344828,0.137931,0.0344828,0.413793,0.0344828,0.0344828,3,Bug-8d8b7316-fb71-4e6c-8e95-3260b6499c13,1293502233727
78,0.0078125,0.125,0.304688,0.375,0.0078125,0.179688,3,Bug-5fad21fc-59f6-4e76-b120-f80444c0e33c,1288652723811
79,0.0263158,0.131579,0.105263,0.618421,0.0394737,0.0789474,3,Bug-603f490e-f508-4e6e-9a56-3482d9a4b9eb,1380743162974
80,0.030303,0.606061,0.030303,0.272727,0.030303,0.030303,1,Bug-15497189-df4d-4510-b7b0-b3a24d011b7a,1311702764432
81,0.142857,0.285714,0.142857,0.142857,0.142857,0.142857,1,Bug-43ec6d95-daf8-4640-9ee8-f71e3f745840,1398493581631
82,0.0454545,0.454545,0.363636,0.0454545,0.0454545,0.0454545,1,Bug-1a515b58-9a39-48fc-8d6a-b0d8bea334c1,1390388421098
83,0.0277778,0.305556,0.0277778,0.277778,0.0277778,0.333333,5,Bug-72746969-8668-4b49-bd68-c370ced08557,1240943346910
84,0.0232558,0.209302,0.534884,0.186047,0.0232558,0.0232558,2,Bug-8880786c-d828-4aa5-9849-9ce0520d12d7,1405630590085
85,0.125,0.375,0.125,0.125,0.125,0.125,1,Bug-54f897c7-34e0-4e76-836b-2c927aa5ab85,1147272060000
86,0.337079,0.168539,0.11236,0.280899,0.0898876,0.011236,0,Bug-be98d1ed-3afd-44af-ac6d-1ac7245a236b,1234426147960
87,0.142857,0.285714,0.142857,0.142857,0.142857,0.142857,1,Bug-eea9da6a-84b7-40b8-86ad-658f47271f75,1400226192845
88,0.0526316,0.421053,0.0526316,0.263158,0.157895,0.0526316,1,Bug-5dc8a27e-6363-4663-90c4-7aa71e9054c4,1257980336398
89,0.0172414,0.0689655,0.327586,0.482759,0.0689655,0.0344828,3,Bug-0f28c955-97e7-4085-bb34-b66bd7eb8199,1368010625876
90,0.0535714,0.178571,0.375,0.339286,0.0357143,0.0178571,2,Bug-69c6043d-7ce8-4fc5-97a0-4bd4e0dfaedb,1394653660099
91,0.0526316,0.210526,0.263158,0.157895,0.0263158,0.289474,5,Bug-65de7ca6-237d-42b2-aac0-b46cccee86e1,1330518742939
92,0.343915,0.306878,0.10582,0.100529,0.00529101,0.137566,0,Bug-93a0e512-d0f8-42a1-88d5-051c2bbf15c9,1401808451674
93,0.16,0.2,0.4,0.04,0.08,0.12,2,Bug-8e20e7e3-71b0-4a8d-9a3f-d651036d74c5,1326212734236
94,0.0555556,0.722222,0.0555556,0.0555556,0.0555556,0.0555556,1,Bug-a738cc4d-d495-4b55-9ed8-e93b330cf66d,1403973635100
95,0.272727,0.272727,0.0909091,0.181818,0.0909091,0.0909091,0,Bug-037589be-ea6a-40df-8d94-a8a676f183a6,1393366429975
96,0.0875,0.1875,0.25,0.275,0.125,0.075,3,Bug-1d042a22-3bb4-4067-af7c-82cd72700210,1400051717384
97,0.00666667,0.08,0.16,0.526667,0.02,0.206667,3,Bug-640e7acb-6623-4ce9-b49a-b3011ea769fe,1397904102313
98,0.0227273,0.454545,0.136364,0.340909,0.0227273,0.0227273,1,Bug-8ba0cbcf-c99b-424f-8a99-339c9324f717,1390848269037
99,0.0769231,0.615385,0.0769231,0.0769231,0.0769231,0.0769231,1,Bug-7fb95911-b9f3-4584-acdb-492f55be340d,1410440570568
100,0.0322581,0.16129,0.354839,0.290323,0.0322581,0.129032,2,Bug-eb87ff80-a7d3-4d4f-8a80-b4ef7bb7f8f1,1147349700000
101,0.09375,0.03125,0.625,0.1875,0.03125,0.03125,2,Bug-88c6064c-9a1a-4244-b5f9-a0d344842404,1382390731511
102,0.0909091,0.363636,0.0454545,0.409091,0.0454545,0.0454545,3,Bug-b04293af-71ee-481f-a4ba-dde9c85623d5,1381438540351
103,0.00724638,0.376812,0.318841,0.166667,0.0507246,0.0797101,1,Bug-bd3dd400-f5a8-4c63-a8d3-4fc73f013497,1386967040356
104,0.439024,0.0243902,0.0243902,0.463415,0.0243902,0.0243902,3,Bug-dfbe25f3-08c6-4381-aaa2-44c87e757071,1169443800000
105,0.159091,0.318182,0.181818,0.204545,0.113636,0.0227273,1,Bug-f9111a11-da12-4abc-be4c-fbb4de35fe1a,1277139860573
106,0.0714286,0.5,0.214286,0.0714286,0.0714286,0.0714286,1,Bug-0952d1b0-dced-4f28-bf97-e232c0940f2f,1392972991554
107,0.0169492,0.288136,0.0677966,0.440678,0.152542,0.0338983,3,Bug-701a75f9-5553-4e57-a208-1cd6d8466063,1306429338607
108,0.1,0.5,0.1,0.1,0.1,0.1,1,Bug-b356a5f1-bb38-4b86-8cb6-ce056b2e4e90,1409944051117
109,0.0181818,0.109091,0.163636,0.509091,0.0727273,0.127273,3,Bug-d8728201-cdd2-459b-b016-bc6531481d01,1381168704321
110,0.111111,0.444444,0.111111,0.111111,0.111111,0.111111,1,Bug-eba67145-2513-4bdd-a726-9b0eedeab426,1328032748040
111,0.0416667,0.0416667,0.0833333,0.708333,0.0416667,0.0833333,3,Bug-741375b6-7895-4ea5-9568-252076697928,1372930715690
112,0.0714286,0.0357143,0.142857,0.642857,0.0714286,0.0357143,3,Bug-cae3a404-f995-4b37-96b4-475bdb033bed,1409745747469
113,0.037037,0.555556,0.037037,0.296296,0.037037,0.037037,1,Bug-6e931ecf-d2a2-435c-806b-83c5dbcba1b2,1402057656876
114,0.04,0.32,0.2,0.36,0.04,0.04,3,Bug-3212945e-cc04-4452-8524-354fd31d5345,1392814466681
115,0.144444,0.355556,0.166667,0.177778,0.144444,0.0111111,1,Bug-2c38e4f7-c7ed-4eca-a0cb-a2e20a6c1686,1283958080351
116,0.125,0.125,0.25,0.25,0.125,0.125,2,Bug-dab43b23-5621-4588-86d8-a027f5ec10ad,1146132840000
117,0.0909091,0.0909091,0.0909091,0.545455,0.0909091,0.0909091,3,Bug-8f95964c-b0da-40e5-80b6-7c31d024dbc1,1391807623777
118,0.0434783,0.0434783,0.130435,0.478261,0.26087,0.0434783,3,Bug-2d1f3fc0-0c25-4e96-9df5-e36d8c1ef727,1405169575317
119,0.125,0.125,0.125,0.25,0.125,0.25,3,Bug-ec4cd9ab-2dbc-4c4b-8f98-e0106a0c9d6e,1358277104556
120,0.0454545,0.772727,0.0454545,0.0454545,0.0454545,0.0454545,1,Bug-0ea5444e-2b9f-4d1e-89d4-df5cd796cc39,1273524466309
121,0.125,0.25,0.0625,0.4375,0.0625,0.0625,3,Bug-5b61a7f9-a916-4118-ab06-7bddb0362326,1373555762128
122,0.15493,0.309859,0.183099,0.309859,0.0140845,0.028169,1,Bug-82c2d5b5-c578-43de-96ca-954da382a2a8,1379615787388
123,0.3,0.414286,0.0428571,0.214286,0.0142857,0.0142857,1,Bug-9618bed9-64e0-4e10-a343-18c6ad17fa9a,1267695760800
124,0.125,0.166667,0.0416667,0.366667,0.258333,0.0416667,3,Bug-9a6a009b-3311-4e81-9868-1c026daa17a0,1292832304306
125,0.181818,0.0340909,0.511364,0.25,0.0113636,0.0113636,2,Bug-e2992f3f-ecb4-4bc3-94ac-4a4b00f7d059,1405414981533
126,0.047619,0.571429,0.047619,0.047619,0.238095,0.047619,1,Bug-23db7cbc-66a0-466d-ae94-fecb7feda812,1402752318045
127,0.0625,0.0625,0.0625,0.5625,0.1875,0.0625,3,Bug-479f4e5e-b9e9-476e-ab0b-14bb0a688d07,1373986195963
128,0.0416667,0.375,0.0416667,0.291667,0.208333,0.0416667,1,Bug-fe065230-20dc-4f5e-a529-e5f8271961bb,1168873740000
129,0.0375,0.425,0.0625,0.2875,0.0625,0.125,1,Bug-2a1cab50-44c8-4bb6-8719-f374a6847f2a,1406299296956
130,0.0277778,0.263889,0.0416667,0.597222,0.0277778,0.0416667,3,Bug-c1349660-1f6a-4cee-97f0-adf78a839b88,1398242993079
131,0.0588235,0.470588,0.176471,0.0588235,0.0588235,0.176471,1,Bug-9d822291-32a9-4f7f-bb24-39bfd18dbea7,1402576210277
132,0.478261,0.0217391,0.173913,0.23913,0.0217391,0.0652174,0,Bug-0b7d1f98-ba21-4796-a187-ec5ac0b8a8cf,1399916813574
133,0.05,0.15,0.15,0.55,0.05,0.05,3,Bug-9a25b5e7-20f2-4447-a59e-6b16d25331e8,1370365946431
134,0.0625,0.0625,0.25,0.5,0.0625,0.0625,3,Bug-89cd21cb-260c-4471-9edc-d7dccb46d843,1370608874572
135,0.0833333,0.0833333,0.166667,0.166667,0.0833333,0.416667,5,Bug-9ac201a6-f25e-4518-ac8f-fb2b6ca42892,1403109761406
136,0.0714286,0.0238095,0.190476,0.428571,0.214286,0.0714286,3,Bug-c4095fd4-89ad-4e88-ad4d-77045323c884,1354275645757
137,0.102804,0.154206,0.130841,0.373832,0.0934579,0.14486,3,Bug-de99bdc9-567e-41d9-b21d-89b03c72d9af,1285700527369
138,0.0588235,0.529412,0.0588235,0.0588235,0.235294,0.0588235,1,Bug-cad6fe21-b2de-4a3d-908b-aac9ecc03f55,1409817803202
139,0.184524,0.172619,0.196429,0.327381,0.00595238,0.113095,3,Bug-b4524fb8-0ceb-467a-b163-cafbd82f15cc,1202308200000
140,0.0454545,0.0454545,0.181818,0.545455,0.136364,0.0454545,3,Bug-f76f9efb-06ce-4feb-8537-22d220005384,1395426622347
141,0.0285714,0.4,0.0857143,0.4,0.0571429,0.0285714,1,Bug-5e13a08b-ca3d-4f47-aaef-ac6bd265e515,1382022815211
142,0.0208333,0.25,0.291667,0.0416667,0.354167,0.0416667,4,Bug-54889e2d-267c-423c-bf82-8cacbd208c38,1139244480000
143,0.0263158,0.0789474,0.394737,0.447368,0.0263158,0.0263158,3,Bug-b2c8eba1-d85e-4e24-85d8-5ebca83503e0,1410158373323
144,0.375,0.0625,0.0625,0.3125,0.125,0.0625,0,Bug-dbbb2573-5c62-4ab4-a649-0761cec8e10c,1393169540555
145,0.0388889,0.422222,0.161111,0.0444444,0.0777778,0.255556,1,Bug-d7ff22dc-7141-4cf8-9f2b-4ef37a4107c7,1404051399003
146,0.0316456,0.0506329,0.253165,0.335443,0.0443038,0.28481,3,Bug-57505741-c2e0-4af8-924c-f216f1879a23,1350677227154
147,0.117647,0.0588235,0.117647,0.588235,0.0588235,0.0588235,3,Bug-a32605ee-9146-4ce6-92d2-111ed6f081ef,1399931334081
148,0.35,0.15,0.3,0.05,0.1,0.05,0,Bug-948d0133-4189-4166-ab79-a31cf490e0de,1336132671165
149,0.311594,0.242754,0.126812,0.213768,0.0978261,0.00724638,0,Bug-7167ef76-5422-41f3-befc-40d33ddcd5ac,1386801860208
150,0.0277778,0.0277778,0.0555556,0.333333,0.527778,0.0277778,4,Bug-f85c14bd-398c-4bc1-9696-29600c30bd0b,1388898982612
151,0.126984,0.047619,0.142857,0.555556,0.015873,0.111111,3,Bug-c38c1ce3-98ac-489a-ae26-9565bcf2e178,1378806609235
152,0.130137,0.0479452,0.0616438,0.356164,0.39726,0.00684932,4,Bug-4e844691-f166-4699-bc9b-3fee54df77bf,1355959127664
153,0.136364,0.25,0.136364,0.431818,0.0227273,0.0227273,3,Bug-1a82825a-f5c2-4055-a3ae-49acc78d07d2,1390291515923
154,0.0136986,0.246575,0.260274,0.273973,0.191781,0.0136986,3,Bug-75cb0fc9-07e3-4d73-acac-52077e073f58,1379526931136
155,0.0350877,0.22807,0.192982,0.263158,0.122807,0.157895,3,Bug-c33aa5ff-4220-4558-91bf-8aa0218f50fd,1287509168999
156,0.105263,0.0526316,0.473684,0.263158,0.0526316,0.0526316,2,Bug-dcb89c72-825c-4744-b3c7-72f186939b81,1392381523357
157,0.0818182,0.1,0.2,0.181818,0.00454545,0.431818,5,Bug-bf228dd2-e516-4b86-a7ae-a1f2ce1a22af,1406390940130
158,0.142857,0.142857,0.142857,0.285714,0.142857,0.142857,3,Bug-ebdee78f-5672-48c0-b3c3-7dc4ff074ddb,1399894472551
159,0.0333333,0.0333333,0.466667,0.266667,0.166667,0.0333333,2,Bug-55f51aac-4777-411e-ac21-65d0e5791841,1359991346958
160,0.1,0.1,0.1,0.4,0.2,0.1,3,Bug-22705d29-d151-41aa-885a-4044f2f222a2,1395423975865
161,0.16129,0.322581,0.0322581,0.387097,0.0322581,0.0645161,3,Bug-13a6a4b8-47d9-4c11-852d-0fe3e8937681,1400766614175
162,0.0545455,0.0181818,0.345455,0.527273,0.0363636,0.0181818,3,Bug-f9eb2081-b6a8-42a6-a8d9-77bab811cdbf,1311611271573
163,0.227273,0.030303,0.121212,0.30303,0.242424,0.0757576,3,Bug-61618790-3d9b-4c9c-ad4e-bc6b8ae823a4,1349753223367
164,0.047619,0.333333,0.047619,0.47619,0.047619,0.047619,3,Bug-c4aa5080-e049-4eda-8416-5e5503952446,1317723805825
165,0.111111,0.111111,0.333333,0.222222,0.111111,0.111111,2,Bug-62a819cd-3362-4046-895c-2a6d3c103d8f,1397234018046
166,0.333333,0.111111,0.111111,0.222222,0.111111,0.111111,0,Bug-83cc4de0-44f2-4d77-8d11-2281363589bd,1314647043526
167,0.0588235,0.0588235,0.0588235,0.705882,0.0588235,0.0588235,3,Bug-e5bf43c8-2fa5-43bd-8e43-4c531c9f28d0,1395493890826
168,0.05,0.75,0.05,0.05,0.05,0.05,1,Bug-0f345acf-8ba7-41f6-80a9-60236972fbe4,1398433976554
169,0.08,0.52,0.24,0.08,0.04,0.04,1,Bug-3c338633-b722-4968-9e83-b1c8f5489240,1405683200382
170,0.00645161,0.0193548,0.406452,0.335484,0.148387,0.083871,2,Bug-7b5170f9-a67c-4845-80a8-2cff43c40a05,1400486695950
171,0.0540541,0.00675676,0.472973,0.452703,0.00675676,0.00675676,2,Bug-a0c2dd10-d98c-4c0b-ba31-867ad168dba9,1409690343972
172,0.0277778,0.833333,0.0277778,0.0555556,0.0277778,0.0277778,1,Bug-d17d4d0b-ce04-4edc-9ba2-9a28e99f75d7,1310551525507
173,0.0144928,0.0434783,0.57971,0.130435,0.217391,0.0144928,2,Bug-1bcb4289-1c35-422e-9703-536dddcc36ca,1174563300000
174,0.0769231,0.153846,0.153846,0.461538,0.0769231,0.0769231,3,Bug-a0781b4d-3b65-45f0-9ac9-3bd4a4236a1f,1380659119910
175,0.31291,0.0656455,0.129103,0.299781,0.0218818,0.170678,0,Bug-79a956e9-a45a-42f8-a967-fc00719dfa76,1408353433573
176,0.136986,0.191781,0.150685,0.479452,0.0273973,0.0136986,3,Bug-df29a7ca-7818-4ce0-8ef8-8f00d345ffab,1399214044136
177,0.0185185,0.0185185,0.222222,0.444444,0.0185185,0.277778,3,Bug-85cdcc46-9340-4355-99df-25ce5b97d700,1395757538717
178,0.02,0.165,0.235,0.435,0.055,0.09,3,Bug-7935ca5d-711f-4c98-bd1b-adafe8b1a602,1392610656548
179,0.0294118,0.117647,0.0294118,0.617647,0.0882353,0.117647,3,Bug-a343848d-5cbc-4b93-ab88-291ae424371f,1393075781083
180,0.276316,0.184211,0.118421,0.0921053,0.315789,0.0131579,4,Bug-c1a23ed1-3dd4-4ce5-9350-da56259e5ca7,1396454869095
181,0.0909091,0.545455,0.0909091,0.0909091,0.0909091,0.0909091,1,Bug-584626c5-f0b5-4994-95e1-2d6e458dc877,1410431590555
182,0.027027,0.405405,0.216216,0.297297,0.027027,0.027027,1,Bug-238c4d46-96f8-4e89-bda9-5fe205866f85,1391699337888
183,0.1,0.1,0.1,0.5,0.1,0.1,3,Bug-bbe62d8c-ddda-4bc8-b42e-bb6c4d35a077,1407409509505
184,0.0344828,0.172414,0.0344828,0.482759,0.241379,0.0344828,3,Bug-dbbc2ce4-a38c-43e4-84cf-73a7a44e2367,1311017332122
185,0.0769231,0.179487,0.333333,0.025641,0.230769,0.153846,2,Bug-c9f53a0e-5c93-45d3-8102-958fdbcae302,1380044407728
186,0.1,0.1,0.1,0.3,0.3,0.1,3,Bug-2b73fb76-e70b-4477-bac8-34d06af3983c,1394697065015
187,0.0613208,0.174528,0.495283,0.193396,0.0518868,0.0235849,2,Bug-8edd9658-0bb1-4d41-ba19-fd2414c1a993,1348503601146
188,0.0392157,0.392157,0.196078,0.27451,0.0784314,0.0196078,1,Bug-66b24c7b-c756-4473-a7d2-5c2b3a86293e,1285163270027
189,0.742857,0.0142857,0.114286,0.0857143,0.0285714,0.0142857,0,Bug-a7a146d5-38a7-46ae-88db-e2154ad38046,1382618723647
190,0.01,0.03,0.08,0.53,0.01,0.34,3,Bug-4b58c605-2bef-49f2-8f53-474ea43d4eaa,1333792654505
191,0.0654206,0.205607,0.0841121,0.411215,0.0934579,0.140187,3,Bug-c2b96265-7ea6-4144-8a7c-0223ff295ac7,1405679413198
192,0.0769231,0.0769231,0.153846,0.307692,0.307692,0.0769231,3,Bug-0bb70f11-ca07-432b-9de8-594166c79a01,1372174270493
193,0.05,0.25,0.05,0.55,0.05,0.05,3,Bug-c53e4cd4-5aee-45f6-abd2-815cec04495d,1398767432596
194,0.227273,0.0227273,0.25,0.431818,0.0454545,0.0227273,3,Bug-7476b4f4-9d02-43a0-889c-c9d5729ae2f4,1181668980000
195,0.0534351,0.549618,0.137405,0.175573,0.0458015,0.0381679,1,Bug-2526257b-d2a9-4f06-a83a-37594c93d5ca,1273013661210
196,0.040404,0.146465,0.401515,0.275253,0.111111,0.0252525,2,Bug-673c1621-fae6-4352-91a2-4503f69d6849,1286832891078
197,0.258065,0.290323,0.0322581,0.0322581,0.16129,0.225806,1,Bug-6b0f38cf-7503-46ed-a64c-334a90a60656,1391525410442
198,0.0909091,0.363636,0.0909091,0.272727,0.0909091,0.0909091,1,Bug-557277d4-ddb8-44c5-a383-439d1070201d,1406828353752
199,0.111111,0.333333,0.222222,0.111111,0.111111,0.111111,1,Bug-5d5fa9ee-518c-4df4-b8f6-05e31aa1385b,1155292080000
200,0.0625,0.125,0.0625,0.625,0.0625,0.0625,3,Bug-ce3d595e-974e-41b1-ac59-483460646f39,1374848228996
201,0.130435,0.0434783,0.0869565,0.652174,0.0434783,0.0434783,3,Bug-4c2af122-5939-4e6a-a0b0-ff03799851dc,1393597752897
202,0.0322581,0.0967742,0.290323,0.258065,0.0322581,0.290323,2,Bug-c295bbb8-2bdf-4b44-a8f4-8f0b07628c4a,1363293173232
203,0.526316,0.0526316,0.0526316,0.263158,0.0526316,0.0526316,0,Bug-51e29529-499a-4926-9826-bb68e8fb00dd,1366582282287
204,0.291667,0.208333,0.166667,0.25,0.0416667,0.0416667,0,Bug-0c8babd4-559a-478e-9d46-348c334e58ce,1374231127332
205,0.0204082,0.142857,0.55102,0.163265,0.0408163,0.0816327,2,Bug-96f690b9-a04d-4352-8735-1957b38ed53b,1390239391616
206,0.133333,0.0533333,0.173333,0.0666667,0.56,0.0133333,4,Bug-0140b6b3-026f-49cf-8b3e-018e46a85a71,1395686131374
207,0.0243902,0.0487805,0.560976,0.317073,0.0243902,0.0243902,2,Bug-1ee83cc5-8673-4f5e-8461-4d14bdb2f6d9,1397474666191
208,0.0714286,0.285714,0.0714286,0.428571,0.0714286,0.0714286,3,Bug-4af75f81-a3ac-4207-a05f-70fe293ae15a,1397412534200
209,0.0344828,0.827586,0.0344828,0.0344828,0.0344828,0.0344828,1,Bug-8d6dcc2e-3682-4620-9bf5-293cc520b0ba,1405930302268
210,0.111111,0.111111,0.222222,0.333333,0.111111,0.111111,3,Bug-db7ec4ca-fd37-49d1-be26-436c84994801,1246940867899
211,0.0588235,0.0588235,0.411765,0.0588235,0.352941,0.0588235,2,Bug-64869500-2a00-4e8a-b305-71f4b12eb3c2,1364302966739
212,0.111111,0.0413437,0.129199,0.583979,0.0439276,0.0904393,3,Bug-49f7f656-5335-42cd-bc33-170733b74ed7,1403885309300
213,0.106061,0.0858586,0.0454545,0.318182,0.439394,0.00505051,4,Bug-c20ad1ec-9315-47a4-b4b5-4c3cc21aeef4,1391981356967
214,0.205298,0.0993377,0.139073,0.377483,0.0596026,0.119205,3,Bug-9d478ea8-16f6-4f67-a776-b591db549117,1393343625964
215,0.0944882,0.362205,0.0866142,0.251969,0.11811,0.0866142,1,Bug-035254e1-b6bc-44cf-aefc-b963b03b0053,1284467386623
216,0.4,0.05,0.1,0.05,0.05,0.35,0,Bug-f78cefec-1723-4db1-b751-01461043feee,1370432184331
217,0.0810811,0.135135,0.0540541,0.27027,0.405405,0.0540541,4,Bug-3285f7b7-5030-422f-bb5c-fbe65ab5c6ed,1360224207982
218,0.194444,0.333333,0.0277778,0.305556,0.111111,0.0277778,1,Bug-9d7d4ed2-8478-4a15-838f-4cdeb8f5f403,1274009956215
219,0.111111,0.155556,0.511111,0.0666667,0.133333,0.0222222,2,Bug-7346f2c5-9ec4-448c-a387-1fd5e799fa3e,1325892911573
220,0.1,0.1,0.1,0.5,0.1,0.1,3,Bug-19efb550-8be5-44a1-b967-8bd27def996a,1324232271057
221,0.16,0.44,0.04,0.28,0.04,0.04,1,Bug-3040f867-6224-4833-a7b7-70f137a8353d,1335443463921
222,0.0555556,0.037037,0.361111,0.314815,0.222222,0.00925926,2,Bug-2ea951b0-1df5-4f0d-8533-5f08b82e3eb8,1404755646869
223,0.0322581,0.290323,0.258065,0.354839,0.0322581,0.0322581,3,Bug-105f81ef-83ac-4cdf-aa4f-f08786d73e61,1407041039580
224,0.0454545,0.409091,0.0454545,0.409091,0.0454545,0.0454545,1,Bug-ff088c77-498a-49a5-abfa-c7c9c89d9603,1356653870404
225,0.0612245,0.0816327,0.122449,0.326531,0.0204082,0.387755,5,Bug-f2e0d136-4e7b-4862-86de-3876ba790ea8,1395954135126
226,0.3125,0.375,0.125,0.0625,0.0625,0.0625,1,Bug-cf36f593-3d17-42b5-b307-19cc6d063fc3,1259001876378
227,0.233533,0.131737,0.161677,0.149701,0.257485,0.0658683,4,Bug-e45d3547-2fcb-4554-9b29-41346db76530,1389704358795
228,0.44898,0.22449,0.0408163,0.0204082,0.244898,0.0204082,0,Bug-eab04551-58c9-4f51-bddc-5b9792ea1589,1376324181628
229,0.142857,0.238095,0.297619,0.297619,0.0119048,0.0119048,2,Bug-c6c988c7-5b6f-4832-981b-9c05924125d4,1364510220658
230,0.0217391,0.195652,0.369565,0.108696,0.0217391,0.282609,2,Bug-e756d68a-f10a-47fe-9630-fe2808b91dbb,1397618503840
231,0.111111,0.444444,0.111111,0.111111,0.111111,0.111111,1,Bug-f22e116e-cc84-41bd-a48d-e3d91bdb009f,1391120594475
232,0.125,0.25,0.125,0.25,0.125,0.125,1,Bug-6df5ad4f-49f2-4493-b5d8-c5f155166a47,1388699731591
233,0.0177515,0.0473373,0.147929,0.642012,0.0887574,0.056213,3,Bug-a2965f9c-d7f4-4e5e-a3c2-db69a89e326e,1381164206538
234,0.00934579,0.0373832,0.0747664,0.71028,0.158879,0.00934579,3,Bug-cd686a09-3310-4f7b-91ea-0230c34d003c,1303821197004
235,0.0310559,0.161491,0.0559006,0.515528,0.136646,0.0993789,3,Bug-2195ba3c-92c9-459a-80d6-3b37951d3746,1399033830553
236,0.0555556,0.388889,0.0555556,0.111111,0.0555556,0.333333,1,Bug-d76641be-bde3-45bf-8640-42101272cbf8,1294396118265
237,0.0125,0.325,0.2,0.25,0.1,0.1125,1,Bug-5cd4889b-a4f6-4e7d-aa18-f2b498d48bb0,1401919022923
238,0.0526316,0.157895,0.263158,0.105263,0.315789,0.105263,4,Bug-910bd539-5941-4ecb-b464-d8e417708636,1391787914987
239,0.0538462,0.192308,0.184615,0.453846,0.0846154,0.0307692,3,Bug-96270499-0ea8-4515-83ac-618faa8b72d2,1349787099274
240,0.142857,0.142857,0.142857,0.285714,0.142857,0.142857,3,Bug-b07ccdeb-ae55-4770-82b9-4b2965dee38a,1371470333311
241,0.0714286,0.5,0.214286,0.0714286,0.0714286,0.0714286,1,Bug-d9c6960f-839a-48f7-b715-52af2ec12917,1378290438117
242,0.00775194,0.20155,0.364341,0.271318,0.0232558,0.131783,2,Bug-1a2b0fcc-4cf1-47e3-b54c-bae555e2cd7e,1392148094747
243,0.0714286,0.285714,0.0714286,0.285714,0.214286,0.0714286,1,Bug-59ff82fd-d4f6-4238-badb-16f73309dd70,1400742737495
244,0.0265487,0.0265487,0.0707965,0.00884956,0.0973451,0.769912,5,Bug-49b87328-c41f-49fb-a1bd-75f5cf6f59cc,1404307349905
245,0.0952381,0.031746,0.0793651,0.714286,0.031746,0.047619,3,Bug-5fc67ef8-ab3e-49e3-b782-5dbceede2462,1395712338561
246,0.0131579,0.263158,0.0789474,0.552632,0.0789474,0.0131579,3,Bug-364e38a5-df37-4f97-967a-a32bce38d6dc,1397595168314
247,0.0217391,0.0217391,0.0434783,0.608696,0.0217391,0.282609,3,Bug-c5c8ffc2-ef18-4259-b966-462e6b8e755a,1285789750131
248,0.047619,0.380952,0.047619,0.142857,0.047619,0.333333,1,Bug-c11237e4-ec51-4eb2-ad80-b8604eea03f7,1400550683758
249,0.0833333,0.25,0.0277778,0.333333,0.25,0.0555556,3,Bug-793a09f2-f445-4e67-848f-67a567ed21f7,1238679885206
250,0.125,0.125,0.125,0.375,0.125,0.125,3,Bug-90ec3dd6-60ef-4171-8b63-0dfee6fd8aee,1410767615403
251,0.0588235,0.0588235,0.411765,0.352941,0.0588235,0.0588235,2,Bug-975223f7-50be-475b-a2aa-767d77e044ae,1371029509244
252,0.0714286,0.0714286,0.0714286,0.571429,0.142857,0.0714286,3,Bug-eec56848-38fa-4e83-bd09-8d186ef07c28,1408352637944
253,0.111111,0.111111,0.111111,0.222222,0.111111,0.333333,5,Bug-edc1e0bd-a6b0-4b15-9631-df614d3422a2,1148651700000
254,0.109091,0.618182,0.0181818,0.218182,0.0181818,0.0181818,1,Bug-2bfd9e0c-9858-4e6d-a00f-c3c78db38869,1404932795985
255,0.0714286,0.0714286,0.142857,0.5,0.142857,0.0714286,3,Bug-cc64b221-55b6-4044-b6c4-86d9774d8ce6,1176222420000
256,0.0357143,0.464286,0.0357143,0.25,0.0357143,0.178571,1,Bug-6866e29a-01f3-4fd9-b0f4-b231b040e4aa,1319740740500
257,0.18,0.36,0.08,0.28,0.08,0.02,1,Bug-068e89d3-bc7c-43a2-8c8f-dcfa70959f1c,1401440881981
258,0.0833333,0.0833333,0.0833333,0.25,0.416667,0.0833333,4,Bug-c3b2e31e-9b4b-43e5-9452-8003d30c974a,1404333713061
259,0.1,0.1,0.1,0.5,0.1,0.1,3,Bug-35771fec-9fb0-452e-8534-cb341b5fcf6a,1359475826606
260,0.421456,0.214559,0.0664112,0.0332056,0.149425,0.114943,0,Bug-1f450d67-6ea6-4083-8841-cbf9cfd6eb1e,1398202759034
261,0.16,0.4,0.04,0.08,0.28,0.04,1,Bug-99f760dc-70be-486f-9e42-b16eed201aa3,1403552092931
262,0.0769231,0.5,0.230769,0.0384615,0.115385,0.0384615,1,Bug-cfb43bd5-ce57-4a76-b2e5-6f48335d1d7b,1397063175877
263,0.45585,0.0209713,0.192053,0.0474614,0.00110375,0.282561,0,Bug-a5a6d9cc-b740-42d4-b9c4-9e56b977b1f4,1386254062820
264,0.0909091,0.424242,0.242424,0.151515,0.0757576,0.0151515,1,Bug-64a2df3c-6658-4021-b872-6f353feea925,1308895974383
265,0.0833333,0.0833333,0.0833333,0.583333,0.0833333,0.0833333,3,Bug-8a1e801d-6919-4564-b4b8-92ec9be0d16a,1409486669654
266,0.0861538,0.00307692,0.255385,0.523077,0.101538,0.0307692,3,Bug-fbae19bb-dcb2-404d-9864-a17e809fae05,1266179028825
267,0.05,0.5,0.05,0.3,0.05,0.05,1,Bug-c770bf35-8ded-48d6-9b54-1fa182032ad1,1385516051677
268,0.0746269,0.0522388,0.384328,0.152985,0.0335821,0.302239,2,Bug-f5408357-39eb-4502-9f12-4a50e04963d6,1394232441159
269,0.176471,0.0588235,0.0588235,0.352941,0.294118,0.0588235,3,Bug-0f11f3d5-eb7e-4b2b-b1f3-63139f19a041,1394220240936
270,0.0322581,0.387097,0.451613,0.0645161,0.0322581,0.0322581,2,Bug-b611cbbb-cf16-47fa-a7aa-c16cf0bfaa85,1410519215707
271,0.025641,0.128205,0.025641,0.717949,0.025641,0.0769231,3,Bug-d454c5c6-343e-48b5-80c4-2642d145874f,1408972190870
272,0.0113065,0.124372,0.0979899,0.0866834,0.579146,0.100503,4,Bug-a0db6eba-3812-4064-a919-94f4bf17c959,1399722043920
273,0.0196078,0.568627,0.215686,0.0196078,0.0196078,0.156863,1,Bug-0f645db3-9106-45c5-91eb-925ec977c5b6,1138573740000
274,0.0625,0.25,0.15,0.325,0.1,0.1125,3,Bug-9b8f6c6c-df50-42a1-acad-8c528c9e159d,1405620125650
275,0.00625,0.778125,0.00625,0.040625,0.021875,0.146875,1,Bug-866b6d6e-eeb8-4d79-80b0-ee7fd3b68330,1274008651019
276,0.0888889,0.355556,0.288889,0.133333,0.0666667,0.0666667,1,Bug-623d5be2-ea30-400d-94c6-93d2b85665c9,1337185880860
277,0.0516432,0.140845,0.131455,0.460094,0.0798122,0.13615,3,Bug-636cfcae-3b63-4f41-b241-09bb98f4fd58,1391618326693
278,0.0222222,0.0222222,0.2,0.288889,0.0444444,0.422222,5,Bug-363e79c0-b804-4247-a2a0-3482520af739,1400604475834
279,0.25,0.392857,0.0357143,0.0357143,0.25,0.0357143,1,Bug-f3a187e5-1e23-4cde-b7de-5c77897e793c,1398330314286
280,0.272727,0.0909091,0.272727,0.0909091,0.181818,0.0909091,0,Bug-06b21d41-11b1-4748-9baa-a458dbc7e6c0,1279876030050
281,0.282828,0.20202,0.151515,0.131313,0.0505051,0.181818,0,Bug-0e9cc1bd-9d25-42b5-bc16-7b27059acd0e,1294834103628
282,0.05,0.75,0.05,0.05,0.05,0.05,1,Bug-07630500-88f3-4915-b248-55385e19a04f,1199675220000
283,0.0151515,0.378788,0.0454545,0.515152,0.0151515,0.030303,3,Bug-48f8cdb1-5f2d-4198-b3f3-a35368a5b48d,1407854333205
284,0.32,0.48,0.04,0.08,0.04,0.04,1,Bug-3cc6745e-9b53-4f39-95b4-38423149eb08,1294136911529
285,0.047619,0.47619,0.047619,0.333333,0.047619,0.047619,1,Bug-39f3a503-f4fd-4069-9163-acc75ec7690a,1392905982451
286,0.129979,0.0733753,0.27673,0.247379,0.255765,0.0167715,2,Bug-2e5530f6-2459-40fa-8714-0c7f9521a060,1317137035883
287,0.0555556,0.0555556,0.166667,0.611111,0.0555556,0.0555556,3,Bug-4c499b09-6d8a-4323-bea2-ed990eef2cc8,1394226016327
288,0.0163934,0.0163934,0.344262,0.557377,0.0163934,0.0491803,3,Bug-ec74c3f2-757e-4bcd-bbc4-26c77f53f47e,1345488281262
289,0.0625,0.4375,0.0625,0.3125,0.0625,0.0625,1,Bug-475edabe-52d8-43c8-804b-edb5d2714aa2,1402330825259
290,0.0319829,0.166311,0.123667,0.202559,0.4371,0.0383795,4,Bug-f7790213-1353-404d-bc01-d8cd9af3c5bf,1408898550468
291,0.111111,0.444444,0.111111,0.111111,0.111111,0.111111,1,Bug-08c91885-6e20-4df9-89f6-4cd6d35a373b,1401293269896
292,0.0280374,0.17757,0.261682,0.233645,0.00934579,0.28972,5,Bug-108020af-ec9c-4498-8d4e-277e4917c64f,1408323642332
293,0.268908,0.235294,0.10084,0.159664,0.00840336,0.226891,0,Bug-6434f1a2-59eb-49a9-a8d9-477f4889eb4c,1401789967889
294,0.0434783,0.347826,0.173913,0.0869565,0.0869565,0.26087,1,Bug-7e58d13f-c113-4263-add8-78fcbd518c66,1291712161841
295,0.0217391,0.369565,0.362319,0.108696,0.00724638,0.130435,1,Bug-27b6a0c9-f9be-4bf5-a7f3-1af7d6e98927,1334471092110
296,0.0666667,0.266667,0.0666667,0.4,0.0666667,0.133333,3,Bug-44c10920-7496-478a-aca6-866407b0b3d1,1386596574248
297,0.394737,0.210526,0.105263,0.236842,0.0263158,0.0263158,0,Bug-894b8410-5b37-4e96-a9e4-b3839a7caf48,1399032743001
298,0.0334728,0.0857741,0.167364,0.483264,0.0041841,0.225941,3,Bug-9984a2ca-9181-4686-9e84-903c1e9b46c0,1312988016505
299,0.0227273,0.227273,0.477273,0.227273,0.0227273,0.0227273,2,Bug-f7050225-cae8-4a2f-b166-2e8d5318aa35,1401117268657
300,0.0208333,0.0208333,0.104167,0.791667,0.0208333,0.0416667,3,Bug-0dfb7118-4a45-4cd9-ab86-139ca31ac52b,1383762798309
301,0.0304507,0.123021,0.0535932,0.708892,0.0669915,0.0170524,3,Bug-3c4bb886-f260-41e9-9a33-0d3a0941978f,1406197831839
302,0.142857,0.285714,0.142857,0.142857,0.142857,0.142857,1,Bug-e30aec2e-42ce-4e3b-afc7-f9b7ccfae4dd,1390062217436
303,0.0357143,0.392857,0.464286,0.0357143,0.0357143,0.0357143,2,Bug-80ba5f98-ca02-446f-9354-6af4da91e7e8,1405773945745
304,0.0833333,0.0833333,0.0833333,0.5,0.166667,0.0833333,3,Bug-860b04b4-665e-4c4b-8513-46ffa8a0c71c,1272586666169
305,0.125,0.25,0.25,0.125,0.125,0.125,1,Bug-cd3dfac7-627f-4ac6-b635-3851ab5dcf37,1332742657703
306,0.0769231,0.0769231,0.0769231,0.307692,0.384615,0.0769231,4,Bug-766978ee-8803-465b-8882-72c18a1ac241,1371726276033
307,0.037037,0.518519,0.296296,0.037037,0.037037,0.0740741,1,Bug-26b10d97-7a1e-4267-88bf-f5719d527497,1372462136992
308,0.0153846,0.507692,0.0461538,0.323077,0.0923077,0.0153846,1,Bug-48792a82-3d54-4a92-918d-766276ea4f4a,1382377461189
309,0.0555556,0.0555556,0.555556,0.166667,0.111111,0.0555556,2,Bug-6c769c89-5ad2-4927-9e87-fdeead8e59d2,1399095403084
310,0.0212766,0.0212766,0.382979,0.297872,0.255319,0.0212766,2,Bug-e9040f7a-d2b6-4881-b673-9bd37adbd7e7,1407159688787
311,0.0769231,0.307692,0.384615,0.0769231,0.0769231,0.0769231,2,Bug-c5f38301-7b42-4772-a9dd-76bdd09dd5d5,1252682269041
312,0.166667,0.0555556,0.314815,0.277778,0.175926,0.00925926,2,Bug-301670cf-2ca0-4930-94e7-3bbfa8ea3ce6,1363001914203
313,0.142857,0.666667,0.047619,0.047619,0.047619,0.047619,1,Bug-91fb4cf6-64f8-4e31-bd79-829d765b7d64,1372373393115
314,0.0222222,0.107692,0.347009,0.119658,0.145299,0.25812,2,Bug-975a3655-2684-4f56-af96-aa52bf46da27,1403813652773
315,0.0285714,0.357143,0.0857143,0.514286,0.00714286,0.00714286,3,Bug-aa8ce36c-a043-4d2c-a1ff-72f000a0568f,1391370323541
316,0.00458716,0.0642202,0.123853,0.165138,0.522936,0.119266,4,Bug-72b3b55b-b38b-4734-8644-4166eeb78e06,1369225656862
317,0.236842,0.0328947,0.223684,0.236842,0.263158,0.00657895,4,Bug-3b958012-5028-4b0e-8dba-2333b188e19d,1405611814343
318,0.172414,0.172414,0.137931,0.413793,0.0344828,0.0689655,3,Bug-fdb640de-f3d9-4101-89fa-3883b6113ac1,1403372137590
319,0.212766,0.212766,0.414894,0.117021,0.0319149,0.0106383,2,Bug-cf80a601-2cad-4b9a-b95c-a58a8776c921,1404488479465
320,0.394737,0.0657895,0.223684,0.289474,0.0131579,0.0131579,0,Bug-5a8e5576-4eed-4418-aba3-0ad0206143bb,1387811401069
321,0.157895,0.210526,0.105263,0.0526316,0.421053,0.0526316,4,Bug-4cece601-6a48-45d2-9af4-0170fd8408bc,1383063555613
322,0.00925926,0.342593,0.12037,0.398148,0.037037,0.0925926,3,Bug-64e171b7-1eff-4170-9c34-494379e09030,1407371531789
323,0.1,0.1,0.4,0.2,0.1,0.1,2,Bug-cd07c75d-aa4a-4a10-bf98-65c0cbbfce79,1405700165785
324,0.025,0.225,0.025,0.675,0.025,0.025,3,Bug-fe4d0c75-19a8-46a2-8bae-634fec3b6bae,1299340328944
325,0.0952381,0.380952,0.047619,0.333333,0.0952381,0.047619,1,Bug-c6950bb5-2aba-4e9d-8b95-3a76d35dd00e,1379683502551
326,0.181818,0.181818,0.0909091,0.272727,0.181818,0.0909091,3,Bug-06bd9e50-c5f8-4c4f-ada3-24d04497058d,1360866825202
327,0.0357143,0.178571,0.107143,0.607143,0.0357143,0.0357143,3,Bug-6aa64bf0-f9fa-406b-a7fe-2eba08dcc77d,1406107938257
328,0.1,0.1,0.2,0.4,0.1,0.1,3,Bug-6a198097-0711-4dd4-8e0f-0fbacd0b3a56,1407011584413
329,0.106383,0.0992908,0.177305,0.269504,0.304965,0.0425532,4,Bug-ed799135-3336-465d-829e-a38c7511a543,1333749753958
330,0.179856,0.0359712,0.172662,0.359712,0.028777,0.223022,3,Bug-1714db6c-c79a-443e-81b6-fe89dc4790d5,1409410615077
331,0.1,0.4,0.1,0.2,0.1,0.1,1,Bug-9b74b679-a824-4777-a3cb-47a316c51d79,1388833954942
332,0.125,0.479167,0.1875,0.0625,0.0208333,0.125,1,Bug-68face9a-7887-4eba-b1bd-420e22ea46f3,1404445260966
333,0.0909091,0.545455,0.0909091,0.0909091,0.0909091,0.0909091,1,Bug-20154b8a-219f-470e-b9d9-eda1512c631c,1410164477855
334,0.1,0.2,0.1,0.4,0.1,0.1,3,Bug-7fe364df-f56b-4a99-bada-959df00205e4,1392125706028
335,0.00970874,0.126214,0.106796,0.543689,0.0485437,0.165049,3,Bug-0151c410-c9f3-4b0d-89b5-47d4284d8e77,1372702902663
336,0.125,0.291667,0.416667,0.0833333,0.0416667,0.0416667,2,Bug-d466195c-0e02-49ce-bd75-4e588aeffc8f,1386367268602
337,0.113821,0.276423,0.243902,0.227642,0.00813008,0.130081,1,Bug-47f5ed56-9b4d-4ef5-8285-4ed7f3b5fdba,1369238810908
338,0.00813008,0.268293,0.0813008,0.341463,0.130081,0.170732,3,Bug-cd2b54f9-2693-42ed-947a-57f0f5b83146,1393755478870
339,0.047619,0.047619,0.047619,0.761905,0.047619,0.047619,3,Bug-086246bf-0415-46fd-a64d-e756b36181b6,1389174727797
340,0.047619,0.285714,0.428571,0.0952381,0.047619,0.0952381,2,Bug-6d4ebae7-4ce1-495f-94be-ec2b62b7326e,1381766399501
341,0.0289017,0.289017,0.132948,0.138728,0.127168,0.283237,1,Bug-77ef3636-0058-4c93-8275-1ddcbf63e6fb,1370756768821
342,0.0735294,0.0147059,0.0588235,0.441176,0.397059,0.0147059,3,Bug-def968f9-ff73-42ca-b3df-49ca24d33f69,1279315654868
343,0.0434783,0.130435,0.0434783,0.695652,0.0434783,0.0434783,3,Bug-c7737fd7-b02c-4160-abf2-774dd1f897fe,1385460940206
344,0.030303,0.030303,0.121212,0.757576,0.030303,0.030303,3,Bug-2a93cd6b-c69e-4df5-bc90-646ab70fcd89,1374055435758
345,0.0434783,0.217391,0.434783,0.217391,0.0434783,0.0434783,2,Bug-f94d0adc-9903-4caa-b543-07a1d7164c3c,1409216988809
346,0.13125,0.1625,0.35625,0.2875,0.04375,0.01875,2,Bug-fd3b0271-2332-434c-a727-a93b66a87dbf,1409264088656
347,0.375,0.125,0.125,0.125,0.125,0.125,0,Bug-2fc8eff4-d945-4609-ad9d-89746ea9effe,1337866626182
348,0.122449,0.204082,0.0612245,0.44898,0.142857,0.0204082,3,Bug-13fbd982-4ca2-4994-aa74-cf7efe7aa3fc,1196111280000
349,0.102804,0.0654206,0.420561,0.392523,0.00934579,0.00934579,2,Bug-5e275125-a280-44ea-906c-f3fc92e927ce,1366662166223
350,0.219512,0.0162602,0.211382,0.0487805,0.325203,0.178862,4,Bug-ca693f95-60f5-449f-b707-abb94dc9c64c,1404314586585
351,0.125,0.125,0.125,0.125,0.125,0.375,5,Bug-a71d8144-7914-4a71-afc9-9e3ff6256293,1406212194652
352,0.0416667,0.208333,0.0416667,0.416667,0.0833333,0.208333,3,Bug-27a27884-0692-4b96-8bc5-f5b5f719fc9e,1390804783620
353,0.0894737,0.0526316,0.0631579,0.394737,0.105263,0.294737,3,Bug-d9a7c258-82d5-43e7-a0f4-3f256d7c2209,1407777196336
354,0.0172414,0.672414,0.0172414,0.155172,0.103448,0.0344828,1,Bug-4c97f534-0908-47bb-8753-0a54fd3945b3,1333402313114
355,0.0555556,0.666667,0.0555556,0.111111,0.0555556,0.0555556,1,Bug-a25a48d6-8100-4691-8bda-486e001fae67,1283345484888
356,0.0263158,0.0526316,0.0789474,0.657895,0.0526316,0.131579,3,Bug-adf00c3c-b3f7-4e04-8347-7dded1f0301c,1372457500946
357,0.0526316,0.684211,0.105263,0.0526316,0.0526316,0.0526316,1,Bug-ff7b7156-ea4c-4505-b0a4-245ea2fbe105,1386111859969
358,0.0888889,0.444444,0.222222,0.133333,0.0888889,0.0222222,1,Bug-6442e3d0-59f4-498e-84ec-0e3304bf37b1,1348221260484
359,0.333333,0.285714,0.190476,0.047619,0.0952381,0.047619,0,Bug-b182784b-d4f5-42b3-b355-9aaf7008e9f7,1401867984783
360,0.1,0.5,0.1,0.1,0.1,0.1,1,Bug-8086b51b-c9e9-49ea-be70-c1a38ed29f39,1383617095548
361,0.0666667,0.6,0.0666667,0.133333,0.0666667,0.0666667,1,Bug-6c2ce596-351a-4241-81ce-8a656a5441f7,1349905427359
362,0.136842,0.284211,0.126316,0.357895,0.0105263,0.0842105,3,Bug-4025af98-2d9e-4171-80dd-1a9a9fc1a7c4,1369903014616
363,0.0869565,0.23913,0.0652174,0.565217,0.0217391,0.0217391,3,Bug-d33fea8c-943f-4631-a3cf-63bd6884d4a8,1382990640242
364,0.0263158,0.236842,0.0263158,0.5,0.0263158,0.184211,3,Bug-ecc3ba8c-a343-4ca8-8e51-010872f42529,1399381298990
365,0.0454545,0.136364,0.636364,0.0454545,0.0909091,0.0454545,2,Bug-f5633e95-d31b-4f30-9ead-96ee6b3038f8,1402562649338
366,0.0769231,0.0769231,0.0769231,0.461538,0.153846,0.153846,3,Bug-26cb7104-a265-40fb-a08e-f11abecea8dd,1397564453585
367,0.285714,0.142857,0.142857,0.142857,0.142857,0.142857,0,Bug-7d05576b-dbc6-4938-a3dc-4b57c6e68910,1399680943061
368,0.0322581,0.677419,0.0322581,0.0322581,0.193548,0.0322581,1,Bug-d1860dd9-a53b-44a3-8969-02b42189df9e,1403885306176
369,0.0721649,0.309278,0.103093,0.381443,0.0206186,0.113402,3,Bug-0c8da23e-1faa-4be6-a12f-2efe573e1b69,1387551987062
370,0.107143,0.107143,0.625,0.125,0.0178571,0.0178571,2,Bug-9f526496-5cbf-40ed-8a16-f09c29f66776,1399499235018
371,0.0909091,0.181818,0.272727,0.0909091,0.272727,0.0909091,2,Bug-32df7999-1deb-4044-8bf2-ff5488a31d6f,1409782585670
372,0.113924,0.0379747,0.468354,0.227848,0.139241,0.0126582,2,Bug-368b5c2a-a3d8-4142-b8c1-2ce7922d7d26,1390587736737
373,0.030303,0.484848,0.030303,0.393939,0.030303,0.030303,1,Bug-4b8c655e-b9cc-48d3-b537-bce8c7674e87,1405936555370
374,0.089172,0.140127,0.121019,0.33121,0.140127,0.178344,3,Bug-4abdb2f6-2d75-460c-8a6f-ab83e9332092,1387282848173
375,0.1,0.1,0.1,0.5,0.1,0.1,3,Bug-5920a71b-436f-4daa-afd8-165f6a991aaf,1406211370563
376,0.0138889,0.263889,0.361111,0.277778,0.0138889,0.0694444,2,Bug-a4e4b730-7ffa-4fa7-8044-707533950231,1392230431303
377,0.0769231,0.153846,0.461538,0.0769231,0.0769231,0.153846,2,Bug-97dceb05-d1b0-4968-a958-91c3d9ba5f42,1384341644993
378,0.529412,0.0392157,0.0588235,0.254902,0.0980392,0.0196078,0,Bug-aae95881-6c0c-47bf-ac17-61a33aa0a80b,1393432676826
379,0.0357143,0.107143,0.392857,0.142857,0.285714,0.0357143,2,Bug-f8004e26-ea34-46c8-b43a-9e39b95a0f06,1334592918170
380,0.0454545,0.0454545,0.318182,0.5,0.0454545,0.0454545,3,Bug-4959773e-24a4-45cb-a9a9-346ef07efe33,1283568783128
381,0.5,0.133333,0.1,0.2,0.0333333,0.0333333,0,Bug-891e9e4b-a7dd-4d39-8293-2db20dbf26ba,1328190099133
382,0.0625,0.0625,0.0625,0.5,0.0625,0.25,3,Bug-c9572cdf-0f3c-4885-8852-6cb1d46672e7,1401912299422
383,0.0322581,0.0645161,0.129032,0.612903,0.129032,0.0322581,3,Bug-a0c37913-3a0f-49ef-aef4-e1c8217f33f9,1405848214241
384,0.0909091,0.0909091,0.0909091,0.545455,0.0909091,0.0909091,3,Bug-3a258ac9-a466-4d64-aacc-56f6bb4d15f8,1392053246667
385,0.110553,0.115578,0.452261,0.19598,0.0954774,0.0301508,2,Bug-24d184bc-e9f1-4e51-adaa-b997dd78dd99,1409748558872
386,0.09375,0.5,0.03125,0.21875,0.125,0.03125,1,Bug-38e925c6-87b9-4d23-a4ee-67d6de394346,1358834769179
387,0.0147059,0.107843,0.0343137,0.681373,0.0147059,0.147059,3,Bug-805af5dc-9272-4495-aaeb-abb377c48b68,1378362303292
388,0.02,0.19,0.07,0.43,0.23,0.06,3,Bug-bffcfe57-2604-49d0-950b-5d4f25b99948,1398365270321
389,0.0666667,0.4,0.2,0.2,0.0666667,0.0666667,1,Bug-e056599a-a7a2-473c-a23c-5b77a607501b,1407774705948
390,0.237288,0.135593,0.0677966,0.491525,0.0508475,0.0169492,3,Bug-afda4cc2-0caa-467f-827f-aee048e31681,1401107773895
391,0.0344828,0.448276,0.0344828,0.413793,0.0344828,0.0344828,1,Bug-e033d454-6ad0-4181-b3ed-0dbcc3744b61,1374567663982
392,0.120209,0.135889,0.137631,0.496516,0.054007,0.0557491,3,Bug-be5129b3-3343-414d-8b04-c9679a6586ef,1311017156644
393,0.407609,0.0389493,0.0824275,0.298913,0.071558,0.100543,0,Bug-32fa5bb0-1183-4ac1-8f55-8a74927b808a,1409057199474
394,0.289474,0.184211,0.210526,0.263158,0.0263158,0.0263158,0,Bug-e347abed-25b9-4d7b-9f27-8b416553db0b,1388739704205
395,0.142857,0.0659341,0.450549,0.197802,0.120879,0.021978,2,Bug-0762eb8e-6d71-4a25-a84a-637a71e58d60,1404657526365
396,0.012987,0.0519481,0.805195,0.012987,0.025974,0.0909091,2,Bug-d872e57f-d8e8-4d28-b75d-ee4ee807f6b1,1391421076015
397,0.0740741,0.407407,0.037037,0.185185,0.185185,0.111111,1,Bug-211809e2-f9d6-489b-9a0f-6d8ae82b17a6,1404379725460
398,0.0666667,0.0888889,0.333333,0.355556,0.133333,0.0222222,3,Bug-a7eaf09b-08cc-4547-bac3-17c337b8ab98,1126479240000
399,0.275862,0.0344828,0.310345,0.206897,0.137931,0.0344828,2,Bug-03db9a7a-e401-4988-a98e-67a1fa1cb4ea,1316783638777
400,0.0769231,0.153846,0.153846,0.461538,0.0769231,0.0769231,3,Bug-8d1c5944-bdd6-416b-a62e-e3c928ae8714,1404827488482
401,0.0172414,0.258621,0.0172414,0.224138,0.0172414,0.465517,5,Bug-f6617fbb-318f-4f59-8e6a-9c0b47d45ee9,1370441294269
402,0.408163,0.0816327,0.204082,0.265306,0.0204082,0.0204082,0,Bug-fdff2412-25c7-4f9b-9f6b-cbbf43113bf5,1391627631985
403,0.12,0.52,0.08,0.2,0.04,0.04,1,Bug-791bd9d1-5cf5-429d-9df9-b09d11864d32,1371511022018
404,0.0217391,0.0652174,0.26087,0.23913,0.152174,0.26087,2,Bug-9308c432-22f0-4b34-910e-459c0bd9f987,1406110811057
405,0.015873,0.111111,0.0952381,0.746032,0.015873,0.015873,3,Bug-8e7cd787-4622-4436-92e1-a4adbcbd4916,1404385838298
406,0.0140845,0.258216,0.117371,0.511737,0.056338,0.0422535,3,Bug-171e7deb-0b12-491f-b1d2-2bd424630e8c,1234981540211
407,0.0238095,0.261905,0.261905,0.166667,0.0238095,0.261905,1,Bug-8f52422c-4614-4bcd-9190-3a99d38e2bbe,1399411001787
408,0.047619,0.047619,0.190476,0.333333,0.333333,0.047619,3,Bug-2c2afa1a-8584-4232-94a4-9cca25ef0e48,1398948927452
409,0.0526316,0.368421,0.421053,0.0526316,0.0526316,0.0526316,2,Bug-4b0ccda6-3c8e-4013-8b03-9d5855f4be58,1391631637159
410,0.0333333,0.0333333,0.166667,0.566667,0.0333333,0.166667,3,Bug-ecdb1c96-291f-4986-8b5c-587cc958fd0e,1245680943987
411,0.0341556,0.239089,0.432638,0.170778,0.0664137,0.056926,2,Bug-bdea773e-5f09-42e5-9f44-58694f10c64f,1392917571608
412,0.0123457,0.135802,0.0864198,0.691358,0.0123457,0.0617284,3,Bug-533c6585-8b33-472c-a132-c8ad67483ae3,1402660677025
413,0.0175439,0.0175439,0.263158,0.350877,0.0526316,0.298246,3,Bug-70735d77-ec86-4c58-91cd-8f4bce6e6321,1407234495260
414,0.00330033,0.0264026,0.217822,0.161716,0.039604,0.551155,5,Bug-1a032c8f-7d96-449f-bbf2-33c9da770909,1408200190835
415,0.266667,0.0666667,0.266667,0.0666667,0.133333,0.2,0,Bug-c1edbb3d-9d41-4cb2-972d-aded79f47ab3,1295477517121
416,0.0126582,0.291139,0.329114,0.240506,0.0759494,0.0506329,2,Bug-b9aa17c3-0717-40ce-b0ad-9e84779e0c98,1313160013167
417,0.0909091,0.0909091,0.181818,0.454545,0.0909091,0.0909091,3,Bug-2f9b89a2-7ce4-4245-927e-0de3b87e4612,1399972362566
418,0.255814,0.209302,0.255814,0.232558,0.0232558,0.0232558,0,Bug-4163b88c-f469-47db-890f-7aeca28705d9,1392928732623
419,0.0300752,0.150376,0.390977,0.338346,0.0075188,0.0827068,2,Bug-663a0a4d-4bac-4adf-9109-2a34ffd84ebc,1404330476119
420,0.111111,0.444444,0.111111,0.111111,0.111111,0.111111,1,Bug-bd927e02-80d8-4ecc-82a4-5665821f3fab,1367347439652
421,0.0222222,0.311111,0.0888889,0.311111,0.111111,0.155556,1,Bug-093061ef-4727-47c4-8dc8-dcbd75a239d3,1320946290743
422,0.0526316,0.105263,0.315789,0.263158,0.210526,0.0526316,2,Bug-7e828336-27d5-4cc0-836a-b1f373a87695,1382611771082
423,0.0854701,0.0769231,0.0769231,0.529915,0.222222,0.00854701,3,Bug-01b49b39-eb75-4c6b-9424-c342d239ca76,1394198690535
424,0.141593,0.106195,0.473451,0.190265,0.039823,0.0486726,2,Bug-e84d52d1-2cac-4caf-b9a4-cf959c0ade16,1389482770331
425,0.150538,0.215054,0.236559,0.268817,0.0322581,0.0967742,3,Bug-82dffba5-e253-4d64-8685-210b80ec1e83,1393254285478
426,0.0196078,0.0784314,0.215686,0.54902,0.0196078,0.117647,3,Bug-72bf217d-5625-43e4-b0ef-2dbc7ab4a781,1392729853596
427,0.111111,0.222222,0.111111,0.333333,0.111111,0.111111,3,Bug-f99292bd-3d6b-4504-875a-b79d69602f1d,1380804710388
428,0.0227273,0.340909,0.0681818,0.477273,0.0568182,0.0340909,3,Bug-a3238123-fe4a-4c05-bdfd-4b1312098bf3,1388762716294
429,0.0675676,0.0405405,0.114865,0.466216,0.0810811,0.22973,3,Bug-76454299-eea6-4c66-8e83-ff22f9f50be3,1410029577706
430,0.160714,0.139881,0.0684524,0.354167,0.0505952,0.22619,3,Bug-f552d252-226b-43f0-8a03-6e8b7e731c8d,1217872756751
431,0.113636,0.0328283,0.0732323,0.184343,0.578283,0.0176768,4,Bug-ba457863-c234-4ca1-86a9-473cc767a628,1394602221005
432,0.027027,0.216216,0.027027,0.378378,0.243243,0.108108,3,Bug-f6a0b841-60bc-43df-8761-50f322991d47,1377591365779
433,0.0253165,0.0632911,0.544304,0.202532,0.139241,0.0253165,2,Bug-d7f5ef9a-ac0e-417c-9a03-3316d368c268,1369851824960
434,0.0135135,0.148649,0.0675676,0.216216,0.121622,0.432432,5,Bug-358850f2-175e-44e4-b6b4-e2c119b738ff,1364482167903
435,0.0175439,0.0657895,0.583333,0.122807,0.171053,0.0394737,2,Bug-5618b570-5066-4a8b-ba95-76f45cab3592,1150295820000
436,0.00584795,0.0818713,0.0584795,0.0672515,0.0146199,0.77193,5,Bug-d8d0f23c-fcc2-47ea-94f4-19d515c2d3f3,1275519467220
437,0.25,0.0833333,0.416667,0.0833333,0.0833333,0.0833333,2,Bug-b66cc77f-7f5d-4abf-94e4-e21e5a1c299c,1370878588022
438,0.181818,0.151515,0.333333,0.030303,0.212121,0.0909091,2,Bug-8e95ab6a-e040-4b3f-8856-8966a433140d,1409160865609
439,0.1,0.1,0.1,0.5,0.1,0.1,3,Bug-07921ea8-074a-4d6c-aef8-c0daa9b2076f,1398183497692
440,0.075,0.175,0.325,0.05,0.35,0.025,4,Bug-12aab916-005d-4d7a-8293-213375992093,1410846275742
441,0.170732,0.097561,0.0243902,0.243902,0.439024,0.0243902,4,Bug-9d8cff4a-0c4f-424a-8fa2-35b3a6b78f1c,1390427198419
442,0.1,0.1,0.3,0.3,0.1,0.1,2,Bug-cc47ac98-8836-4b4a-99a7-18e2e183508b,1389822929619
443,0.00408163,0.0530612,0.216327,0.477551,0.0857143,0.163265,3,Bug-37721259-1efb-4892-b036-95914151fa74,1380642625115
444,0.00678733,0.366516,0.158371,0.355204,0.0384615,0.0746606,1,Bug-82c8b516-172f-45a2-9124-a6a783c60eae,1399379157865
445,0.111111,0.444444,0.111111,0.111111,0.111111,0.111111,1,Bug-7f02a6c7-b5bb-491e-b681-71634e6705b0,1393828267999
446,0.00520833,0.00520833,0.182292,0.380208,0.0833333,0.34375,3,Bug-1f12c9f4-bf76-407d-9131-03ed0d149073,1373894995791
447,0.047619,0.047619,0.0952381,0.428571,0.333333,0.047619,3,Bug-cf525e4e-7be5-44a5-b324-22c0097c28c4,1386513867930
448,0.025,0.025,0.275,0.625,0.025,0.025,3,Bug-5403db33-7c78-4264-ae68-42fad0b3e449,1392324299355
449,0.363636,0.0909091,0.0909091,0.0909091,0.181818,0.181818,0,Bug-b41b4c57-63fd-4f91-8389-cda7475f4525,1147097100000
450,0.193548,0.258065,0.193548,0.129032,0.0322581,0.193548,1,Bug-e57f7db6-ed6f-4246-a0a9-825ba963a91e,1404024950956
451,0.233333,0.166667,0.222222,0.266667,0.0111111,0.1,3,Bug-43e6dbae-2ede-4084-a2b3-074bbbac3701,1188799020000
452,0.00970874,0.330097,0.213592,0.291262,0.145631,0.00970874,1,Bug-6239633e-7170-4ece-870f-30d8300ecf9d,1403798009122
453,0.0026455,0.0343915,0.031746,0.28836,0.0608466,0.582011,5,Bug-7861e467-a0a9-4fe8-b150-5dbcf51cc4f4,1375783522393
454,0.111111,0.222222,0.111111,0.333333,0.111111,0.111111,3,Bug-7b49c2ba-d63d-4eb5-92d6-0e4031e96376,1310004101470
455,0.0769231,0.0769231,0.0769231,0.538462,0.0769231,0.153846,3,Bug-fcf96964-bde5-4391-9185-b1cb2564c757,1396459964612
456,0.0588235,0.0588235,0.0588235,0.588235,0.176471,0.0588235,3,Bug-b3e46f74-23f2-412f-96ca-cb9370502391,1410164050647
457,0.0235294,0.329412,0.447059,0.117647,0.0705882,0.0117647,2,Bug-b1b07a24-82b1-40ad-84dd-27740f8870fc,1394734273340
458,0.0212766,0.404255,0.0212766,0.446809,0.0851064,0.0212766,3,Bug-79090257-7d14-42ce-a228-5287695a6abf,1138316580000
459,0.0967742,0.548387,0.0645161,0.129032,0.129032,0.0322581,1,Bug-c164a426-64c5-4c5a-ba16-b542c9104056,1370609698145
460,0.0652174,0.521739,0.0434783,0.152174,0.0434783,0.173913,1,Bug-499c3c10-f6b4-40fe-8f33-6978a731df38,1400232434133
461,0.0833333,0.0833333,0.166667,0.5,0.0833333,0.0833333,3,Bug-0c3133d5-f8ae-4140-a1bb-591c9e2be143,1403900910439
462,0.125,0.125,0.125,0.25,0.25,0.125,3,Bug-0e3c5ff9-8154-45d0-ab74-481e5fee6c4c,1337435164106
463,0.075188,0.278195,0.0601504,0.473684,0.105263,0.0075188,3,Bug-aaa8c63b-8b58-4d83-80d0-da2a3256cffd,1405501954525
464,0.0172414,0.396552,0.12931,0.258621,0.0172414,0.181034,1,Bug-f5e4d930-9c18-48b6-9720-4de6bf6d98ee,1375971060926
465,0.0307692,0.0307692,0.323077,0.353846,0.246154,0.0153846,3,Bug-12a12212-202a-4514-a749-387085bd38e6,1409675455666
466,0.0344828,0.413793,0.0344828,0.310345,0.0344828,0.172414,1,Bug-659789e3-a17f-409b-88c5-4bfa4e3f50f1,1326160333024
467,0.5,0.1,0.1,0.1,0.1,0.1,0,Bug-b95729c5-8e1c-4dab-a691-b45ed6d6b442,1291061612167
468,0.016129,0.403226,0.354839,0.112903,0.0322581,0.0806452,1,Bug-0ddd6d13-8a70-48bb-bd4f-ca411017359b,1409812062222
469,0.0416667,0.0833333,0.208333,0.333333,0.0416667,0.291667,3,Bug-98bcf726-f6a1-455f-8db1-fafa4fd6d60d,1408446199694
470,0.0869565,0.130435,0.295652,0.182609,0.0347826,0.269565,2,Bug-68edd80e-f7c9-40c7-8893-82d9f7abc098,1401190762900
471,0.0833333,0.0833333,0.0833333,0.416667,0.25,0.0833333,3,Bug-87b37ad4-75ea-4ce2-96bf-96f6d434fdd1,1297692393817
472,0.015873,0.0634921,0.428571,0.206349,0.174603,0.111111,2,Bug-9ffaf56d-bee4-4f42-a3e9-6c15765dde87,1393369447596
473,0.0188679,0.0188679,0.207547,0.716981,0.0188679,0.0188679,3,Bug-ac1a934c-fc03-4ea0-80fa-d07e598e1114,1142245020000
474,0.0909091,0.545455,0.0909091,0.0909091,0.0909091,0.0909091,1,Bug-19672ac2-0584-4d9a-bcb8-995e0b8a6f98,1307978646283
475,0.142857,0.285714,0.142857,0.142857,0.142857,0.142857,1,Bug-c844208c-29c4-42c0-a2ed-5c15c987a062,1351659394102
476,0.0217391,0.369565,0.108696,0.456522,0.0217391,0.0217391,3,Bug-3c39e2c2-8995-421a-bede-97b337aa1726,1399890153800
477,0.185185,0.444444,0.111111,0.185185,0.037037,0.037037,1,Bug-c4789f38-e0b4-4dd8-adcb-95aee2c11a58,1307005082237
478,0.147059,0.294118,0.235294,0.264706,0.0294118,0.0294118,1,Bug-dae2c875-7cff-4dc3-a3e7-02795b726bba,1255131386491
479,0.196429,0.0267857,0.0178571,0.517857,0.1875,0.0535714,3,Bug-fed53049-31bd-4a96-840e-e8896717b030,1388711027182
480,0.534884,0.0465116,0.0465116,0.186047,0.116279,0.0697674,0,Bug-47abfa6f-d988-4ffd-b159-9d69219cefa9,1407509689425
481,0.037037,0.481481,0.0740741,0.259259,0.037037,0.111111,1,Bug-1a607d66-8f2e-4df3-8ec4-c3809f6ba544,1147629540000
482,0.0555556,0.666667,0.0555556,0.111111,0.0555556,0.0555556,1,Bug-90a6feb8-9317-4b5f-894d-1a7799217e3e,1333521187654
483,0.305556,0.305556,0.0740741,0.277778,0.00462963,0.0324074,0,Bug-6e40e215-ba7b-424e-9576-a36845d0e337,1410340946346
484,0.0555556,0.722222,0.0555556,0.0555556,0.0555556,0.0555556,1,Bug-e313f92f-34ad-4f1c-8768-bbe445a90292,1336148476272
485,0.0454545,0.0454545,0.272727,0.409091,0.181818,0.0454545,3,Bug-e428526b-f403-4a9c-bd79-bf4ea94c3b0b,1399975862922
486,0.284091,0.306818,0.227273,0.0909091,0.0795455,0.0113636,1,Bug-be499201-9b11-43e9-8bbb-ca0ba9abed49,1385988438421
487,0.0344828,0.327586,0.258621,0.241379,0.0172414,0.12069,1,Bug-4a405149-c7f1-4203-a34e-f4085802c5df,1268813746658
488,0.0833333,0.0833333,0.25,0.0833333,0.416667,0.0833333,4,Bug-598e3a66-9a84-4e25-887e-4e6be1e9a2df,1396997976946
489,0.0416667,0.25,0.0416667,0.333333,0.0416667,0.291667,3,Bug-ba4ea939-8132-49a3-a988-a0c5959f40f8,1360679057772
490,0.0769231,0.538462,0.0769231,0.153846,0.0769231,0.0769231,1,Bug-d863b5d1-fb28-40ef-9674-763bc0a6d4a3,1194378780000
491,0.025641,0.230769,0.410256,0.205128,0.102564,0.025641,2,Bug-942c3b4b-b710-4c1e-944a-c03ced9c6c23,1376129410732
492,0.111111,0.222222,0.111111,0.166667,0.111111,0.277778,5,Bug-2ed51572-7587-44d9-904c-e659968642fa,1403547725810
493,0.0212766,0.244681,0.0638298,0.5,0.159574,0.0106383,3,Bug-d68c4f56-fcc5-4cd9-9c4d-35a419bcfb5a,1382564563462
494,0.479167,0.145833,0.0625,0.270833,0.0208333,0.0208333,0,Bug-4172e777-45cc-4f4c-aabb-f361f963380d,1370613267373
495,0.025641,0.179487,0.025641,0.461538,0.102564,0.205128,3,Bug-2eebe9a7-431e-4bbd-9290-577419d57924,1383804514836
496,0.0196078,0.176471,0.27451,0.490196,0.0196078,0.0196078,3,Bug-6927983d-b511-4014-931c-9fc2e5b49dd7,1138333080000
497,0.0909091,0.545455,0.0909091,0.0909091,0.0909091,0.0909091,1,Bug-69f10a01-a7a8-4753-aa05-d53a0bf52fbe,1404637762765
498,0.176471,0.352941,0.0588235,0.294118,0.0588235,0.0588235,1,Bug-d00499e9-47a0-4a1d-993b-883b1f714a7f,1396984931800
499,0.0714286,0.642857,0.0714286,0.0714286,0.0714286,0.0714286,1,Bug-d86c2449-b751-4858-ad20-a75889ba4c7d,1297395569945
500,0.00787402,0.251969,0.244094,0.322835,0.0551181,0.11811,3,Bug-a10c4979-7c97-4095-b617-039e50547443,1376723966937
501,0.157895,0.421053,0.0526316,0.105263,0.0526316,0.210526,1,Bug-38cd3b3e-c364-4811-acd1-751277993a3c,1349363862175
502,0.0967742,0.258065,0.516129,0.0645161,0.0322581,0.0322581,2,Bug-0c4ddc5e-c3b5-4a3c-b102-8bc896b37e49,1178568780000
503,0.204301,0.0215054,0.0107527,0.354839,0.290323,0.11828,3,Bug-75c22eaa-7d66-429a-917e-34b304d18781,1384171802043
504,0.142857,0.142857,0.142857,0.285714,0.142857,0.142857,3,Bug-86ff72c3-91b8-49a6-a603-20c9c7cea9f7,1390459085322
505,0.0888889,0.266667,0.0603175,0.31746,0.0952381,0.171429,3,Bug-fdecb8e3-7ae6-4c6a-9fdb-521e3af0bd9f,1355132497156
506,0.0128205,0.115385,0.358974,0.141026,0.166667,0.205128,2,Bug-59e686cd-bbcc-415a-9d7a-0d9e7116985c,1217874435736
507,0.39499,0.16763,0.16185,0.184971,0.0674374,0.0231214,0,Bug-61702945-c600-46af-b5d1-251851b9f838,1358206091688
508,0.0125,0.025,0.6125,0.2875,0.0125,0.05,2,Bug-bf4bc042-1eca-4490-b9e8-bbfc37694585,1387213080583
509,0.378238,0.0673575,0.217617,0.170984,0.160622,0.00518135,0,Bug-7183721d-802f-4feb-a341-e0acb996cfca,1367228468380
510,0.111111,0.111111,0.222222,0.111111,0.333333,0.111111,4,Bug-12bc71de-66d9-40d6-828e-2de2ce11dacf,1391374998536
511,0.111111,0.111111,0.111111,0.444444,0.111111,0.111111,3,Bug-b1297cc3-5a73-493b-ad01-bbee9f71ea39,1410523541584
512,0.0555556,0.0555556,0.722222,0.0555556,0.0555556,0.0555556,2,Bug-6d59c470-eafb-442b-8eed-38bba0c658fd,1376439738980
513,0.0666667,0.666667,0.0666667,0.0666667,0.0666667,0.0666667,1,Bug-b183925d-2b62-4dc3-b7af-855b0a88f995,1406641668519
514,0.037037,0.111111,0.259259,0.481481,0.037037,0.0740741,3,Bug-c9edfc71-3d3a-4869-b65a-3e17b982d074,1386362552969
515,0.047619,0.142857,0.0793651,0.365079,0.285714,0.0793651,3,Bug-df1b56a0-401a-4805-8ac0-aa1388914e81,1396864572656
516,0.0285714,0.457143,0.0857143,0.2,0.0285714,0.2,1,Bug-fc78c078-8147-4a6a-854e-27737ebd0f40,1402496722130
517,0.1,0.1,0.1,0.5,0.1,0.1,3,Bug-d70e6927-eacd-4abf-b1ca-e321206f4d0c,1380304325230
518,0.213592,0.300971,0.0873786,0.300971,0.0679612,0.0291262,1,Bug-da1c27ea-e6ee-47c3-ad64-b017bad27424,1398719469944
519,0.0606061,0.030303,0.242424,0.484848,0.030303,0.151515,3,Bug-52e26f4a-624a-48f5-840c-6f3da41860ec,1258365355501
520,0.0625,0.0625,0.0625,0.6875,0.0625,0.0625,3,Bug-62208c27-9c64-4b4b-95eb-783cb079e091,1395682603803
521,0.0187793,0.103286,0.183099,0.57277,0.084507,0.0375587,3,Bug-36da7fc5-f808-4595-8226-a71da4189b8c,1262877960408
522,0.593333,0.0133333,0.0466667,0.0466667,0.00666667,0.293333,0,Bug-9236386f-2176-400b-b67c-f3dbaf285b90,1410785794544
523,0.0526316,0.263158,0.0526316,0.315789,0.0526316,0.263158,3,Bug-2a441df0-bc82-47d9-9759-91ef8519b685,1381794561186
524,0.0222222,0.0888889,0.155556,0.688889,0.0222222,0.0222222,3,Bug-918e8cb7-9c5c-434e-94af-58c37a8e4a3d,1401801093201
525,0.109091,0.0836364,0.192727,0.0545455,0.0509091,0.509091,5,Bug-511b4693-6422-4365-bc90-bd9de7d52987,1402043370938
526,0.407407,0.333333,0.148148,0.037037,0.037037,0.037037,0,Bug-334bf56f-813f-4053-b2ce-ca184988fe68,1387315080018
527,0.3,0.0666667,0.233333,0.333333,0.0333333,0.0333333,3,Bug-039d17ee-a55d-4721-aac3-509db24a7395,1399408301940
528,0.0714286,0.428571,0.142857,0.0714286,0.0714286,0.214286,1,Bug-053533f4-75f4-4e0b-ae2f-fa39e3a2e251,1378978185121
529,0.212121,0.030303,0.030303,0.575758,0.0606061,0.0909091,3,Bug-106a832a-9433-46a1-878b-94daa7a2194e,1381580326223
530,0.344828,0.0689655,0.0344828,0.448276,0.0344828,0.0689655,3,Bug-e9ff6f43-b9d3-4b3e-9dcb-cc6437da8aea,1363099858699
531,0.047619,0.619048,0.047619,0.190476,0.047619,0.047619,1,Bug-06e13348-55e0-468d-bf15-0da00933f765,1384188791316
532,0.0376344,0.215054,0.473118,0.172043,0.0215054,0.0806452,2,Bug-ea4ffd0c-08d1-423a-990d-b6cf1d635285,1405107296902
533,0.0880503,0.157233,0.39413,0.255765,0.0964361,0.00838574,2,Bug-d7d608b4-99d0-4b7e-bf31-1269e23a71f4,1389717668943
534,0.327586,0.103448,0.0517241,0.206897,0.137931,0.172414,0,Bug-ae13b72c-dccf-4d9a-ab9b-a6ba60ea8be1,1393527054585
535,0.0588235,0.176471,0.235294,0.411765,0.0588235,0.0588235,3,Bug-a15f4c8c-3a10-4512-b8a7-d58853ad3a79,1409938063368
536,0.305556,0.0833333,0.166667,0.194444,0.222222,0.0277778,0,Bug-16446b36-f14b-4cda-a1f3-b225c323962c,1409943673951
537,0.052514,0.195531,0.303911,0.273743,0.0927374,0.0815642,2,Bug-2856a83a-75b2-4e55-93b1-4a46412b2f33,1393398453145
538,0.0736196,0.00613497,0.822086,0.0184049,0.0736196,0.00613497,2,Bug-f07f1c04-b444-4f8a-a9f9-56f2af043522,1303868957693
539,0.111111,0.518519,0.148148,0.148148,0.037037,0.037037,1,Bug-9b8c0c17-589e-4472-85e9-f8bfc888e577,1405612143050
540,0.047619,0.333333,0.190476,0.047619,0.142857,0.238095,1,Bug-00970314-460a-49dd-9418-9a68d34d1c48,1402494970871
541,0.204301,0.145161,0.0698925,0.327957,0.231183,0.0215054,3,Bug-ad8df7c9-22b2-4f4d-8034-f5382037b20d,1404640036072
542,0.185185,0.037037,0.148148,0.333333,0.148148,0.148148,3,Bug-ed5b15e9-16c5-47de-b2c7-6c8de16f0158,1395825377820
543,0.111111,0.444444,0.111111,0.111111,0.111111,0.111111,1,Bug-23f4a880-740d-42aa-bdd2-41c74c833ea4,1147423860000
544,0.0650407,0.0813008,0.617886,0.186992,0.0406504,0.00813008,2,Bug-3ba12274-3adf-4f90-822b-9df10dad73b7,1406139378232
545,0.21875,0.0625,0.625,0.03125,0.03125,0.03125,2,Bug-5bf8983b-7e72-4770-97cd-766b59b7324c,1313138969510
546,0.0833333,0.0833333,0.0833333,0.5,0.0833333,0.166667,3,Bug-8b224ef5-f893-4798-8244-b4a8eab127d4,1336077528592
547,0.0517241,0.0172414,0.0172414,0.413793,0.0172414,0.482759,5,Bug-04b1e46e-5e7d-45bf-87c6-32b5d244718c,1403548652515
548,0.266667,0.0666667,0.2,0.333333,0.0666667,0.0666667,3,Bug-6a3d239c-39c3-4020-821b-1fc4adcc732b,1371482962913
549,0.0322581,0.193548,0.419355,0.129032,0.193548,0.0322581,2,Bug-79ecca3b-4c1d-4b2c-a2e0-b9f8b8b976da,1366211613980
550,0.1,0.1,0.2,0.4,0.1,0.1,3,Bug-ad0fd9af-6cca-4892-8c2d-a3620b9d4724,1394226265245
551,0.0833333,0.166667,0.0833333,0.5,0.0833333,0.0833333,3,Bug-d6030db1-6a4e-43ec-bb5e-b6daf0c8f5d0,1402493303512
552,0.0625,0.1875,0.0625,0.0625,0.5625,0.0625,4,Bug-24561d73-160f-4d75-858f-c9461397a8ef,1329910499831
553,0.0545455,0.218182,0.2,0.490909,0.0181818,0.0181818,3,Bug-f1a064f1-047b-46ba-9c28-0e87b46ad5cf,1383300851429
554,0.214286,0.047619,0.380952,0.261905,0.0714286,0.0238095,2,Bug-284761df-dc75-4dd3-b506-451c6455e1f1,1407159867663
555,0.0181818,0.151515,0.539394,0.206061,0.0666667,0.0181818,2,Bug-ebe01b98-de13-411d-89f8-2046483373d7,1407160947742
556,0.0212766,0.0212766,0.297872,0.340426,0.0212766,0.297872,3,Bug-17b1f0b8-2c51-4f76-97f7-f1d2400c564f,1383057685064
557,0.111111,0.444444,0.111111,0.111111,0.111111,0.111111,1,Bug-86ff38ac-bbbc-46a0-bde8-47080ebf640c,1282631943003
558,0.0454545,0.590909,0.136364,0.0454545,0.0454545,0.136364,1,Bug-af629842-2044-46c4-9fcc-27e5b72d4a07,1390484491880
559,0.027027,0.648649,0.135135,0.135135,0.027027,0.027027,1,Bug-8710c74e-ab7f-4e63-9121-48e86db0e687,1390834547198
560,0.04,0.12,0.08,0.6,0.08,0.08,3,Bug-4e3120bd-9b8c-4add-9c45-21fabc53d27b,1352443855671
561,0.156522,0.0681159,0.0449275,0.388406,0.0405797,0.301449,3,Bug-bf43abe4-43c5-4d9a-a4e4-c9b5badf8d16,1408449235146
562,0.186047,0.139535,0.255814,0.302326,0.0930233,0.0232558,3,Bug-c4efa383-894e-410c-9266-f3c3de8fe4a7,1398200243053
563,0.0294118,0.0147059,0.411765,0.0882353,0.0735294,0.382353,2,Bug-ddb8c746-f31f-43a2-8026-de74d4c2706a,1392035639965
564,0.142857,0.47619,0.047619,0.238095,0.047619,0.047619,1,Bug-f83b6fee-3f01-47aa-8ca3-331fa382acd3,1234991411495
565,0.025641,0.25641,0.333333,0.282051,0.0769231,0.025641,2,Bug-f8ffd3cf-7283-47ea-a6e7-7a4a9d3fce12,1406376270257
566,0.0909091,0.218182,0.418182,0.218182,0.0181818,0.0363636,2,Bug-8767f298-dcd2-4390-b5f2-d6f070cc6909,1386152611271
567,0.125,0.25,0.125,0.25,0.125,0.125,1,Bug-eb207e22-9938-4b26-9bf4-cb1b56f5af81,1375701910746
568,0.285714,0.142857,0.142857,0.142857,0.142857,0.142857,0,Bug-9ea64b05-98b0-47ae-8602-21a94c4f005c,1280416246928
569,0.0434783,0.130435,0.608696,0.152174,0.0434783,0.0217391,2,Bug-c0806300-4f0d-48a5-9e16-b1404004ceaa,1388572701200
570,0.0833333,0.0833333,0.0833333,0.25,0.25,0.25,3,Bug-5e3bf8e5-045a-4031-afa1-af57702c5f02,1405631826413
571,0.0116279,0.197674,0.0813953,0.430233,0.209302,0.0697674,3,Bug-9e6b281d-6f5d-4624-a911-a77e209e4fa8,1311015302386
572,0.0714286,0.5,0.0714286,0.142857,0.0714286,0.142857,1,Bug-be84e0d0-87f6-4fed-917a-24d49de49299,1383217975056
573,0.0344828,0.12069,0.448276,0.189655,0.172414,0.0344828,2,Bug-51a86639-e8ae-4d8c-a9dc-3cfe6d5710ef,1401788669542
574,0.0833333,0.0833333,0.0833333,0.583333,0.0833333,0.0833333,3,Bug-b8bf8696-17ac-4b06-9813-a8c71c3c14a8,1410872779387
575,0.128205,0.307692,0.128205,0.282051,0.128205,0.025641,1,Bug-5210cd63-9a8c-4ca7-8727-294fa013ebb3,1311600085612
576,0.021978,0.516484,0.153846,0.164835,0.131868,0.010989,1,Bug-17be8c57-45de-4109-96bc-adbf1df74672,1339699074236
577,0.0666667,0.133333,0.0666667,0.466667,0.0666667,0.2,3,Bug-07bf6f89-8e5b-41ef-b2fc-98812689fac7,1408921032505
578,0.339869,0.00980392,0.228758,0.287582,0.0784314,0.0555556,0,Bug-bdce18d6-d768-4d15-be70-4e67af06878d,1154420100000
579,0.0416667,0.791667,0.0416667,0.0416667,0.0416667,0.0416667,1,Bug-83f4d255-b1ef-4088-8da1-89931a3206fe,1381251904754
580,0.0909091,0.545455,0.0909091,0.0909091,0.0909091,0.0909091,1,Bug-084acf8a-a655-4030-9794-e261de514d9e,1290698485741
581,0.005,0.11,0.13,0.315,0.055,0.385,5,Bug-35f283f5-8405-4a8a-bc62-8c840d675812,1403846315645
582,0.0181818,0.163636,0.272727,0.2,0.0181818,0.327273,5,Bug-db4b22f0-e6bb-4cbd-831a-856fc433aac3,1390492589716
583,0.112583,0.13245,0.205298,0.364238,0.112583,0.0728477,3,Bug-a53050a8-2ebe-424c-9ff1-044e6487c0ce,1397587445300
584,0.025,0.025,0.225,0.35,0.35,0.025,3,Bug-d68be4c6-5609-4f00-8959-150c470896cf,1383935854949
585,0.0526316,0.0526316,0.105263,0.526316,0.0526316,0.210526,3,Bug-ebcd2f34-fc8f-4ce4-bacb-58c45452dc2f,1255100823787
586,0.0434783,0.0434783,0.608696,0.0434783,0.173913,0.0869565,2,Bug-29968434-f0b4-4c99-a971-e21b6fabb5f2,1403342684688
587,0.0769231,0.0769231,0.307692,0.384615,0.0769231,0.0769231,3,Bug-34408adb-ba7a-456d-964c-5052237fccf8,1317910926172
588,0.0266667,0.04,0.146667,0.646667,0.0266667,0.113333,3,Bug-e50cb8ca-ac37-4539-95b6-d3c7ccb1f06c,1351928988510
589,0.030303,0.212121,0.151515,0.454545,0.121212,0.030303,3,Bug-90ebee9d-f1c0-4214-83a9-9ad5fd129003,1403298544116
590,0.242424,0.121212,0.333333,0.242424,0.030303,0.030303,2,Bug-a19f95df-426c-4da1-9d92-435b4a6b4d55,1388651381428
591,0.212903,0.0387097,0.0193548,0.619355,0.0580645,0.0516129,3,Bug-558afc07-ee84-494b-8fcf-d0841c47cf0e,1345213604085
592,0.0196078,0.333333,0.0392157,0.235294,0.294118,0.0784314,1,Bug-a4cfbebe-f2ae-45af-a658-8394e8edc122,1394046160548
593,0.0147059,0.176471,0.455882,0.294118,0.0441176,0.0147059,2,Bug-2828ad9e-6549-4fdc-92cc-f752478ec249,1329862822039
594,0.117647,0.0588235,0.0588235,0.647059,0.0588235,0.0588235,3,Bug-71385b91-7a93-41ea-8147-7e8c5af85c8f,1371031715700
595,0.04,0.24,0.04,0.44,0.2,0.04,3,Bug-96eff369-4d81-4456-b0f1-27e424299e78,1297978204739
596,0.0909091,0.363636,0.0909091,0.272727,0.0909091,0.0909091,1,Bug-fe8c00e0-e2f1-4942-9fdc-69f28ad64852,1409182173949
597,0.0778443,0.0898204,0.652695,0.149701,0.011976,0.0179641,2,Bug-4356e9d2-50c7-4c6d-9778-e287e7507c13,1410433997635
598,0.285714,0.0714286,0.0714286,0.357143,0.0714286,0.142857,3,Bug-f9465cf4-2bba-40bb-bc62-834c11e122a4,1409850693337
599,0.102151,0.22043,0.430108,0.145161,0.0967742,0.00537634,2,Bug-88d7cb8c-cc8a-4988-a845-bf6555284262,1319740640444
600,0.125,0.25,0.0625,0.4375,0.0625,0.0625,3,Bug-7b527a80-4ee8-4f46-b65e-290fdb278f60,1402923393411
601,0.047619,0.047619,0.52381,0.238095,0.047619,0.0952381,2,Bug-c645a210-26e7-494e-9632-ce7e1e1a03f9,1380010423209
602,0.0625,0.0625,0.4375,0.3125,0.0625,0.0625,2,Bug-ecf7b2e4-1d15-4158-bc8b-fabdd6e14b35,1392025244221
603,0.0555556,0.277778,0.111111,0.388889,0.111111,0.0555556,3,Bug-1f5423d5-f4df-4de6-b5ad-fa57ac794128,1340402419905
604,0.01322,0.168083,0.082153,0.219075,0.248347,0.269122,5,Bug-2ce76934-27c4-4fa9-911c-a4a487eec11c,1347465733326
605,0.0555556,0.0555556,0.0555556,0.722222,0.0555556,0.0555556,3,Bug-695cd1f6-311a-486a-b94d-eaa1c5331d3a,1409117610859
606,0.0454545,0.545455,0.136364,0.181818,0.0454545,0.0454545,1,Bug-c5800828-ae1b-4dc4-8f11-d8ae0178ab39,1371074504090
607,0.0655738,0.409836,0.229508,0.196721,0.0819672,0.0163934,1,Bug-9b869d04-82cf-4fa9-9c6c-10f381ff8b86,1312881210126
608,0.04,0.394286,0.222857,0.274286,0.0285714,0.04,1,Bug-9591bd96-0902-4f29-9d84-f501eb16a034,1395327342382
609,0.0526316,0.421053,0.210526,0.210526,0.0526316,0.0526316,1,Bug-759b7c15-8928-44ec-a263-1322bbe2e504,1394816350239
610,0.0833333,0.0833333,0.0833333,0.416667,0.25,0.0833333,3,Bug-3d6d206b-58b7-4583-8b06-f1ef10259c73,1231220746831
611,0.0555556,0.111111,0.0555556,0.388889,0.333333,0.0555556,3,Bug-986a8b7b-a623-4576-86fc-7e003d71ef26,1400770697254
612,0.0454545,0.5,0.0454545,0.318182,0.0454545,0.0454545,1,Bug-e63ceeca-f067-40f0-969e-bac9a99f84ae,1391447574009
613,0.123656,0.112903,0.112903,0.607527,0.0376344,0.00537634,3,Bug-c4e3f098-21ba-4ae6-8dba-9f3bc0412855,1376302989093
614,0.0196078,0.0784314,0.0980392,0.431373,0.156863,0.215686,3,Bug-677d7c8e-67d1-4e27-8267-8ed49384ba7d,1392837609167
615,0.0232558,0.186047,0.0232558,0.116279,0.0232558,0.627907,5,Bug-71aec79d-5dc1-4c80-a96c-6dc4b0da6207,1402068068202
616,0.0215054,0.258065,0.290323,0.27957,0.145161,0.00537634,2,Bug-b4b7fc2f-5e14-4b71-9b11-300a7b22da72,1399406662754
617,0.12766,0.0425532,0.0638298,0.595745,0.0425532,0.12766,3,Bug-11d63c30-df39-49b7-8a02-f1a387856368,1316513805338
618,0.125,0.375,0.125,0.125,0.125,0.125,1,Bug-3241e4ae-66ff-4694-937d-7c608de0ec87,1377625003666
619,0.05,0.45,0.05,0.3,0.05,0.1,1,Bug-f54ab6e0-a1b4-425a-a06d-05a3494a3478,1392142676420
620,0.0526316,0.210526,0.421053,0.210526,0.0526316,0.0526316,2,Bug-782eb88d-ed8b-42d4-b7fc-cb2636a57cc2,1402519385802
621,0.00549451,0.230769,0.244505,0.10989,0.373626,0.0357143,4,Bug-6b987551-638d-4bf3-b035-ca29ecf9aae0,1398257414240
622,0.294118,0.0588235,0.176471,0.352941,0.0588235,0.0588235,3,Bug-11500471-67b3-42c6-96f7-f91295c11987,1386001536568
623,0.0333333,0.0333333,0.1,0.3,0.466667,0.0666667,4,Bug-0a92d9bf-72fb-41f7-a5bd-b9bc2b09f742,1219192488655
624,0.037037,0.444444,0.111111,0.222222,0.0740741,0.111111,1,Bug-1e41f8c5-5ecd-4b97-8c65-00f8d802b09d,1392371998508
625,0.025641,0.0128205,0.5,0.25641,0.115385,0.0897436,2,Bug-550361b1-c328-4627-98f2-5c0ae6ead961,1386621017182
626,0.0909091,0.545455,0.0909091,0.0909091,0.0909091,0.0909091,1,Bug-923e2568-f471-4e21-bf55-6b9e22427cb9,1402401812861
627,0.0142857,0.328571,0.185714,0.2,0.157143,0.114286,1,Bug-bd76a99d-44f2-4f26-9842-ce247aa98dee,1372155039451
628,0.0909091,0.0909091,0.0909091,0.272727,0.363636,0.0909091,4,Bug-fc977671-d4b5-4f5c-ac80-6b26f9b26a01,1340591424401
629,0.147887,0.197183,0.422535,0.147887,0.0774648,0.00704225,2,Bug-5e9320e8-7866-4d3f-b608-9d97c6aedda1,1407278388436
630,0.03125,0.09375,0.03125,0.46875,0.21875,0.15625,3,Bug-d2a55e67-5159-42fb-8cf3-573204bdf520,1396616611825
631,0.0666667,0.666667,0.0666667,0.0666667,0.0666667,0.0666667,1,Bug-ff80b691-90db-488c-9391-52998b61b9fb,1262125550119
632,0.0425532,0.425532,0.12766,0.212766,0.148936,0.0425532,1,Bug-422e05d9-63af-40c4-93f4-b5ed874b9373,1409748330410
633,0.25,0.0625,0.25,0.1875,0.125,0.125,0,Bug-479f5599-0437-4f5b-86c4-7f7eefd48e3c,1158309360000
634,0.230769,0.0384615,0.0384615,0.461538,0.192308,0.0384615,3,Bug-ae1da232-8b3c-4ab5-a51c-691e0ebe89bd,1402074826193
635,0.230769,0.153846,0.0769231,0.0769231,0.384615,0.0769231,4,Bug-898d7dae-999a-43eb-8458-36bd69e7c8a9,1332468052601
636,0.333333,0.0555556,0.0555556,0.333333,0.166667,0.0555556,0,Bug-b34ad7ce-1862-4644-8d0d-2040f05624ce,1283789813572
637,0.0986842,0.190789,0.184211,0.335526,0.0855263,0.105263,3,Bug-634c337d-dfcc-4a44-9d70-8cdd90fa9f98,1337330831390
638,0.0769231,0.0769231,0.0769231,0.307692,0.0769231,0.384615,5,Bug-c5bd22ee-aa3f-451d-89c6-80a504e55bd2,1329827769070
639,0.125,0.375,0.125,0.125,0.125,0.125,1,Bug-847a84e4-1b12-48c3-be64-7c91fa67edff,1316625176898
640,0.125,0.25,0.25,0.125,0.125,0.125,1,Bug-0d20c121-ed8d-4f71-86b2-910f559a40e3,1162507800000
641,0.0384615,0.230769,0.0384615,0.5,0.0384615,0.153846,3,Bug-04fecf7a-9b93-42da-9182-4f5fc262a6c9,1399222211797
642,0.128571,0.285714,0.185714,0.142857,0.228571,0.0285714,1,Bug-4b48ba95-ca99-49af-b9a2-09ccd7eb9bee,1285087847479
643,0.00699301,0.265734,0.524476,0.0979021,0.0629371,0.041958,2,Bug-53148316-221e-4d95-837e-39a1c5ff60c0,1406553235728
644,0.0460526,0.138158,0.460526,0.296053,0.0328947,0.0263158,2,Bug-fd27e6a9-8558-4df6-8481-920ec5a025b4,1342821081327
645,0.0666667,0.533333,0.133333,0.0666667,0.133333,0.0666667,1,Bug-05db3af0-0bc5-4722-a8e6-6d3f5b788fe1,1339761289937
646,0.153846,0.0384615,0.269231,0.115385,0.384615,0.0384615,4,Bug-b70d1d4d-0a73-4116-a6b5-e501f4ac8271,1387888206202
647,0.00990099,0.019802,0.138614,0.643564,0.118812,0.0693069,3,Bug-64783da1-3cf6-4129-a533-728188ea40dc,1386082751383
648,0.0666667,0.533333,0.2,0.0666667,0.0666667,0.0666667,1,Bug-9fc5c773-0a7c-4abf-a05f-7a1c809cbdae,1353582580043
649,0.0769231,0.0769231,0.0769231,0.615385,0.0769231,0.0769231,3,Bug-503a8da4-2d5c-409e-8577-94fd79d342bf,1367311943472
650,0.0490798,0.214724,0.546012,0.128834,0.0552147,0.00613497,2,Bug-59240f47-18bc-4519-9c25-a2c5a99246d4,1396869971661
651,0.172043,0.225806,0.0967742,0.268817,0.225806,0.0107527,3,Bug-26252e44-e30c-42d8-a280-b7a0b5dffceb,1392355151896
652,0.142857,0.285714,0.142857,0.142857,0.142857,0.142857,1,Bug-408e39d1-2a4d-46f4-a68e-a2d9fb00b6f2,1409906874058
653,0.1,0.2,0.1,0.4,0.1,0.1,3,Bug-e6ad1294-fee9-49ca-98f0-f9b0fd3815f6,1383057549827
654,0.3,0.1,0.1,0.3,0.1,0.1,0,Bug-90381212-eb72-4a40-8b8e-1b775e074431,1406017985765
655,0.366306,0.136012,0.22102,0.191654,0.0757342,0.00927357,0,Bug-60e32e35-6037-48b9-83e0-59e1128ab09a,1396896833373
656,0.0472441,0.472441,0.15748,0.181102,0.0551181,0.0866142,1,Bug-4d0b8c79-7a31-4143-9186-d52161b9944a,1242151604626
657,0.17561,0.0195122,0.229268,0.209756,0.190244,0.17561,2,Bug-c36fd945-866b-40be-b434-ba2ec2bf94d5,1288007974510
658,0.166667,0.0833333,0.416667,0.166667,0.0833333,0.0833333,2,Bug-3b070043-d3da-4c53-a2e8-b923f726f23e,1408632882555
659,0.0333333,0.0333333,0.266667,0.566667,0.0333333,0.0666667,3,Bug-4f338419-a409-4f89-80af-ac4cae91fded,1385977623162
660,0.190476,0.0952381,0.238095,0.238095,0.047619,0.190476,2,Bug-3d12b3e5-aa96-477b-a366-44ab9a55cd20,1295804093125
661,0.111111,0.111111,0.111111,0.444444,0.111111,0.111111,3,Bug-10512a0f-92f5-4237-8b9b-cdc5da90c4b1,1392150546635
662,0.0173913,0.113043,0.617391,0.2,0.0434783,0.00869565,2,Bug-14868c59-7db8-490d-b5e6-093b98d79fee,1392325937108
663,0.00401606,0.116466,0.42838,0.358768,0.0334672,0.0589023,2,Bug-63ed531e-3b51-4311-aa64-036398c515a8,1405683306308
664,0.047619,0.047619,0.285714,0.52381,0.047619,0.047619,3,Bug-eb3f11db-d350-4087-912d-7577c5039c45,1394283356025
665,0.04,0.04,0.24,0.6,0.04,0.04,3,Bug-55554102-8cb4-4ffe-bdcc-ddabd86ef7f2,1386600291559
666,0.142857,0.333333,0.190476,0.301587,0.015873,0.015873,1,Bug-4e06e804-0854-40f3-8a18-58a06ead3a71,1374745695004
667,0.027027,0.027027,0.108108,0.351351,0.378378,0.108108,4,Bug-2742569c-acb7-450e-80cc-89e1a9f75cfe,1363836082800
668,0.0980392,0.254902,0.215686,0.352941,0.0196078,0.0588235,3,Bug-2ec96eed-47a7-43e0-983f-19af8af07568,1386577915647
669,0.0769231,0.230769,0.0769231,0.230769,0.307692,0.0769231,4,Bug-7c046362-23a3-4dd7-b5f6-8eb2bbaa7b64,1315055805886
670,0.0294118,0.0294118,0.235294,0.264706,0.411765,0.0294118,4,Bug-525dbe08-a9ca-4032-ad3f-fee954647b04,1177414260000
671,0.142857,0.142857,0.285714,0.142857,0.142857,0.142857,2,Bug-918523c3-a5a8-4dfb-96de-51571cd63a52,1396402412956
672,0.0833333,0.25,0.0833333,0.416667,0.0833333,0.0833333,3,Bug-c2794201-3813-4fe6-984a-7170d8f43523,1409748181736
673,0.04,0.4,0.04,0.44,0.04,0.04,3,Bug-5ea71fc4-906a-49f2-9609-e2b2c7b94b02,1409408935389
674,0.0144928,0.333333,0.449275,0.144928,0.0289855,0.0289855,2,Bug-c5a8c2fc-ed7c-4971-b957-7f2154bcce3a,1391537335089
675,0.0416667,0.182292,0.203125,0.244792,0.0677083,0.260417,5,Bug-d775b7bf-cdb2-4238-b924-7581fb4c7ace,1393168199613
676,0.0434783,0.304348,0.0869565,0.478261,0.0434783,0.0434783,3,Bug-8c6a2c11-7a27-4e6e-a359-35f9c706382d,1410806287531
677,0.529412,0.117647,0.117647,0.117647,0.0588235,0.0588235,0,Bug-0eb7a202-0e66-42b6-b81f-914f030b9ed8,1409409109017
678,0.197802,0.274725,0.0879121,0.318681,0.10989,0.010989,3,Bug-da534359-8082-4078-9a29-a7ca31672c36,1394602850470
679,0.125,0.0416667,0.0416667,0.666667,0.0833333,0.0416667,3,Bug-461af174-910b-4bd3-9f7c-23a2790ebfca,1361959093622
680,0.111111,0.444444,0.111111,0.111111,0.111111,0.111111,1,Bug-edfa887a-2440-4d05-a1c0-4c24dae71412,1290622581085
681,0.0921788,0.150838,0.346369,0.108939,0.24581,0.0558659,2,Bug-d6874caf-6c29-471c-8012-67adbfbd87f4,1336898990137
682,0.0714286,0.142857,0.0714286,0.571429,0.0714286,0.0714286,3,Bug-9c54ee8e-46db-47d4-b658-3f8a5d458ad9,1405675435869
683,0.180328,0.295082,0.42623,0.0163934,0.0655738,0.0163934,2,Bug-05f4eb04-962a-425f-b325-d288a7d6daf1,1380573786116
684,0.0113636,0.0909091,0.25,0.431818,0.147727,0.0681818,3,Bug-dcd65f85-ec48-4a06-8808-44f8c68d9fb6,1310378927417
685,0.00436681,0.179039,0.28821,0.336245,0.117904,0.0742358,3,Bug-4ca350fe-31c0-4cf9-bbd9-8a97d430a439,1405838750966
686,0.03125,0.125,0.359375,0.3125,0.140625,0.03125,2,Bug-57e1761e-0ab7-4838-ab6d-7fe04553feda,1404499341175
687,0.0163934,0.0655738,0.57377,0.0819672,0.0327869,0.229508,2,Bug-515580b7-eb4d-48ea-9c3f-576372f531f2,1311241055137
688,0.0555556,0.111111,0.0555556,0.555556,0.166667,0.0555556,3,Bug-61f24ed9-3708-4cae-8c86-d199b1f0fbb9,1400161386673
689,0.111111,0.222222,0.333333,0.111111,0.111111,0.111111,2,Bug-d895ca65-6ca8-4002-807c-aac15cfb6b2e,1403987319753
690,0.128205,0.615385,0.025641,0.179487,0.025641,0.025641,1,Bug-79bfa4f3-3e10-42b1-bc17-c1c0d8cce2d0,1410355420960
691,0.0909091,0.012987,0.025974,0.532468,0.324675,0.012987,3,Bug-d1ecf649-d102-4d8f-84cd-c83a61d57308,1409748772892
692,0.0625,0.6875,0.0625,0.0625,0.0625,0.0625,1,Bug-09334c97-9a35-414e-b7ed-453f7f20550a,1407555790958
693,0.0142857,0.157143,0.1,0.1,0.0142857,0.614286,5,Bug-5ff70902-6267-425f-a4c2-844cc18fa356,1401273126328
694,0.2,0.0333333,0.266667,0.166667,0.3,0.0333333,4,Bug-607b1031-4eca-4751-acf1-be5d763fd6ef,1311155645567
695,0.24,0.02,0.12,0.186667,0.0733333,0.36,5,Bug-0b1dba22-1224-4838-abc0-e4b12e4519e9,1393395478877
696,0.0909091,0.545455,0.0909091,0.0909091,0.0909091,0.0909091,1,Bug-9715467c-2042-4d30-a7cc-2ef426e261c3,1300238456891
697,0.129032,0.137097,0.217742,0.354839,0.00806452,0.153226,3,Bug-43d0e069-9967-459a-aeb7-2cab436b5822,1270107742945
698,0.227273,0.590909,0.0454545,0.0454545,0.0454545,0.0454545,1,Bug-37afcec7-368a-41d7-83bf-77a5c199e5dc,1408981204480
699,0.0555556,0.0555556,0.611111,0.166667,0.0555556,0.0555556,2,Bug-b7345a8f-2292-40cc-bbd8-72bf3c52ca4d,1408640976682
700,0.125,0.3125,0.0625,0.375,0.0625,0.0625,3,Bug-95ab350e-39b9-4210-8137-da9e40a27b95,1290784840112
701,0.125,0.0625,0.0625,0.0625,0.625,0.0625,4,Bug-a9e2f6c1-1d47-411c-8342-dddca1a99db0,1396883862674
702,0.0588235,0.0588235,0.0588235,0.705882,0.0588235,0.0588235,3,Bug-5533c8cf-8c1f-42b0-be4d-9045e8b6bbe6,1307036780293
703,0.0322581,0.16129,0.0645161,0.612903,0.0322581,0.0967742,3,Bug-97bfb557-c272-4ffd-9257-d0f1748e1d98,1404483131633
704,0.385714,0.414286,0.0142857,0.0714286,0.1,0.0142857,1,Bug-ea00602d-4be7-412a-8853-a0cdb898700f,1297382736641
705,0.016129,0.354839,0.370968,0.225806,0.016129,0.016129,2,Bug-5d539486-9b49-4501-941b-e5ed4d8fbcf7,1394431945563
706,0.142857,0.0714286,0.214286,0.428571,0.0714286,0.0714286,3,Bug-b37b0feb-ef1d-41ea-b991-3edc0a86ec1c,1383335351645
707,0.642857,0.142857,0.0714286,0.0714286,0.0357143,0.0357143,0,Bug-cf3d5792-9049-4481-bd70-134a100747d2,1362644931803
708,0.0731707,0.097561,0.121951,0.512195,0.0243902,0.170732,3,Bug-620a5a35-1b47-4330-9658-2b80419c1a70,1404492131822
709,0.0714286,0.357143,0.285714,0.142857,0.0714286,0.0714286,1,Bug-5c3d37fd-dc99-46b4-9cf2-88ec0cecd485,1386769838347
710,0.106383,0.0106383,0.404255,0.393617,0.0425532,0.0425532,2,Bug-30ad4080-4666-4cac-baca-c2597736a6f9,1408446465372
711,0.0125786,0.18239,0.572327,0.163522,0.0188679,0.0503145,2,Bug-bd1c6cf4-21cf-47dc-8e58-52deaeac5ee3,1304528043910
712,0.108108,0.702703,0.027027,0.027027,0.0540541,0.0810811,1,Bug-fa818689-40b7-4a59-b564-bc8c882c6cad,1398201683014
713,0.047619,0.47619,0.0952381,0.047619,0.285714,0.047619,1,Bug-2805828c-c103-4622-921b-f4953e861ebc,1366211873488
714,0.00900901,0.702703,0.171171,0.045045,0.0630631,0.00900901,1,Bug-4fd78f65-67c0-410f-a8cd-6ea202a452c2,1399469653179
715,0.142857,0.142857,0.285714,0.142857,0.142857,0.142857,2,Bug-7972f9b1-7317-4e4d-92a0-166dba5d6cdc,1407353253919
716,0.155738,0.163934,0.491803,0.172131,0.00819672,0.00819672,2,Bug-938cfc2d-a95b-455f-9e5f-4c426fd000cd,1186759680000
717,0.0044843,0.116592,0.609865,0.121076,0.116592,0.0313901,2,Bug-5d5ccaba-663a-44c3-8c2e-c41e9bc3194f,1369207560645
718,0.112903,0.016129,0.193548,0.241935,0.419355,0.016129,4,Bug-4eec3038-7970-4a23-aa5b-e1758f6105d0,1391357261626
719,0.0869565,0.434783,0.0434783,0.217391,0.173913,0.0434783,1,Bug-e9df9872-c419-4149-927b-fbb0b3c08a4d,1391439811294
720,0.047619,0.333333,0.238095,0.285714,0.0714286,0.0238095,1,Bug-fed5b3c0-eadd-4a3d-bebd-a5953b0fd9f0,1331286464018
721,0.123348,0.0660793,0.171806,0.251101,0.356828,0.030837,4,Bug-410f48fe-76da-4676-a842-0b66df56a961,1403247681557
722,0.222222,0.333333,0.111111,0.111111,0.111111,0.111111,1,Bug-526f723b-911e-4bb7-aa26-dde02111a46b,1405167424679
723,0.0555556,0.0555556,0.333333,0.0555556,0.444444,0.0555556,4,Bug-7619be2f-1c3d-4979-a715-6686c001fd00,1410941772892
724,0.0769231,0.192308,0.423077,0.230769,0.0384615,0.0384615,2,Bug-564bf8d9-28c3-4c7b-baa7-7074a9315d2f,1310569698425
725,0.0223464,0.301676,0.0391061,0.497207,0.0391061,0.100559,3,Bug-64516087-7b31-4eac-92dc-617f2f21d865,1365625513666
726,0.25,0.125,0.0625,0.4375,0.0625,0.0625,3,Bug-701d830b-b829-473d-a1e9-629c3c355717,1386088671702
727,0.1,0.1,0.1,0.1,0.4,0.2,4,Bug-4aade5e9-510a-4657-aed9-5dadd1b79317,1404497985671
728,0.0555556,0.111111,0.166667,0.555556,0.0555556,0.0555556,3,Bug-b0c61002-09ee-4ad2-8fe5-351cae5e227f,1409943368011
729,0.136364,0.0568182,0.295455,0.261364,0.238636,0.0113636,2,Bug-a728f69f-30de-41aa-8af0-11ea6ac56746,1277142093262
730,0.25,0.55,0.05,0.05,0.05,0.05,1,Bug-dfea5eef-3090-4d22-83f0-d66bb7aa5b81,1395934019544
731,0.0714286,0.357143,0.0714286,0.142857,0.285714,0.0714286,1,Bug-20a9cf8b-b91a-4aca-bde8-513bfb9aa6ab,1403469598774
732,0.0113636,0.0568182,0.0340909,0.659091,0.0113636,0.227273,3,Bug-8ce50cd3-f74c-49d2-8b4b-8862a7f0a841,1362612154672
733,0.0134831,0.164045,0.364045,0.27191,0.173034,0.0134831,2,Bug-b267a7f6-b2b6-4b4f-87dc-2a10bb88132c,1408347756324
734,0.0204082,0.163265,0.0816327,0.571429,0.0204082,0.142857,3,Bug-6558b4ff-6cbd-4429-88bd-329cf2c6eac0,1393597900234
735,0.202703,0.391892,0.121622,0.0945946,0.0675676,0.121622,1,Bug-3c73d130-1fd1-4452-90f3-a9033e2d8ffb,1400255308145
736,0.3,0.15,0.1,0.3,0.1,0.05,0,Bug-443bd13e-e53f-4e59-94e1-5dfa4258bbb2,1328495983155
737,0.25,0.125,0.125,0.25,0.125,0.125,0,Bug-c19e272a-a393-40dc-a31d-67965b5d0372,1143109560000
738,0.0037037,0.037037,0.133333,0.262963,0.422222,0.140741,4,Bug-9212c95c-0770-4e0d-8a86-c1f6d2727230,1401625740678
739,0.3125,0.242188,0.140625,0.101562,0.195312,0.0078125,0,Bug-111d56c6-f35e-4ce8-94bb-3cc8eb0af33a,1399284870361
740,0.0819672,0.155738,0.139344,0.532787,0.0163934,0.0737705,3,Bug-43f251e5-92fe-471b-9e4c-2f05315ca228,1375693778737
741,0.00826446,0.0578512,0.289256,0.504132,0.0578512,0.0826446,3,Bug-972eab2b-7012-498a-b174-95c701703ac2,1364373538916
742,0.0232558,0.44186,0.0232558,0.0465116,0.232558,0.232558,1,Bug-40afac5f-31bc-4e48-be6e-85f2da39dca9,1382696475635
743,0.25,0.208333,0.0416667,0.208333,0.25,0.0416667,0,Bug-597c46ed-a64d-4e16-8a65-81c233abac80,1380038503077
744,0.152941,0.364706,0.129412,0.176471,0.152941,0.0235294,1,Bug-0507ec50-f43e-4dfb-afda-cf8ab5c53269,1391531587842
745,0.0810811,0.256757,0.121622,0.256757,0.162162,0.121622,1,Bug-3397db33-d70b-4233-bfb3-9ef029f97a5e,1351753640665
746,0.141176,0.0117647,0.0941176,0.235294,0.0117647,0.505882,5,Bug-0a31e963-1a98-415c-989b-90ad82aca97a,1360229797124
747,0.111111,0.444444,0.111111,0.111111,0.111111,0.111111,1,Bug-cac3e5c5-1b1f-4c3e-a063-353afe9b1237,1380294568778
748,0.1,0.0666667,0.383333,0.183333,0.25,0.0166667,2,Bug-01dc0de5-e9ca-4af9-8ca7-d921fc2eab60,1377614178452
749,0.0588235,0.226891,0.134454,0.369748,0.201681,0.00840336,3,Bug-61998289-61ce-4516-aa19-3c89ba8b039a,1393597026690
750,0.177778,0.2,0.0222222,0.2,0.377778,0.0222222,4,Bug-c6feb9d8-c2d9-4880-a28e-7bf07a04c76d,1383823278011
751,0.0454545,0.227273,0.227273,0.181818,0.272727,0.0454545,4,Bug-669b463c-8bc4-4c6e-b6b5-63a78852f169,1397804676210
