1,0.0833333,0.583333,0.0833333,0.0833333,0.0833333,0.0833333,1,Bug-7a881855-a6d4-448f-94b9-5936a69c1284,1386756534698
2,0.0333333,0.166667,0.233333,0.333333,0.15,0.0833333,3,Bug-198485f4-9553-4f60-bf77-c1203cffaa17,1410214820720
3,0.05,0.75,0.05,0.05,0.05,0.05,1,Bug-626f0308-c42b-42b8-abf0-aa85cad16c3c,1397080590247
4,0.0555556,0.722222,0.0555556,0.0555556,0.0555556,0.0555556,1,Bug-cf32c0bb-f185-4107-a81b-dba3c5eaf6c4,1396439422368
5,0.0833333,0.0833333,0.25,0.0833333,0.0833333,0.416667,5,Bug-2dc0df14-fb06-4769-8383-5071de998f27,1395246785905
6,0.0106383,0.755319,0.0531915,0.0744681,0.0106383,0.0957447,1,Bug-dca0634c-1ea1-4fe8-a290-09cf08bbd055,1396538536340
7,0.0909091,0.272727,0.0909091,0.0909091,0.0909091,0.363636,5,Bug-39e69aaa-ecef-4e2d-a790-22df6c252e84,1399750678300
8,0.05,0.0166667,0.25,0.283333,0.116667,0.283333,3,Bug-52b47d42-94c3-4ef9-8bd6-6e0a68d2ca7e,1401293322582
9,0.184211,0.421053,0.131579,0.0263158,0.0263158,0.210526,1,Bug-83473f55-097d-4d94-abbf-ae29e4696cf3,1405475222897
10,0.026087,0.295652,0.243478,0.0521739,0.165217,0.217391,1,Bug-532385e3-a267-4ced-b807-83ec7cd9248f,1388789673452
11,0.0666667,0.666667,0.0666667,0.0666667,0.0666667,0.0666667,1,Bug-8b0416d7-909c-4aba-9ffe-17f401c377cb,1387640851810
12,0.0606061,0.439394,0.0606061,0.287879,0.0757576,0.0757576,1,Bug-ea853806-b436-4b9a-9f47-203b30448168,1386084275533
13,0.04,0.64,0.04,0.2,0.04,0.04,1,Bug-bd6a3612-a0de-4cd6-9006-6c58d3488b7a,1405570684785
14,0.0543478,0.0217391,0.076087,0.5,0.0108696,0.336957,3,Bug-9b8581e8-e15a-461d-bfca-ee7941e66f16,1326374456210
15,0.191489,0.0212766,0.638298,0.0212766,0.0212766,0.106383,2,Bug-070679a9-54c3-4fbc-a48f-39d15650391a,1390492032578
16,0.0357143,0.821429,0.0357143,0.0357143,0.0357143,0.0357143,1,Bug-e8ff50ae-5719-4342-b687-427a5f715e39,1410771228291
17,0.153846,0.230769,0.153846,0.230769,0.0769231,0.153846,1,Bug-733dde54-cd6d-4726-9fb9-7d855344bb7e,1387276370470
18,0.05,0.5,0.05,0.05,0.05,0.3,1,Bug-19a4aa8a-7002-4cda-921e-d153643d83f8,1383851077766
19,0.027027,0.243243,0.378378,0.027027,0.027027,0.297297,2,Bug-7f510c56-df54-4618-94c3-d5401a7ae415,1398379475878
20,0.0606061,0.242424,0.212121,0.030303,0.030303,0.424242,5,Bug-6579e9f9-ac43-4b8c-8199-4782068cb069,1374437681378
21,0.0625,0.6875,0.0625,0.0625,0.0625,0.0625,1,Bug-3e855d84-cc8c-43ac-9836-c988c871a0d3,1334320864696
22,0.142857,0.142857,0.142857,0.142857,0.142857,0.285714,5,Bug-274b7c98-fe86-416e-a94f-3885e545deb8,1392994328033
23,0.0666667,0.666667,0.0666667,0.0666667,0.0666667,0.0666667,1,Bug-7ae014a3-ce0d-450e-805d-b6f6b4f7d004,1387874052313
24,0.0277778,0.0277778,0.388889,0.0555556,0.166667,0.333333,2,Bug-a8c4a870-dcb8-411c-84c5-503b1fa12391,1402994659332
25,0.0833333,0.0416667,0.75,0.0416667,0.0416667,0.0416667,2,Bug-7e43b440-947f-4445-8775-059f8687e001,1410280730268
26,0.176471,0.0588235,0.411765,0.117647,0.117647,0.117647,2,Bug-bbfe79bc-9edc-4953-a284-9696f5aa339e,1397054236071
27,0.117647,0.470588,0.235294,0.0588235,0.0588235,0.0588235,1,Bug-225001f4-5791-4f43-93ee-cc307d038cab,1386163797734
28,0.0714286,0.642857,0.0714286,0.0714286,0.0714286,0.0714286,1,Bug-8c53dc38-e8db-4a46-9baf-fd3d109ed606,1360424671174
29,0.0294118,0.264706,0.0294118,0.0294118,0.0294118,0.617647,5,Bug-b3d2d85c-e172-4ec4-b1b7-1dd9d7eb435b,1394073443695
30,0.0178571,0.696429,0.0178571,0.107143,0.0178571,0.142857,1,Bug-cc050033-b3bc-4588-8c4d-d9c5b186d959,1309241199672
31,0.09375,0.46875,0.03125,0.03125,0.03125,0.34375,1,Bug-f0fa6f0b-6758-47ff-b4bc-20a13fef2cef,1406886237523
32,0.04,0.6,0.2,0.04,0.04,0.08,1,Bug-b64c941e-c152-43c8-8571-bea3466bf48b,1372955250067
33,0.0212766,0.148936,0.510638,0.0425532,0.0212766,0.255319,2,Bug-16319789-fe8d-4435-831d-0fc92183af1c,1402567825033
34,0.0625,0.6875,0.0625,0.0625,0.0625,0.0625,1,Bug-2aa7276f-519e-41f0-8943-0f9e9d50a317,1381159507736
35,0.0357143,0.821429,0.0357143,0.0357143,0.0357143,0.0357143,1,Bug-fb112c80-7855-44c2-a0cb-7dd5e21eba9f,1379946442525
36,0.156627,0.060241,0.439759,0.0542169,0.0060241,0.283133,2,Bug-e6f16253-2613-42c3-bf7a-8b452f246cbf,1307460846702
37,0.411765,0.0882353,0.0882353,0.0588235,0.323529,0.0294118,0,Bug-651ca31d-3cba-49f9-b5d4-c9da116cf196,1341391976361
38,0.030303,0.424242,0.151515,0.030303,0.151515,0.212121,1,Bug-d405026f-3898-43dc-b0fa-c716b17573e8,1406131325577
39,0.0232558,0.604651,0.0232558,0.186047,0.0232558,0.139535,1,Bug-487ab5e5-10c8-47eb-a898-148222fed593,1375462234201
40,0.0384615,0.5,0.307692,0.0384615,0.0384615,0.0769231,1,Bug-637c6799-2083-4105-a042-529d503f400c,1340031851986
41,0.0285714,0.2,0.0285714,0.0285714,0.0285714,0.685714,5,Bug-71b76e96-f41a-4a8e-8eb7-dbe9eda813e4,1408642216873
42,0.0217391,0.282609,0.5,0.0652174,0.0217391,0.108696,2,Bug-94167472-f6c2-44e1-82df-f899d26930eb,1395664072949
43,0.0555556,0.722222,0.0555556,0.0555556,0.0555556,0.0555556,1,Bug-59b22adb-32ed-4eeb-9182-b96c6ddb58a2,1398767444362
44,0.0344828,0.793103,0.0344828,0.0344828,0.0344828,0.0689655,1,Bug-fc3f3acc-6a58-4656-a2c4-a6252520f62f,1353093189757
45,0.0555556,0.222222,0.166667,0.111111,0.0555556,0.388889,5,Bug-9211aa39-dd8c-452a-bf1e-7ef40e64322a,1387273012138
46,0.0201342,0.00671141,0.275168,0.0671141,0.107383,0.52349,5,Bug-8edafac6-872f-48d4-8c2e-7933f99c1e87,1404784706232
47,0.0909091,0.272727,0.272727,0.0909091,0.0909091,0.181818,1,Bug-fec64794-2c19-4c51-9f76-d2882833cc9e,1409058388561
48,0.0714286,0.642857,0.0714286,0.0714286,0.0714286,0.0714286,1,Bug-034bdd6f-c3fb-47be-9cdf-887c610add1e,1360730236016
49,0.0434783,0.782609,0.0434783,0.0434783,0.0434783,0.0434783,1,Bug-8610cbd7-7e64-47d0-9139-c9d0044f41a4,1406208661745
50,0.125,0.125,0.375,0.125,0.125,0.125,2,Bug-30ff05ab-5bfc-4013-96d5-15b0ceadec6c,1325673833731
51,0.142857,0.142857,0.285714,0.142857,0.142857,0.142857,2,Bug-3ac4b5af-b235-4a95-a975-49d2b7024237,1407532897972
52,0.1,0.05,0.15,0.15,0.05,0.5,5,Bug-d5f50c41-64f8-49c5-858d-11e31b050555,1380915148002
53,0.0416667,0.0833333,0.125,0.125,0.0416667,0.583333,5,Bug-d0d278a0-b197-4396-bd85-566046c0dbca,1390554538591
54,0.0952381,0.761905,0.0714286,0.0238095,0.0238095,0.0238095,1,Bug-68dd11b7-031a-4f12-9149-409586b05cf2,1395130257148
55,0.0895522,0.00746269,0.164179,0.455224,0.0373134,0.246269,3,Bug-93433eb2-cc03-475b-8bf3-cbb1f865c892,1387358791658
56,0.025,0.625,0.075,0.025,0.025,0.225,1,Bug-b4b0b6b0-46b1-4e61-8edc-ea39188b66a1,1410237727704
57,0.0185185,0.481481,0.351852,0.0185185,0.0185185,0.111111,1,Bug-2b67bd51-d206-4a26-ae03-bc7a7501a4dd,1373839430011
58,0.3625,0.2875,0.2875,0.04375,0.00625,0.0125,0,Bug-4b098b79-aac7-4615-9bc4-d21ffb3acaad,1399187558844
59,0.0909091,0.545455,0.0909091,0.0909091,0.0909091,0.0909091,1,Bug-9ec8abf1-9c1b-4ae2-be82-6d56c4d76cf7,1394631099566
60,0.0666667,0.133333,0.4,0.266667,0.0666667,0.0666667,2,Bug-5a884e97-93e8-4e69-9701-674ecf4f7307,1388789697108
61,0.142857,0.285714,0.142857,0.142857,0.142857,0.142857,1,Bug-74387c83-7ba3-4614-81d0-7b79c9161a56,1403272491141
62,0.125,0.25,0.25,0.125,0.125,0.125,1,Bug-7eb0d8d9-220c-42c0-8fad-970459e52c99,1375220505858
63,0.030303,0.393939,0.212121,0.242424,0.030303,0.0909091,1,Bug-a06c7b09-4860-43f0-b0ee-8408ee05af1a,1395131648398
64,0.275229,0.137615,0.0183486,0.00917431,0.00917431,0.550459,5,Bug-aa57696f-589d-4c1b-bdad-8f119a5da076,1387378626833
65,0.030303,0.757576,0.121212,0.030303,0.030303,0.030303,1,Bug-209465bd-d6d8-48fc-b6c8-f76fdd2fbde7,1379907591010
66,0.900826,0.0123967,0.0206612,0.0123967,0.0495868,0.00413223,0,Bug-ae24c86b-62fd-49bb-b678-3508d92e1305,1402926318270
67,0.0833333,0.583333,0.0833333,0.0833333,0.0833333,0.0833333,1,Bug-7ea88c31-0b50-4d67-9f2d-6ba639e520f2,1345029966349
68,0.0833333,0.583333,0.0833333,0.0833333,0.0833333,0.0833333,1,Bug-9df1478d-a630-4eff-aa23-0b35ce70c6ad,1393598755202
69,0.1,0.4,0.1,0.1,0.1,0.2,1,Bug-f2129e0c-d0d6-4feb-93a9-9d3cec9b371b,1389271183351
70,0.0333333,0.8,0.0333333,0.0333333,0.0333333,0.0666667,1,Bug-1249f103-f66d-4c64-bbd8-e4c0c34544c0,1305306797376
71,0.0625,0.6875,0.0625,0.0625,0.0625,0.0625,1,Bug-75458087-0097-4d9c-b1e2-d1721aaca48f,1388915326345
72,0.0075188,0.180451,0.172932,0.037594,0.0451128,0.556391,5,Bug-d9ae2787-1a17-4aad-99b1-0fb7abf28daf,1406894064562
73,0.148148,0.037037,0.111111,0.037037,0.037037,0.62963,5,Bug-f12f9e7a-a174-42fa-81f4-e5569fd80b7b,1360933531186
74,0.01,0.75,0.01,0.07,0.01,0.15,1,Bug-88bbb90f-1af1-4401-bb91-4835a9d50801,1398714732791
75,0.0909091,0.545455,0.0909091,0.0909091,0.0909091,0.0909091,1,Bug-ecf59660-68bd-4834-a435-467ed6e4b133,1407310941830
76,0.133333,0.1,0.0333333,0.4,0.0333333,0.3,3,Bug-6d70fdde-2f92-4ba2-b0ec-4f94c1c39480,1319787985359
77,0.03125,0.75,0.03125,0.03125,0.03125,0.125,1,Bug-7b6f26a4-be8d-464b-a70a-0cb3ed572b40,1408354661667
78,0.0181818,0.490909,0.309091,0.0181818,0.0181818,0.145455,1,Bug-e0c3009a-b00a-4595-9768-dae952c54980,1398727113279
79,0.119403,0.0149254,0.472637,0.104478,0.268657,0.0199005,2,Bug-ef5413a8-9e94-4d11-97e7-f455305e19f1,1404118142598
80,0.0666667,0.666667,0.0666667,0.0666667,0.0666667,0.0666667,1,Bug-1d511317-e2e9-46e6-9943-69ca23b297ba,1339607883633
81,0.2,0.3,0.1,0.1,0.1,0.2,1,Bug-ba8ac4d2-3ae3-4c94-ae13-b7846362e95f,1386660968267
82,0.111111,0.047619,0.619048,0.015873,0.031746,0.174603,2,Bug-5b6023a5-8b65-4170-acb9-da6d2d5e0f2b,1388729033097
83,0.0357143,0.821429,0.0357143,0.0357143,0.0357143,0.0357143,1,Bug-1c231ebc-b40a-4f1f-bde2-8b3017307b78,1404274051002
84,0.0625,0.3125,0.0625,0.0625,0.4375,0.0625,4,Bug-dd257834-92e8-4313-92e5-815b60747712,1387277045777
85,0.03125,0.53125,0.21875,0.03125,0.03125,0.15625,1,Bug-cad420ca-d6b2-42e2-945d-7d424b194967,1366746304105
86,0.0833333,0.583333,0.0833333,0.0833333,0.0833333,0.0833333,1,Bug-da307888-784e-4781-a110-e292e77d5af4,1395387388139
87,0.0625,0.125,0.3125,0.0625,0.0625,0.375,5,Bug-2ed3e7fa-a359-424d-9cb4-1bdd4c7900f7,1318447528202
88,0.196429,0.0357143,0.0357143,0.517857,0.142857,0.0714286,3,Bug-99584459-7959-483d-ad3b-99f8c68b8fdf,1379503664202
89,0.222222,0.111111,0.333333,0.111111,0.111111,0.111111,2,Bug-ae6ecd95-695a-421c-ac4f-8e399d504c10,1332241990178
90,0.0384615,0.0384615,0.384615,0.0384615,0.0384615,0.461538,5,Bug-1b976d76-788c-4ffc-88cc-ada71e83d958,1393599315671
91,0.0833333,0.416667,0.0833333,0.0833333,0.0833333,0.25,1,Bug-4dd90a83-67ef-494c-8f1f-08537c5aedf1,1379439010198
92,0.0121951,0.292683,0.207317,0.0731707,0.0365854,0.378049,5,Bug-7104406c-6282-4560-9535-cc2aff304956,1390490146222
93,0.125,0.25,0.25,0.125,0.125,0.125,1,Bug-6e8cdfa2-4336-46d4-afee-451d7ab9fc7d,1360875939257
94,0.0588235,0.705882,0.0588235,0.0588235,0.0588235,0.0588235,1,Bug-54fa9713-d8d3-4eea-add0-a8a58a6a30f9,1399836735560
95,0.442308,0.00274725,0.0796703,0.0961538,0.368132,0.010989,0,Bug-a0378db0-60ff-4488-9e35-3ce4204adb2e,1389104646084
96,0.0625,0.6875,0.0625,0.0625,0.0625,0.0625,1,Bug-5b7b1d1f-45d6-4528-8f49-f6229e779952,1390191006128
97,0.0357143,0.821429,0.0357143,0.0357143,0.0357143,0.0357143,1,Bug-106af056-71bd-4baf-954f-218a3efafe40,1382478979156
98,0.00980392,0.137255,0.581699,0.0882353,0.0294118,0.153595,2,Bug-6e294868-08b8-4f31-bb3d-77cafeb6cdfa,1381475230938
99,0.0188679,0.301887,0.150943,0.264151,0.0566038,0.207547,1,Bug-af76329e-0196-4c23-9087-c4f53d1c59d2,1408861314243
100,0.0909091,0.0909091,0.181818,0.0909091,0.0909091,0.454545,5,Bug-8d983787-2702-4af4-97f3-f5a7a9231d21,1408684181320
101,0.0243902,0.0487805,0.341463,0.195122,0.0243902,0.365854,5,Bug-07628e80-f3f3-48e5-b356-f77adf6fee76,1400557320874
102,0.0262009,0.0895197,0.368996,0.0174672,0.342795,0.155022,2,Bug-0bc1144e-bb9f-42a8-8e8e-9dc432f27141,1385993719097
103,0.0357143,0.821429,0.0357143,0.0357143,0.0357143,0.0357143,1,Bug-9ee77d17-f116-47df-9974-dc15669a0b74,1394535093383
104,0.0344828,0.0344828,0.275862,0.103448,0.0344828,0.517241,5,Bug-a84d64fc-f4db-494f-a1b8-25069f614998,1387366221507
105,0.147059,0.676471,0.0294118,0.0294118,0.0294118,0.0882353,1,Bug-1ce49571-f31b-493f-9dc7-264c286852cc,1404202627640
106,0.0769231,0.615385,0.0769231,0.0769231,0.0769231,0.0769231,1,Bug-085fe07a-ac3d-4e44-a71f-23412978e2b9,1373889695265
107,0.0714286,0.642857,0.0714286,0.0714286,0.0714286,0.0714286,1,Bug-7f50cd7a-14f1-4a90-933a-921a2d2cf3c1,1406914501164
108,0.0592593,0.0222222,0.481481,0.0888889,0.0148148,0.333333,2,Bug-db894443-61e8-4059-a0d6-4b586400352d,1394113100677
109,0.420213,0.00531915,0.0265957,0.303191,0.239362,0.00531915,0,Bug-29b3817c-e2ec-4da6-8baf-1bd79d00f9be,1390490620819
110,0.0212766,0.574468,0.255319,0.0212766,0.0212766,0.106383,1,Bug-607771b6-6559-443c-9da2-3f2ae45b0196,1380800001366
111,0.0828729,0.0718232,0.414365,0.104972,0.0828729,0.243094,2,Bug-a325fcdc-76c7-4ea3-8770-eaccdc95c75f,1402898689229
112,0.0454545,0.772727,0.0454545,0.0454545,0.0454545,0.0454545,1,Bug-92c7c4b6-f9ea-48ff-8254-e7eff23afbe9,1366129913701
113,0.0181818,0.636364,0.272727,0.0181818,0.0181818,0.0363636,1,Bug-fb5c40a6-6264-4a10-b065-c14553fdbf69,1409115367957
114,0.0555556,0.722222,0.0555556,0.0555556,0.0555556,0.0555556,1,Bug-ae67fe31-2b94-4598-a87c-46d07730bfc1,1389706938363
115,0.257143,0.0571429,0.371429,0.257143,0.0285714,0.0285714,2,Bug-e22f5332-7f39-4f81-9dee-0ebf49ebd576,1408710713459
116,0.0166667,0.216667,0.0833333,0.0166667,0.65,0.0166667,4,Bug-7bfb2786-ea48-4955-aa0c-29d899775e30,1377700658323
117,0.0526316,0.578947,0.210526,0.0526316,0.0526316,0.0526316,1,Bug-e25bb106-466c-4fd1-b8ac-12ba0f54df72,1404358168579
118,0.0327869,0.0163934,0.147541,0.114754,0.196721,0.491803,5,Bug-43d6dd07-1f55-4396-8ada-78c4192aaccf,1382347122562
119,0.0769231,0.0769231,0.538462,0.153846,0.0769231,0.0769231,2,Bug-92ccd77c-8ae4-44dd-a38e-d733d15d12de,1408462754801
120,0.05,0.75,0.05,0.05,0.05,0.05,1,Bug-f0bfb6be-1885-4017-a8ae-8eb93d0b80c1,1392116146135
121,0.0172414,0.758621,0.137931,0.0172414,0.0172414,0.0517241,1,Bug-57622b00-6a40-499f-b9ad-7fcbde628b51,1332746315965
122,0.0833333,0.583333,0.0833333,0.0833333,0.0833333,0.0833333,1,Bug-7307376e-5e13-4c60-ab86-5467f7e0faa6,1400162497517
123,0.0555556,0.722222,0.0555556,0.0555556,0.0555556,0.0555556,1,Bug-c2fbb292-428f-407f-b9f1-9638efef8b02,1401907982078
124,0.0625,0.6875,0.0625,0.0625,0.0625,0.0625,1,Bug-2ddd0804-75c4-4b63-a297-397d5044fc72,1381496165258
125,0.429752,0.206612,0.198347,0.00826446,0.00826446,0.14876,0,Bug-1c546102-8eb1-4f3a-becc-34301ded0a7e,1384036740323
126,0.08,0.02,0.08,0.76,0.02,0.04,3,Bug-6c7c7c59-00f3-494c-bddf-d5a86a49b5da,1334673752660
127,0.0769231,0.615385,0.0769231,0.0769231,0.0769231,0.0769231,1,Bug-7eaa6960-e998-4d5a-b4f2-b3d0f03ea55a,1385792140181
128,0.0384615,0.807692,0.0384615,0.0384615,0.0384615,0.0384615,1,Bug-31f02d34-5ef5-4f97-84df-1ff252fecb22,1364287184529
129,0.0153846,0.769231,0.0153846,0.0461538,0.0153846,0.138462,1,Bug-3eeb008d-d1cb-4e22-a1c4-e1d9158f15de,1401968355458
130,0.0588235,0.705882,0.0588235,0.0588235,0.0588235,0.0588235,1,Bug-30c9476d-0a13-4dcb-acef-293f880d0085,1374011297144
131,0.0384615,0.0384615,0.0769231,0.269231,0.0384615,0.538462,5,Bug-c84b7e2c-ce00-41af-9398-e2e89d054489,1322770926251
132,0.111111,0.111111,0.444444,0.111111,0.111111,0.111111,2,Bug-fff1f988-a11c-47a3-ad3f-ea8105420201,1401788106671
133,0.0909091,0.545455,0.0909091,0.0909091,0.0909091,0.0909091,1,Bug-21ce499e-3448-41af-a78f-16cc8b404e85,1400591799440
134,0.2,0.05,0.1,0.15,0.05,0.45,5,Bug-631c45e5-34de-4c73-bc5a-a857e01e2f9e,1404225524227
135,0.0212766,0.0851064,0.361702,0.106383,0.0212766,0.404255,5,Bug-8e3ae740-0691-41ab-bd6f-6721498d4574,1393235980690
136,0.1,0.1,0.4,0.1,0.1,0.2,2,Bug-20a0b366-8cbc-4f81-a409-bdddd4459c9c,1315297778842
137,0.05,0.1,0.2,0.05,0.05,0.55,5,Bug-b71346b5-06b4-4880-9159-b12c1cf188d8,1395654276085
138,0.0384615,0.0384615,0.384615,0.0769231,0.0769231,0.384615,2,Bug-0c0f07a6-ac3e-42fd-98e3-f5cd44bb5420,1397147229219
139,0.0769231,0.615385,0.0769231,0.0769231,0.0769231,0.0769231,1,Bug-c6c678b9-cfe6-43cc-893d-a880bbcde4dc,1387320955173
140,0.0434783,0.0434783,0.173913,0.304348,0.0434783,0.391304,5,Bug-411622c4-4154-4ab4-afe0-ac8f6b7cddb2,1395221152352
141,0.181818,0.0454545,0.0909091,0.545455,0.0454545,0.0909091,3,Bug-d3b22bfe-bac4-43f9-be76-7661e54e844a,1279699898709
142,0.0119048,0.488095,0.0119048,0.130952,0.0238095,0.333333,1,Bug-d6ad9778-51a5-40f0-b11d-529c392241cf,1340031640317
143,0.1,0.12,0.16,0.12,0.45,0.05,4,Bug-57b306f9-dd6a-470c-9249-60f80852557e,1404366522435
144,0.0408163,0.0204082,0.397959,0.132653,0.234694,0.173469,2,Bug-31275e46-7278-4fa4-b198-01484c0f8972,1396809394784
145,0.00471698,0.0801887,0.226415,0.0613208,0.254717,0.372642,5,Bug-e8242520-4877-4a55-bb32-9b6380663cca,1407431053439
146,0.030303,0.727273,0.151515,0.030303,0.030303,0.030303,1,Bug-5d13e134-6238-41f2-a902-59d920364a36,1338907748962
147,0.0227273,0.5,0.340909,0.0227273,0.0227273,0.0909091,1,Bug-14b566de-791c-42ee-a392-5b5868513e89,1384254380850
148,0.0869565,0.0217391,0.597826,0.0978261,0.0108696,0.184783,2,Bug-b79534e2-0a7f-4d9e-8e61-2ded3318596e,1379345407125
149,0.0922509,0.00369004,0.0516605,0.826568,0.00369004,0.0221402,3,Bug-ce66e056-c993-4ac2-b575-01fd4b04fb24,1371111236401
150,0.00877193,0.192982,0.622807,0.105263,0.0175439,0.0526316,2,Bug-33583024-fcb6-439c-ad20-8e0969778ff9,1399469875909
151,0.0833333,0.583333,0.0833333,0.0833333,0.0833333,0.0833333,1,Bug-cc2a5986-7f1a-45e0-8127-8ec1124402f4,1401297218335
152,0.27907,0.162791,0.0465116,0.0232558,0.0465116,0.44186,5,Bug-8c7fcabe-0f02-4bca-864d-4ff51d3a79d1,1333092410055
153,0.0357143,0.392857,0.0714286,0.0357143,0.0357143,0.428571,5,Bug-fa4d25a0-136f-4aac-9c35-cb8a53845719,1395913812945
154,0.0769231,0.615385,0.0769231,0.0769231,0.0769231,0.0769231,1,Bug-b390c8d6-5006-4c7c-b3f2-1c374d113e98,1400589201632
155,0.130435,0.0434783,0.173913,0.0434783,0.0434783,0.565217,5,Bug-47206627-f3dc-4cf4-b378-06c5fb33c5bd,1387623214710
156,0.0625,0.6875,0.0625,0.0625,0.0625,0.0625,1,Bug-ea495093-f206-4b3f-8926-b63102d96c1e,1387783964569
157,0.027027,0.459459,0.189189,0.243243,0.027027,0.0540541,1,Bug-53cd89b1-1ba3-46f3-9268-759c72db6803,1384250564029
158,0.0769231,0.0769231,0.230769,0.230769,0.153846,0.230769,2,Bug-40355608-38aa-4eb2-b9c7-35e42dc75091,1350656435007
159,0.225806,0.451613,0.0645161,0.129032,0.0322581,0.0967742,1,Bug-7f83b9a1-698f-4f08-b642-2720bfe26c97,1389858848329
160,0.025641,0.0512821,0.205128,0.102564,0.025641,0.589744,5,Bug-36e72678-66a9-4bd3-acd0-963dda206771,1403156454701
161,0.0555556,0.0555556,0.222222,0.0555556,0.0555556,0.555556,5,Bug-58628150-cf2f-4293-96a9-c1134db23f7e,1373889476499
162,0.0227273,0.545455,0.0227273,0.204545,0.0227273,0.181818,1,Bug-6b362674-eaf4-41b0-bd14-b0e7e352d055,1357141060189
163,0.0625,0.6875,0.0625,0.0625,0.0625,0.0625,1,Bug-dacdfe3c-a668-4830-8fe3-cc5b3d8b1069,1304533944893
164,0.0384615,0.0432692,0.288462,0.0432692,0.413462,0.173077,4,Bug-13ab6d21-bba1-4e10-baaa-047f22a014b5,1384013653680
165,0.047619,0.714286,0.047619,0.0952381,0.047619,0.047619,1,Bug-96d7f614-dd54-40dc-b711-4aa4b60b9c48,1405660879182
166,0.0769231,0.307692,0.384615,0.0769231,0.0769231,0.0769231,2,Bug-f1878987-e7b9-4629-a9f7-e0dccb0fc7ae,1337163285029
167,0.0384615,0.0384615,0.0384615,0.0384615,0.0384615,0.807692,5,Bug-684465e3-552d-49da-92ef-13322a87ebb9,1407657404813
168,0.0181818,0.727273,0.0181818,0.0545455,0.0181818,0.163636,1,Bug-73d2e123-8a8c-4e22-b8c9-0ac9cc337ad0,1410213853805
169,0.00917431,0.724771,0.0366972,0.119266,0.00917431,0.100917,1,Bug-fe3478be-6c33-49e7-9a32-1719dbea09fd,1333553400673
170,0.0416667,0.375,0.375,0.0416667,0.0416667,0.125,1,Bug-ed6fe333-e9bc-40dc-a81e-3debb710b619,1353357682264
171,0.0123457,0.12963,0.0185185,0.00617284,0.790123,0.0432099,4,Bug-78ee70fd-45f7-47f1-afaa-c635f4c22875,1404284511172
172,0.26087,0.173913,0.434783,0.0434783,0.0434783,0.0434783,2,Bug-7f85be3d-6574-4c37-9405-6ade6d73c169,1352669740506
173,0.0625,0.6875,0.0625,0.0625,0.0625,0.0625,1,Bug-03172eef-2b25-45cd-94e5-3147fd04814c,1298444600705
174,0.0454545,0.727273,0.0454545,0.0909091,0.0454545,0.0454545,1,Bug-74f82ea4-68e5-4aff-a8c5-064655949893,1389371911607
175,0.111111,0.111111,0.111111,0.222222,0.111111,0.333333,5,Bug-d296c652-fb48-4517-bf66-bdbb3c69c47c,1300436509083
176,0.0769231,0.0769231,0.0769231,0.230769,0.230769,0.307692,5,Bug-6ae5b735-490c-487b-af2f-004e0e525721,1398869272903
177,0.0625,0.0625,0.0625,0.125,0.0625,0.625,5,Bug-df43a3ec-6687-47f9-8602-aa5d2e277bc0,1367854475925
178,0.0384615,0.807692,0.0384615,0.0384615,0.0384615,0.0384615,1,Bug-3107c210-f936-4be8-92c6-9fb6e6a315e8,1357650943024
179,0.1,0.1,0.1,0.1,0.1,0.5,5,Bug-4158e00c-b9a7-4b64-a744-008470971d36,1326388475206
180,0.181818,0.0909091,0.5,0.0909091,0.0454545,0.0909091,2,Bug-d6a4c855-f235-4de2-a077-cd51221a950c,1365576092373
181,0.0555556,0.722222,0.0555556,0.0555556,0.0555556,0.0555556,1,Bug-11c99131-b1b6-4ba5-9f93-f529771f5f06,1308501645603
182,0.333333,0.111111,0.222222,0.111111,0.111111,0.111111,0,Bug-852d5b2f-c022-4861-a252-945da6931060,1404985270215
183,0.0172414,0.0172414,0.431034,0.0689655,0.137931,0.327586,2,Bug-fc96cb7a-8658-4519-8353-e1b87b75ac96,1403015873194
184,0.0384615,0.807692,0.0384615,0.0384615,0.0384615,0.0384615,1,Bug-ff813601-7a3e-4331-9b3c-e07cbf8e2747,1405193427739
185,0.0714286,0.142857,0.5,0.142857,0.0714286,0.0714286,2,Bug-03b160ea-866c-48fc-b472-c64e922cfc4b,1371924627935
186,0.0133333,0.786667,0.04,0.0666667,0.0133333,0.08,1,Bug-a240d4ed-3de6-4a36-970e-eb1c866ee0aa,1389263127979
187,0.136364,0.318182,0.159091,0.0227273,0.0227273,0.340909,5,Bug-7818a42c-f7d3-4e1e-b6be-50181c8b034b,1336035516022
188,0.0117647,0.941176,0.0117647,0.0117647,0.0117647,0.0117647,1,Bug-9b2d49e0-2ed8-47ef-a5da-4a8a5c7ae9fb,1399497598771
189,0.156863,0.0196078,0.254902,0.254902,0.196078,0.117647,2,Bug-149175ab-74a2-4f28-ae5e-18fdd0e4f4f0,1336979464172
190,0.05,0.2,0.15,0.05,0.05,0.5,5,Bug-aa0f8192-7a3b-4fc2-9418-f66ea44f3d59,1407770282308
191,0.123596,0.0786517,0.134831,0.123596,0.0786517,0.460674,5,Bug-001c1b2b-1a0f-4771-a290-409ac91d801b,1404223023063
192,0.03125,0.03125,0.390625,0.03125,0.015625,0.5,5,Bug-553bea62-36f0-4997-b8e3-51c550d4fc24,1403013446591
193,0.0714286,0.642857,0.0714286,0.0714286,0.0714286,0.0714286,1,Bug-7bc55d15-efe1-422f-81b7-440e4cbe9c1d,1384251353081
194,0.0909091,0.0909091,0.0909091,0.272727,0.363636,0.0909091,4,Bug-c264948c-f7f3-4e74-a864-18d91f0b576d,1387274423549
195,0.0625,0.375,0.0625,0.0625,0.1875,0.25,1,Bug-18190e4c-0a41-460d-936c-5a0d4e6e53b3,1390501239265
196,0.0625,0.6875,0.0625,0.0625,0.0625,0.0625,1,Bug-b5033205-1d93-4b52-a514-a2dfa1663182,1387373772212
197,0.0526316,0.631579,0.0526316,0.105263,0.0526316,0.105263,1,Bug-5c39d089-cb0e-4bd1-845f-f6e56c02cacc,1375436717195
198,0.0338983,0.440678,0.152542,0.0508475,0.0508475,0.271186,1,Bug-da8ba84a-e65f-47be-bba2-164ab876d046,1393075422360
199,0.142857,0.142857,0.285714,0.142857,0.142857,0.142857,2,Bug-58351b74-902a-4081-b44d-a8a3d10ba1ac,1409551861912
200,0.0555556,0.722222,0.0555556,0.0555556,0.0555556,0.0555556,1,Bug-d36daa3b-66b3-4a2c-ba8d-60657bed6a4b,1393595296273
201,0.0769231,0.0769231,0.307692,0.153846,0.0769231,0.307692,2,Bug-517543e5-648a-478d-b96b-fbad4af3541d,1386425960977
202,0.0666667,0.0666667,0.2,0.0666667,0.0666667,0.533333,5,Bug-0d7a2e65-cd3d-4650-b7e1-72442cd42bfe,1381502828631
203,0.264706,0.0882353,0.0735294,0.235294,0.0882353,0.25,0,Bug-eacad750-0c29-41c6-8999-c193f848a1d9,1322747717740
204,0.025,0.8,0.025,0.025,0.025,0.1,1,Bug-ed6f3c74-26e6-456d-91bd-954d3da26e5c,1370799436570
205,0.0526316,0.0526316,0.421053,0.157895,0.263158,0.0526316,2,Bug-5896106d-7dc5-4f1d-8760-beabb316990c,1389363079657
206,0.0123457,0.0123457,0.271605,0.135802,0.0864198,0.481481,5,Bug-1657c0b2-9ea4-45b7-a6d4-862137e150b1,1374677456519
207,0.567308,0.161058,0.132212,0.0216346,0.0841346,0.0336538,0,Bug-d047b4d7-46ca-4b46-9792-c6939422a082,1321453572421
208,0.368421,0.175439,0.192982,0.00877193,0.00877193,0.245614,0,Bug-e86db756-7942-44b2-b2fb-191ac60daf4e,1385141662300
209,0.0322581,0.774194,0.0967742,0.0322581,0.0322581,0.0322581,1,Bug-14dbdb9f-f616-46af-a3fb-73d62cbcc1e4,1368646122657
210,0.0344828,0.62069,0.0689655,0.103448,0.0344828,0.137931,1,Bug-701c6894-2462-463f-90c9-eeb418c4f762,1397807239908
211,0.0566038,0.320755,0.339623,0.0566038,0.00943396,0.216981,2,Bug-3c711928-bbb7-4e01-8067-a0b9397edb91,1393000170225
212,0.0666667,0.666667,0.0666667,0.0666667,0.0666667,0.0666667,1,Bug-5290c7f0-fb78-4fe3-b351-df637cd6236e,1405463320295
213,0.0131579,0.789474,0.157895,0.0131579,0.0131579,0.0131579,1,Bug-12eb7dfd-38f2-49a8-aaa0-c9d76ffe6692,1405326850306
214,0.186047,0.0116279,0.395349,0.27907,0.0116279,0.116279,2,Bug-88df9967-3b96-494e-b602-ad28b9676974,1386410662563
215,0.272727,0.254545,0.236364,0.0181818,0.0181818,0.2,0,Bug-ceab8116-f701-40fb-a745-e0f8ec4a3815,1330693233867
216,0.0769231,0.615385,0.0769231,0.0769231,0.0769231,0.0769231,1,Bug-eb134762-0062-4519-bdc4-4e7469c79fe6,1394985930098
217,0.116279,0.0232558,0.27907,0.0697674,0.0232558,0.488372,5,Bug-6900958b-921d-4c53-b61c-43bb4fc40d6c,1375769480550
218,0.0588235,0.705882,0.0588235,0.0588235,0.0588235,0.0588235,1,Bug-dffe928d-d7c2-477c-ab30-5eb6eee74251,1398840187224
219,0.142857,0.0714286,0.142857,0.285714,0.0714286,0.285714,3,Bug-e5b379d3-7d61-4616-97dc-90eb188bd04f,1398950611345
220,0.0833333,0.0833333,0.166667,0.0833333,0.0833333,0.5,5,Bug-969f9083-6791-4eae-89b3-16ac87107353,1382766801977
221,0.0852018,0.0672646,0.13154,0.0792227,0.617339,0.019432,4,Bug-a0c6d352-41e0-47b8-a93d-1fc31b49bd65,1388607779102
222,0.0196078,0.147059,0.431373,0.00980392,0.00980392,0.382353,2,Bug-0dedee29-2576-40a7-a78d-3f76105ad139,1393230947493
223,0.233766,0.207792,0.0909091,0.012987,0.441558,0.012987,4,Bug-35a2bf12-3285-42e5-856c-8882f45c79fa,1386436249449
224,0.0208333,0.0833333,0.1875,0.0416667,0.0833333,0.583333,5,Bug-861d1fa2-ba52-4649-811e-9d6a0eea2bec,1390494563566
225,0.03125,0.03125,0.125,0.28125,0.21875,0.3125,5,Bug-390f5849-d122-46b3-9910-679d43147329,1392968983657
226,0.030303,0.666667,0.0909091,0.030303,0.030303,0.151515,1,Bug-8f89fe3b-678f-40bd-b6ab-1e020f563751,1379433751956
227,0.125,0.375,0.125,0.125,0.125,0.125,1,Bug-9a876e4d-32e3-4bbf-b35f-84bb91ffcf0d,1400151351153
228,0.0645161,0.264516,0.516129,0.0967742,0.00645161,0.0516129,2,Bug-4de02cdc-91f8-4148-af15-61a8fc486d34,1300097076739
229,0.125,0.125,0.375,0.125,0.125,0.125,2,Bug-7b225e19-32ca-4889-8f1d-b78a8dd3a51b,1400953184210
230,0.0169492,0.118644,0.457627,0.0169492,0.0169492,0.372881,2,Bug-e1dad28b-9dd2-481b-9ad5-e3b3c23d1bfb,1394627579080
231,0.0392157,0.745098,0.0588235,0.0196078,0.0196078,0.117647,1,Bug-62008763-de8c-4da1-b668-fb8df2d13d15,1393364708146
232,0.0769231,0.0769231,0.538462,0.153846,0.0769231,0.0769231,2,Bug-aa39a788-fd2e-4782-a884-bc740e744730,1410366089772
233,0.333333,0.111111,0.222222,0.111111,0.111111,0.111111,0,Bug-e430205e-6ead-4ac0-8ec0-e6f70958eeab,1387421369091
234,0.111111,0.111111,0.333333,0.111111,0.111111,0.222222,2,Bug-82fa1cd5-1865-44f5-95df-ad32a42dc2e8,1375798179565
235,0.0416667,0.791667,0.0416667,0.0416667,0.0416667,0.0416667,1,Bug-56905142-157e-4b2d-96f6-b026a241c32a,1396275931521
236,0.0909091,0.545455,0.0909091,0.0909091,0.0909091,0.0909091,1,Bug-9396cdb5-eea7-4188-b325-ec199b1a8f06,1392903658607
237,0.275862,0.275862,0.0689655,0.0344828,0.206897,0.137931,0,Bug-08eb0596-c081-47d3-8010-5daa9644dbb6,1396569539699
238,0.0144928,0.289855,0.434783,0.0434783,0.15942,0.057971,2,Bug-8c10edf2-ec39-4202-8414-bbb014d097e4,1386585626720
239,0.0948905,0.0364964,0.0729927,0.364964,0.386861,0.0437956,4,Bug-f7c3c45c-29e6-4f26-967e-43ff51b50782,1410179780798
240,0.237069,0.0474138,0.176724,0.137931,0.224138,0.176724,0,Bug-742bcfcf-147d-48ca-828d-e9b7cb94be6f,1408814696857
241,0.211268,0.112676,0.197183,0.0422535,0.0140845,0.422535,5,Bug-ec9c70b9-dbda-4939-88c7-2db9fcbfb909,1396357616365
242,0.0555556,0.0555556,0.166667,0.166667,0.166667,0.388889,5,Bug-199dee64-947b-4fd0-8ace-0cd426900c36,1401289752962
243,0.0625,0.25,0.5,0.0625,0.0625,0.0625,2,Bug-fdb7a539-26e4-4087-a115-b47d9c4065f9,1384285744681
244,0.0588235,0.705882,0.0588235,0.0588235,0.0588235,0.0588235,1,Bug-81df52d1-c085-451d-abc2-5cbf66244455,1406574111506
245,0.0666667,0.4,0.2,0.0666667,0.0666667,0.2,1,Bug-15358d09-de8d-4a61-8fe9-e97760dcedcd,1357476722896
246,0.0833333,0.0833333,0.0833333,0.25,0.25,0.25,3,Bug-2b7e5eda-bf4d-4d3e-af63-d6aacb335185,1350376941752
247,0.00395257,0.00395257,0.735178,0.126482,0.0434783,0.0869565,2,Bug-86e619f2-0bee-48d6-8c86-28398d775508,1397044775553
248,0.04,0.08,0.4,0.28,0.04,0.16,2,Bug-a1f4b7cd-b99e-42dc-be0f-25f42b905e48,1364409328053
249,0.0384615,0.807692,0.0384615,0.0384615,0.0384615,0.0384615,1,Bug-d06d4a95-fdb0-43b2-add8-b89bd446aed9,1398673516353
250,0.025,0.625,0.225,0.025,0.025,0.075,1,Bug-38c34ede-64a8-4e61-a207-d919c332d1bc,1345029516980
251,0.0294118,0.0588235,0.176471,0.0294118,0.205882,0.5,5,Bug-80cb5e40-e32c-4592-ac82-4f646ff62f24,1358270225748
252,0.0666667,0.666667,0.0666667,0.0666667,0.0666667,0.0666667,1,Bug-4fc52150-e5bb-4f2e-8dea-5d622cb729bd,1337450695124
253,0.030303,0.757576,0.121212,0.030303,0.030303,0.030303,1,Bug-ab9c9272-a8e0-483e-93f8-6a5365278191,1395321426313
254,0.0131579,0.289474,0.381579,0.0394737,0.263158,0.0131579,2,Bug-7fe7e09f-ed8e-4ffc-a112-b08225dc1cd5,1372945537537
255,0.0243902,0.00813008,0.195122,0.373984,0.0894309,0.308943,3,Bug-b31a11f1-d41a-4aa3-8a08-b999b8bab1f2,1339777093999
256,0.358491,0.0188679,0.339623,0.0188679,0.226415,0.0377358,0,Bug-c8e39c91-2edf-4403-9756-7c220a0283cf,1408725979733
257,0.0333333,0.833333,0.0333333,0.0333333,0.0333333,0.0333333,1,Bug-03f58479-0813-42bc-9c9e-610f9fc8a275,1379580253315
258,0.0625,0.6875,0.0625,0.0625,0.0625,0.0625,1,Bug-0dde4835-0932-40df-81f9-0df1343aed6a,1400730829266
259,0.0434783,0.782609,0.0434783,0.0434783,0.0434783,0.0434783,1,Bug-1313715e-0d3e-44b3-af9c-5320f0d7bd70,1395653838691
260,0.0357143,0.821429,0.0357143,0.0357143,0.0357143,0.0357143,1,Bug-e556c4f1-5747-4e72-b179-25802bd7f49c,1348769120563
261,0.037037,0.296296,0.222222,0.37037,0.037037,0.037037,3,Bug-cbc5adec-7d28-4a4c-937c-54b8c2406585,1393064322729
262,0.0588235,0.705882,0.0588235,0.0588235,0.0588235,0.0588235,1,Bug-6830d7b9-bcfd-4852-afc6-a459ca877d4a,1398172565211
263,0.02,0.18,0.2,0.16,0.02,0.42,5,Bug-73daa8ee-4b68-4c33-8591-7beadd5b454f,1395950863518
264,0.75,0.0708092,0.0780347,0.0462428,0.0216763,0.033237,0,Bug-e893c84d-7e0d-4152-abc2-7e59c8cb01b6,1390832513097
265,0.0103093,0.0824742,0.185567,0.43299,0.0103093,0.278351,3,Bug-be69b0c4-d2ba-47c8-ab2b-a494c94341a5,1390397896454
266,0.0833333,0.0833333,0.5,0.0833333,0.0833333,0.166667,2,Bug-1074346a-adf7-40d5-8c03-62f8cf609e7b,1343467676713
267,0.155556,0.277778,0.311111,0.0777778,0.1,0.0777778,2,Bug-bace7292-d7c0-4072-8d88-8f8564613963,1387805754483
268,0.0675105,0.105485,0.312236,0.189873,0.189873,0.135021,2,Bug-47e30dbd-0dce-420b-8f39-a6feee8d7efe,1386532025684
269,0.0625,0.6875,0.0625,0.0625,0.0625,0.0625,1,Bug-687fe497-5be9-41fd-9d1b-a9b2e06b2798,1396075918185
270,0.2,0.1,0.1,0.1,0.1,0.4,5,Bug-67cfc500-67de-4158-aea0-e9c090bf053d,1370274240375
271,0.037037,0.814815,0.037037,0.037037,0.037037,0.037037,1,Bug-b3a0a649-6ff4-4660-85b9-648f9c17f290,1373553271779
272,0.0714286,0.642857,0.0714286,0.0714286,0.0714286,0.0714286,1,Bug-7ff77aaa-ce1f-4ff8-8423-61663a51fd5c,1308295072006
273,0.0833333,0.583333,0.0833333,0.0833333,0.0833333,0.0833333,1,Bug-d112fdf6-5612-4d61-8a87-0ad9f9d793a5,1397482668606
274,0.142857,0.142857,0.142857,0.142857,0.142857,0.285714,5,Bug-3a5bb633-3844-4a53-a2d8-7ea06e47e474,1390385857889
275,0.710714,0.0571429,0.146429,0.0214286,0.00357143,0.0607143,0,Bug-b69d9f1a-f45e-4549-bd0f-00c82a3d0474,1383155732609
276,0.0454545,0.454545,0.0454545,0.363636,0.0454545,0.0454545,1,Bug-172b3994-f0cc-4ef5-8fa9-51b5308af2e5,1379208794698
277,0.0555556,0.722222,0.0555556,0.0555556,0.0555556,0.0555556,1,Bug-0df321d5-7c17-478d-8d57-7cf8f6219696,1308892417529
278,0.0769231,0.615385,0.0769231,0.0769231,0.0769231,0.0769231,1,Bug-91d7aac1-debf-4540-a6f2-e30513571b17,1391263958479
279,0.142857,0.142857,0.142857,0.142857,0.142857,0.285714,5,Bug-d0a66209-84ba-4d14-8057-c5914ef8971d,1386227100024
280,0.0555556,0.666667,0.0555556,0.0555556,0.0555556,0.111111,1,Bug-beb1c40a-4d7a-4ea6-91d2-f5396f21321d,1396083957383
281,0.0814815,0.177778,0.0518519,0.0814815,0.17037,0.437037,5,Bug-9321ee72-078b-4bc2-8ab2-080ed7f682b4,1386228815264
282,0.5,0.0238095,0.0714286,0.166667,0.047619,0.190476,0,Bug-579ed383-0718-4345-904b-c8c98318bc90,1361524655595
283,0.0526316,0.0526316,0.368421,0.0526316,0.0526316,0.421053,5,Bug-fcfa3a31-ca73-4b16-b691-4e4491e7d7cf,1390495178575
284,0.0454545,0.727273,0.0454545,0.0454545,0.0454545,0.0909091,1,Bug-2fe7766d-5e60-4637-85d3-3b2da6d4bfb4,1403707908807
285,0.0196078,0.0196078,0.372549,0.27451,0.0588235,0.254902,2,Bug-dc5f18ed-ddb9-4124-aca1-da7ab660c18d,1379942461423
286,0.0294118,0.470588,0.0294118,0.411765,0.0294118,0.0294118,1,Bug-bd632977-4cb9-4a1b-8cac-81a063645ec6,1402469312772
287,0.0120482,0.722892,0.192771,0.0120482,0.0120482,0.0481928,1,Bug-70717588-9d0c-49b6-bc2f-cc416e018c3f,1384030989313
288,0.0533333,0.146667,0.16,0.12,0.04,0.48,5,Bug-96cb7228-d3ce-4ddf-9d60-00e47d81044e,1397852165745
289,0.1,0.1,0.5,0.1,0.1,0.1,2,Bug-1503c3d3-e29e-4763-a478-07692d470173,1403293223307
290,0.0833333,0.583333,0.0833333,0.0833333,0.0833333,0.0833333,1,Bug-0fbc0880-9215-49e7-ad3a-4f84ac60b9ac,1381406044998
291,0.0833333,0.166667,0.0833333,0.0833333,0.0833333,0.5,5,Bug-62f7af1f-3f5a-4496-93a6-d3ccf0d12d75,1333370823376
292,0.015015,0.123123,0.0840841,0.228228,0.12012,0.429429,5,Bug-68c4eac6-7515-4675-8c21-b370a303c9e8,1388042754354
293,0.047619,0.52381,0.047619,0.047619,0.142857,0.190476,1,Bug-c3577e53-21cc-4e5f-89cc-b17b1f26601c,1367357217487
294,0.214286,0.0714286,0.0714286,0.0714286,0.214286,0.357143,5,Bug-7d237488-349f-4f3b-93ce-4f1a177e22dd,1386395754541
295,0.2,0.0666667,0.266667,0.2,0.0666667,0.2,2,Bug-7c37afd2-9103-4a61-91ce-047d594ed990,1392977462451
296,0.0154639,0.0103093,0.520619,0.056701,0.180412,0.216495,2,Bug-2979ec36-73d1-497b-a43a-bae68f65a715,1359721666282
297,0.0769231,0.0769231,0.230769,0.461538,0.0769231,0.0769231,3,Bug-2dc666c5-1357-4138-8688-9fb7e51620a1,1400731209472
298,0.0434783,0.782609,0.0434783,0.0434783,0.0434783,0.0434783,1,Bug-abbd6c62-42d9-4e36-b3f2-0af9bd5512e7,1384410259171
299,0.0222222,0.533333,0.133333,0.0222222,0.0222222,0.266667,1,Bug-891bd021-e158-46dd-964f-3fab84686c1d,1393697762020
300,0.125,0.375,0.125,0.125,0.125,0.125,1,Bug-46211b35-c690-44d3-885b-cbabef315d92,1403278276209
301,0.00657895,0.0394737,0.519737,0.111842,0.223684,0.0986842,2,Bug-11a0bebe-1ded-43e5-b60f-69cdb5fdab53,1390552126094
302,0.130435,0.369565,0.23913,0.0652174,0.0217391,0.173913,1,Bug-60ed410c-b871-4fc3-913c-9516aa2d531d,1360424489417
303,0.0113636,0.0795455,0.0454545,0.613636,0.181818,0.0681818,3,Bug-f4bea358-7348-4cbd-8ff7-8b6c78166b8a,1382723329447
304,0.0833333,0.583333,0.0833333,0.0833333,0.0833333,0.0833333,1,Bug-a857dd9f-d5b4-46b7-a652-0dc7f5967ed0,1368446196023
305,0.03125,0.84375,0.03125,0.03125,0.03125,0.03125,1,Bug-3ac38f2d-8277-4dfb-a419-294a61dd7d47,1351087033525
306,0.05,0.7,0.05,0.05,0.05,0.1,1,Bug-541acc95-f28f-4e95-b202-8b7feda3154b,1302770065188
307,0.0736842,0.389474,0.115789,0.0105263,0.0105263,0.4,5,Bug-d2368fd1-0f96-42e6-8662-d0315751ce12,1386181928269
308,0.125,0.375,0.125,0.125,0.125,0.125,1,Bug-dd3ace26-300f-498c-a159-1f27c72cb666,1407860831693
309,0.0666667,0.0666667,0.466667,0.0666667,0.2,0.133333,2,Bug-fda88686-fb31-467a-a48a-80142dd2c085,1379013607958
310,0.0196078,0.901961,0.0196078,0.0196078,0.0196078,0.0196078,1,Bug-7a83e8c1-c2dd-4849-864c-3d2f171e6c3c,1404226450225
311,0.166667,0.0833333,0.388889,0.0277778,0.0277778,0.305556,2,Bug-7f04e8c4-5ea1-45e0-bed8-73447d678efb,1347811228773
312,0.0384615,0.807692,0.0384615,0.0384615,0.0384615,0.0384615,1,Bug-60076359-5aea-4071-9ef2-a53ebd4dcdfe,1398278354532
313,0.0373832,0.00934579,0.205607,0.252336,0.0373832,0.457944,5,Bug-e78ab188-171b-419f-ad6c-fb013b514dd1,1394049768808
314,0.0285714,0.857143,0.0285714,0.0285714,0.0285714,0.0285714,1,Bug-48f6d524-74bd-442e-9409-21bbc5bc908b,1373764056452
315,0.166667,0.0238095,0.0238095,0.119048,0.0238095,0.642857,5,Bug-e48e172e-a563-43a8-bf4d-79d623e3d51d,1409841191459
316,0.0566038,0.584906,0.113208,0.0188679,0.0943396,0.132075,1,Bug-a54f24d1-b887-4d85-ad2f-ccd3a70be51c,1360876234438
317,0.1,0.1,0.1,0.1,0.1,0.5,5,Bug-e0ee828d-51de-4226-9c10-7bcc7dfdb395,1395046708995
318,0.0666667,0.65,0.0666667,0.183333,0.0166667,0.0166667,1,Bug-de5b2cfc-0f59-459e-a13e-c8feab3c4399,1382729397935
319,0.0350877,0.157895,0.192982,0.105263,0.0877193,0.421053,5,Bug-4420559a-dbc4-4fad-84b9-17df2e735341,1394108798672
320,0.0333333,0.0333333,0.366667,0.1,0.2,0.266667,2,Bug-db655caf-e9b3-4731-bbec-2cf1327def88,1389989071863
321,0.04,0.48,0.12,0.04,0.24,0.08,1,Bug-7f536fc2-a76e-4bb7-8fec-82b0988ecf2b,1385854418369
322,0.0416667,0.666667,0.0416667,0.0416667,0.0416667,0.166667,1,Bug-153b1bcd-101d-4f1c-935e-ea56eb5c0d2c,1400141680453
323,0.125,0.125,0.25,0.25,0.125,0.125,2,Bug-607dcc0d-e0c8-4fcd-97f3-48d15c4011b0,1404308873389
324,0.832618,0.0472103,0.0343348,0.0214592,0.0171674,0.0472103,0,Bug-1f5d8e40-c204-4fe3-b18f-577726794039,1385735115348
325,0.0666667,0.533333,0.2,0.0666667,0.0666667,0.0666667,1,Bug-5111633e-8e13-4a81-b708-539b07e0a89b,1404203670828
326,0.354839,0.258065,0.225806,0.0322581,0.0322581,0.0967742,0,Bug-ee55821d-383b-4c69-abb4-9666fb10dc41,1331026619935
327,0.125,0.275,0.475,0.025,0.025,0.075,2,Bug-b2d0113b-6a42-4064-a2b5-d2d207c37052,1395329468797
328,0.0263158,0.684211,0.0526316,0.0526316,0.157895,0.0263158,1,Bug-1f67cf8b-ec7f-47bf-a9b3-d2c5ffb2f90b,1383148714290
329,0.0833333,0.583333,0.0833333,0.0833333,0.0833333,0.0833333,1,Bug-810fa301-640b-4cfb-b788-c2340e480071,1387981255873
330,0.311111,0.266667,0.0666667,0.111111,0.155556,0.0888889,0,Bug-38e83097-9fe6-4818-ac2c-67d095886d48,1392326424008
331,0.0120482,0.710843,0.0963855,0.13253,0.0120482,0.0361446,1,Bug-e43cdcd3-1e06-4949-8afd-63201f909ae3,1374698603238
332,0.189474,0.0105263,0.263158,0.294737,0.0631579,0.178947,3,Bug-1a22bd2f-c48d-4ce7-aeac-41ff9f18ebcb,1336359306411
333,0.0769231,0.0769231,0.0769231,0.0769231,0.0769231,0.615385,5,Bug-85b9fe92-9c25-44e0-89d7-c7a7c7a64c31,1393335248924
334,0.0357143,0.428571,0.0357143,0.0357143,0.0357143,0.428571,1,Bug-fd64064b-adae-4267-87e6-0fd6bf00b757,1349291888244
335,0.0454545,0.772727,0.0454545,0.0454545,0.0454545,0.0454545,1,Bug-84dcfcc0-8266-4a31-b216-152e343fbbe0,1410344697768
336,0.0344828,0.0862069,0.37931,0.103448,0.0172414,0.37931,2,Bug-f38996e3-0ddd-4626-ab94-66ddf6ccace2,1343844871814
337,0.0243902,0.146341,0.463415,0.317073,0.0243902,0.0243902,2,Bug-dd874a39-da6f-4e63-99d7-25f93de96466,1383080343002
338,0.0588235,0.117647,0.27451,0.294118,0.137255,0.117647,3,Bug-deb7b50d-581e-4a42-baea-4d61525cd501,1358183000441
339,0.0555556,0.0555556,0.166667,0.444444,0.111111,0.166667,3,Bug-61e7c870-55d3-419c-88c4-34c9fde4a1b9,1381294369729
340,0.0135135,0.851351,0.0135135,0.0945946,0.0135135,0.0135135,1,Bug-18dd6fee-5657-495f-8fcd-50fa3094a6f6,1384163054039
341,0.102564,0.384615,0.410256,0.025641,0.025641,0.0512821,2,Bug-3f5c1a88-bf8f-4ad4-a0fb-ad8720cc40c0,1381820792431
342,0.0344828,0.62069,0.241379,0.0344828,0.0344828,0.0344828,1,Bug-ec88d33e-9bac-4f83-a820-56eebc073f97,1339749431632
343,0.030303,0.030303,0.030303,0.121212,0.0909091,0.69697,5,Bug-d04cca8c-eb6b-4d7a-9c88-fab719c81592,1393368263508
344,0.037037,0.037037,0.481481,0.333333,0.037037,0.0740741,2,Bug-f3d0f395-2561-4c72-bf0c-0d73e8c22dc3,1384959830243
345,0.0555556,0.722222,0.0555556,0.0555556,0.0555556,0.0555556,1,Bug-f74300a8-fe19-4f10-9e53-a3bf901a4b58,1395420499988
346,0.0714286,0.642857,0.0714286,0.0714286,0.0714286,0.0714286,1,Bug-9bff226c-573d-454a-82ff-aa464cca5bca,1401402524964
347,0.0371991,0.00875274,0.282276,0.0131291,0.347921,0.310722,4,Bug-e7d2671d-a12f-4bd3-b1ac-d93a06df2e95,1386163725874
348,0.02,0.42,0.24,0.12,0.1,0.1,1,Bug-fcb41fc9-f4d3-4a10-be95-75411e373825,1390994022029
349,0.0833333,0.0833333,0.583333,0.0833333,0.0833333,0.0833333,2,Bug-55962e08-3a92-402e-98a4-035affdd2875,1381309121719
350,0.0588235,0.588235,0.0588235,0.0588235,0.176471,0.0588235,1,Bug-dab38e4e-1b88-4e9d-b4ac-c819076da90e,1355816454196
351,0.0133333,0.706667,0.16,0.0266667,0.0133333,0.08,1,Bug-fbb26558-7be5-4f5f-a20f-cefd9e22e209,1403776116450
352,0.133333,0.422222,0.155556,0.0444444,0.0444444,0.2,1,Bug-252f7e53-393b-4b25-9c8c-38c7ee997c10,1393003947629
353,0.131579,0.526316,0.157895,0.131579,0.0263158,0.0263158,1,Bug-57dcb586-dc07-4bff-b356-c923ea518937,1387272018032
354,0.176471,0.117647,0.0588235,0.470588,0.0588235,0.117647,3,Bug-b8dd8159-ea29-4ba1-a18f-a2a786561518,1304024646031
355,0.117647,0.294118,0.0294118,0.0294118,0.323529,0.205882,4,Bug-e880bad1-c267-4800-8f7c-a492a66eebf6,1409206445686
356,0.047619,0.571429,0.047619,0.0952381,0.047619,0.190476,1,Bug-524f6908-a00d-4af9-8e15-780ea158a135,1406552142772
357,0.030303,0.515152,0.272727,0.030303,0.121212,0.030303,1,Bug-699f77e2-c38a-44e4-8aea-076bc5a8f41e,1399475008860
358,0.0384615,0.0384615,0.615385,0.0769231,0.192308,0.0384615,2,Bug-2ab4df5b-394c-45b5-b2f0-a9e0691331ad,1387210582854
359,0.168675,0.0120482,0.373494,0.060241,0.060241,0.325301,2,Bug-1a960ee9-699b-431b-b756-dfdc6a35f784,1395387868826
360,0.0540541,0.0810811,0.351351,0.324324,0.162162,0.027027,2,Bug-041907fe-5314-48ca-a63a-447fd5425679,1400567698840
361,0.00671141,0.00671141,0.181208,0.563758,0.234899,0.00671141,3,Bug-3141136b-1150-44a1-8da2-ac6c5da0f009,1397026052996
362,0.0384615,0.807692,0.0384615,0.0384615,0.0384615,0.0384615,1,Bug-8448a8f7-afdd-4519-bbbb-9983d53b145b,1326984730531
363,0.111111,0.111111,0.111111,0.111111,0.111111,0.444444,5,Bug-2fd26a7a-83e7-4c95-83f3-093dcd54bb98,1383996209312
364,0.0555556,0.722222,0.0555556,0.0555556,0.0555556,0.0555556,1,Bug-4707e32d-e427-4e29-8fc1-86642affdbee,1402667284743
365,0.0833333,0.583333,0.0833333,0.0833333,0.0833333,0.0833333,1,Bug-6f839d55-75c6-4104-8893-845972690be1,1384359479775
366,0.03125,0.8125,0.03125,0.03125,0.03125,0.0625,1,Bug-be8b1b7d-202e-47d5-bb6d-94070c78d76d,1361011812870
367,0.166667,0.125,0.375,0.0416667,0.0416667,0.25,2,Bug-7e2ac852-9013-4614-a10a-62cc1148551d,1393070583951
368,0.0714286,0.0714286,0.214286,0.0714286,0.0714286,0.5,5,Bug-e99acad2-74d5-4300-bf9e-0527f8af20ee,1339429509437
369,0.0666667,0.666667,0.0666667,0.0666667,0.0666667,0.0666667,1,Bug-c17edfa2-ddb4-4f41-a265-a772728d8dc2,1405586907404
370,0.153846,0.615385,0.0769231,0.0384615,0.0384615,0.0769231,1,Bug-2c6998c3-b56a-4388-9dfc-fb79f5e45fcd,1404740345943
371,0.00934579,0.0747664,0.0654206,0.345794,0.28972,0.214953,3,Bug-d714674a-a6bc-447a-b9bc-83ec10cb5a80,1371923676848
372,0.111111,0.111111,0.333333,0.111111,0.111111,0.222222,2,Bug-d4052751-8020-48f9-87de-51f478a114e7,1403882384797
373,0.0740741,0.037037,0.240741,0.0925926,0.259259,0.296296,5,Bug-8fa67d11-18be-45a0-8318-3d2ebcb444b1,1383165975397
374,0.027027,0.594595,0.027027,0.027027,0.0540541,0.27027,1,Bug-f2ae4c7f-63af-459c-9193-19e78eaa8ed3,1370209142300
375,0.0833333,0.583333,0.0833333,0.0833333,0.0833333,0.0833333,1,Bug-08fb9c70-ef9c-4d81-999d-f1c41ee8fe40,1403090353253
376,0.047619,0.761905,0.047619,0.047619,0.047619,0.047619,1,Bug-82e2959c-7c13-496e-9c6b-aa96f8180c7d,1410244192155
377,0.0555556,0.0555556,0.166667,0.166667,0.0555556,0.5,5,Bug-e340649b-00c3-4f7c-9404-59c312be7865,1399648999165
378,0.0714286,0.0714286,0.0714286,0.0714286,0.0714286,0.642857,5,Bug-a436cedc-2967-4958-842c-a8a16a260b8c,1401822962068
379,0.015625,0.015625,0.578125,0.171875,0.046875,0.171875,2,Bug-ce556dd9-5a07-4164-bc3f-7c59929f1f30,1394582016782
380,0.05,0.75,0.05,0.05,0.05,0.05,1,Bug-a93df638-1518-45a1-be05-0e9dddfb62cb,1381767035722
381,0.0434783,0.782609,0.0434783,0.0434783,0.0434783,0.0434783,1,Bug-a672ced4-3983-4102-b35b-909f39f9f55f,1407929263237
382,0.206349,0.111111,0.15873,0.222222,0.047619,0.253968,5,Bug-9e175a9b-52d5-472c-819a-9b2212b4c78e,1383749426993
383,0.0714286,0.642857,0.0714286,0.0714286,0.0714286,0.0714286,1,Bug-aca1a43e-a90d-4293-8439-201691f3d61f,1402562797941
384,0.0306122,0.0510204,0.510204,0.234694,0.0714286,0.102041,2,Bug-37b37a17-1f9a-4d45-ad3b-c24622d0760f,1382311346246
385,0.0714286,0.642857,0.0714286,0.0714286,0.0714286,0.0714286,1,Bug-def56ac3-ca19-4b3b-9bb8-a88279b866fb,1390993242099
386,0.0909091,0.0909091,0.363636,0.181818,0.0909091,0.181818,2,Bug-0a6b2fc2-d4e0-4ebb-9022-b04d6fb45977,1393275361238
387,0.0208333,0.645833,0.0833333,0.0208333,0.0208333,0.208333,1,Bug-bdef3ed4-20dd-454c-ac65-512c3b5cdd4d,1393000269109
388,0.0833333,0.583333,0.0833333,0.0833333,0.0833333,0.0833333,1,Bug-445a4d16-62bc-40ea-85f8-fce820a80cb5,1403698614705
389,0.1,0.1,0.1,0.1,0.1,0.5,5,Bug-d4798c17-1a1c-473a-ba95-e5658de595eb,1404382229146
