1,Bug-a1b69111-80ac-4415-adb1-bdb66c495dd7,1368449704391
1,Bug-f67bf5af-c1c4-4cc1-a688-a4b975d5a08e,1383326983448
4,Bug-e394de21-15a4-495b-a89a-14c770bd51bb,1368710386335
1,Bug-9fad7d04-988e-487e-8f0d-bfc08fe378f9,1395260256965
1,Bug-386e4a63-5dd1-4baf-855a-b734f2b4150e,1379940479116
5,Bug-d2dc4dda-a939-403a-bb80-f7d5e1f39c00,1396961566005
1,Bug-6a216a08-194f-49b3-8081-df39dd918ae1,1395650523423
1,Bug-83a721df-5548-49cc-b511-57dc27553a0a,1395892962008
5,Bug-f126eaa3-1ebb-45e7-a5e0-a358b04b0d72,1391126674294
5,Bug-ac6c63a1-2ead-494f-b5b4-c482cf08c8f3,1396881537861
1,Bug-cde2acdd-b3ce-47fb-8c3a-499a05a3fb7d,1386951247939
1,Bug-17f68574-097d-4a8f-a9d9-77b80fbe901c,1369037742419
1,Bug-832e813a-3e59-4d66-8cc9-ac258d4fb550,1377590672026
5,Bug-2fdffa0f-c433-48d8-95d0-bf2df826b2e2,1395442196322
1,Bug-ee47a5d6-d2a3-4b5f-a823-b10b3b3cdd96,1385099390301
2,Bug-99005224-e03c-499d-beab-649a203304a2,1378815407458
1,Bug-89627b55-35da-4d4b-a36c-214d676c918f,1384338852605
1,Bug-bc3e3be5-86c2-4279-a396-9bca70051126,1345022130177
4,Bug-f0a7f46d-2b66-4786-9782-685525c674d2,1405604437231
1,Bug-3624a9c2-833d-42f1-aca3-6616deffad62,1395423873622
5,Bug-c4ffebf2-fd58-40d8-a082-42f09fe05814,1369750222593
1,Bug-6de4eeff-5a52-4796-b255-24884504e318,1380198116943
0,Bug-ef405664-d283-4ebd-bfe3-322237484acb,1402578626994
4,Bug-85605f70-e4c5-4380-814d-aeac3b693825,1393819714217
1,Bug-69a71f8c-67af-485b-bbae-d7efe8d2afc3,1378296952594
1,Bug-cfd9cd11-9bee-43a5-9a1f-c710d1f034e2,1408343278583
1,Bug-45e3655e-3d04-47a6-9cf6-333b892eb7f6,1402287558365
1,Bug-8c158d6a-3d21-46c9-91d3-5d6436f9e5b7,1399279325063
1,Bug-ec4f4860-6fa2-4334-8b68-24ac7417112f,1389207635924
1,Bug-fa7ccd31-fd63-4edc-8dfb-47d604d65dd9,1378881595182
5,Bug-d294c19e-b13c-43eb-b9ff-00fac2f4deca,1398775861613
1,Bug-8c569e2f-0d99-4424-86b4-db6586cc6189,1397545552447
1,Bug-573372f8-45d3-4be2-840e-7b6a8ca87790,1396425725042
1,Bug-a896d793-2735-4752-959b-7241adac8388,1384350821802
1,Bug-776f6b28-6d1d-40d2-b5f2-9e99b0aeadfd,1403011792059
1,Bug-07cb146b-3338-46ea-ac7e-ec6879738fe7,1396259629403
1,Bug-a6aa1d96-dc19-49bf-bc45-2d2e65f71e56,1383138194760
1,Bug-00f2c54f-a894-4b60-937b-d289c0c3e693,1365684834360
2,Bug-82924dd2-4436-4375-9462-1a387cc30500,1392137366130
1,Bug-b721557e-ad23-4cc1-ba6c-8b70b7a777bd,1393931584681
1,Bug-f3a5e13c-7301-417e-a1c8-a5464b756f08,1393855035810
1,Bug-9a337705-f58d-4081-bce4-464018cc92d4,1406638608756
1,Bug-f3b757a3-d8eb-484f-bbee-cd4ae2cd27c7,1402590601138
1,Bug-0cd17cc8-161e-407b-aec8-8b1fdb1aa1f5,1397675465251
1,Bug-5feb6b0c-c345-4933-913e-41e247ad1b76,1389697566958
5,Bug-d12a5c7e-9da0-48ca-a0a8-76859c179a62,1396345569587
3,Bug-1968d3f1-c1b5-4c5d-81d5-ab961e015c8d,1392058664926
1,Bug-a756a0d9-0d90-479b-bc1f-a57638043b6d,1380803714620
1,Bug-556696e2-4ab5-4aeb-b076-400f6c16d48a,1360768659420
5,Bug-97c2f03e-8760-464b-a764-83ea62a90df1,1378739670428
1,Bug-0c46ca20-3cb0-4f37-a4a0-8b4346b9e42c,1376377252717
1,Bug-33ef7cb3-e004-4200-a78a-aa962060af6c,1398347852963
1,Bug-5a80e2ca-cd17-4997-9133-1d147441147b,1401786047105
1,Bug-4d10edff-3851-47b4-b141-409df04806b4,1379086727440
5,Bug-4ea0e142-cd15-44c5-ad12-41e82e7729ad,1409737778298
1,Bug-2346505f-0f78-44f1-a786-6ae34dd71b7d,1381833573167
1,Bug-79d7016e-07b0-467d-88e3-d5b0a79ca93b,1380106583080
4,Bug-aeb206ca-4199-4580-9a85-d68e3d40c361,1343739080641
1,Bug-127b17b3-cd97-43e8-9249-a4f63c8c11ca,1396542127592
1,Bug-b37f8f85-2581-4a8c-b9c4-645f20e0d6f9,1391098564915
1,Bug-01722865-e99a-449e-a508-c86c03087294,1394118446809
4,Bug-925de1e8-df88-4d1a-b673-1c37cc8ca2c7,1393434120371
1,Bug-0f490cb2-375a-4074-afae-ffa03bcb11d2,1379448305442
5,Bug-80d1de22-aeb9-4bf7-a366-89c882f4facc,1395664540794
1,Bug-b3629094-38cd-444d-90b3-b719989622ec,1395869137802
1,Bug-6660b326-a255-4038-9a3c-f6f11310a16c,1396509482427
4,Bug-06b631a4-9573-4a94-8eca-b37ca0f0e13a,1397046290704
2,Bug-f54db75f-a07d-4c99-9831-8b3e9611562f,1395654363822
5,Bug-b14d078a-6d2f-44d9-a559-626275af599d,1404852632423
2,Bug-eac0e206-e6f1-4c19-bb14-d0679877fa42,1408342848728
4,Bug-4cc073db-d90d-48c0-b5d4-d440de61f0e2,1365663608891
1,Bug-69a06ebb-0980-4a5b-ba11-8f652a432f3d,1343915460271
5,Bug-3fc4db8d-1a11-4718-a928-7ee94052c77f,1387184736845
1,Bug-1e99b2f7-5645-408d-a853-1f8244dbadaf,1384421584979
1,Bug-dae346e1-f114-4f23-8472-7e39f90f0793,1371124067165
1,Bug-7d8f9474-7c5d-44c9-b53d-4dd54003b365,1362990087349
1,Bug-fa7dc3ad-3e72-41f9-8976-ee7b61bed106,1380550306422
1,Bug-e803bcf1-1d53-4283-b5cc-35170d6ad717,1404418931885
1,Bug-7ca29207-cc28-44c3-b35b-d4fc16a7f086,1404477241391
1,Bug-3a06291f-a85d-48e6-bcf7-7cf59d251853,1398251705925
1,Bug-8495d72d-eecc-4da4-a288-00ee11bd2ab6,1368727692672
1,Bug-82145004-7683-493d-8274-b8875e45e581,1385556323304
1,Bug-411be011-8037-4bfe-b56b-9d2c3883b181,1345470525657
1,Bug-5196a514-2110-4f41-bb25-f8ca7fef9238,1399352753650
1,Bug-ca005c8c-07c5-4456-a8b0-56f7eebddab3,1384420519105
1,Bug-cf561b84-b464-4780-9d3f-24930d5e9978,1369751964966
1,Bug-9dadd844-0bca-497b-9e93-a9f405c4cdcc,1398867957604
1,Bug-97c10f97-8cf2-49c8-af46-185b54fc88c7,1379665864139
2,Bug-b3794f1f-4201-414b-9f67-1528454ffc09,1376405351063
1,Bug-5146e506-bae5-43b3-a985-8e409ba70c15,1392136432872
5,Bug-bf325f68-d588-4a54-8d11-6278480a325f,1402490804219
2,Bug-b4c879c5-7413-46a6-a4b8-b6a95622e697,1386170786115
5,Bug-e33bc9de-16fa-4b08-8e34-3d852a8c57ab,1408649399730
1,Bug-1e6fffc2-8eff-4b64-926a-520c3ebd33e8,1410891169128
2,Bug-aa451790-ded6-4d7f-ae99-209d134b599d,1395219868373
1,Bug-167e4595-217e-49a8-ba9f-72fa000afcbd,1379936706227
1,Bug-435fac3d-1d42-4db0-9b58-8c52081d8b67,1386059284581
1,Bug-c9704aec-f488-44f1-9de7-cbc8cb1ecc87,1393241185021
1,Bug-c7b298a5-3d34-4289-91fe-0bd657ffcfa0,1395319437183
4,Bug-2d0011a2-19ad-495c-bd92-36744d69c091,1382358883378
1,Bug-6c753039-c1bd-46e3-9f4f-92f4b0514000,1398245436864
1,Bug-f0e3318b-321f-4513-9722-775762203e45,1386142894280
1,Bug-9828e29a-b6ac-414a-85de-bf4828f1f632,1393491180224
4,Bug-8ecb107f-06b6-4c53-8f5c-ac2ce0f3fc9d,1392322720250
1,Bug-f312c40e-e57c-48af-aea9-72517a5cb621,1410776243782
1,Bug-134775f0-11d7-448c-807f-85bcd9364387,1385375607738
1,Bug-3b513594-c4fa-4b2a-95b6-7a67723d9128,1352730035949
1,Bug-9753691b-136d-4227-9752-55b7ee736a07,1407840431192
1,Bug-734f0154-b316-41f9-a9be-1076a17d50b8,1390578469597
1,Bug-a61000f7-750d-4899-8dfa-8d5db275598a,1396941140416
1,Bug-a6594f6c-9db6-4da3-9836-034d971e772e,1400590872652
4,Bug-7bd8c397-d337-41c2-814a-6241c3c6c4fd,1368789091645
2,Bug-baa52ee7-fadf-4a00-a4c9-0b5ec6494c73,1380107284503
2,Bug-59f32fe3-056b-4dc8-a6e7-8c4fdab6d5f8,1395856556293
1,Bug-aad5c7e1-ac1c-47fd-8209-e10d4580e4f4,1377874170391
4,Bug-7e654932-8bc6-449d-b378-4461622be5f9,1404121978717
1,Bug-9af3987d-c2c9-4a28-896c-2dbcf95370ac,1382537660360
1,Bug-e9192cb2-3fab-485b-8ab7-b6e418f341af,1392892145373
4,Bug-b1907b49-03fe-4df0-9a8c-a3ad28ee65c0,1395857633704
2,Bug-11da670f-45f9-4f0b-8503-d1383b184c08,1378316911588
4,Bug-c2e8c369-5fcb-4098-b74f-963272d79ff4,1339075703953
1,Bug-cf10a513-75bb-4be7-a3f9-99a665cb69a4,1381409723555
4,Bug-12122054-8494-4b5c-b337-de19d01b60c4,1371152290044
1,Bug-4b6e5fe8-d624-4cc0-b17e-b499e3de16a7,1352462906634
1,Bug-01dff773-a11a-4da9-8694-33c66b65897d,1396533568186
4,Bug-6ded7e42-b225-4e3c-b9ef-f6e5c0a0b221,1405589243685
1,Bug-541be1dc-fdb5-4b0d-be80-2cb2662ff729,1394129780911
1,Bug-08d3efc5-f319-494f-9fa6-a2d36ce1a94c,1395853248768
1,Bug-9fc8dba8-1647-472a-9c39-2eb7ecc14bfd,1386086879695
4,Bug-9d642b58-beb5-46d4-b14a-aac76b0c3d10,1398336694183
2,Bug-f475382d-4565-4aa3-8706-a7693e0287c9,1386771562451
1,Bug-c4afc5f1-2e9c-4548-a311-a483f1f3993f,1408635418826
5,Bug-c5253e94-976e-4f27-a2f3-54a5f5458236,1392063563041
1,Bug-161d5011-0495-4ade-8d36-6c4607a8bb4c,1403767065264
1,Bug-d2f54d25-a21a-4f57-bd0a-afa2b5c2a232,1392640545425
1,Bug-f7f0f3f9-d62e-4c99-b58c-127fe631d271,1369213189988
1,Bug-2051dc95-5703-47b5-811a-b640e9000b61,1395052567454
1,Bug-a7934a63-cfa2-4c15-a4e5-64e55289930c,1384159019656
2,Bug-f5b0c0b7-8d69-44df-ad02-bf68c4716c92,1392192945131
0,Bug-c8f24c8d-cb0b-4982-b120-e8f8ff422638,1376906686148
3,Bug-795c68fd-5009-4aca-aab3-6e25cda61465,1365060551801
1,Bug-a616badb-238a-463f-99ef-660f3d6b3b76,1372238090982
2,Bug-bc250fdf-b48d-4083-b301-b1c22174f0d1,1408006877342
1,Bug-f44db749-29f2-4587-b130-d438288c275b,1382620096346
5,Bug-36894a54-6c2c-4d4f-ab72-b2147042466b,1343741276048
5,Bug-3ecebfaf-20b9-4e21-b197-4c8a14331aaa,1404900100989
1,Bug-6c04beae-c617-4b47-b7f4-4e44a426c033,1402901537747
4,Bug-9b26e9cc-c663-47f5-b6a2-58081f720916,1375186925968
5,Bug-194cdd72-1f62-4918-906c-ee8087ef8c48,1394632389109
1,Bug-765a1d77-0bbd-427e-bfb8-b3c32cec814b,1381749030852
1,Bug-7fae2fd9-4e4a-4c00-b00a-39c325e028a5,1404907848810
2,Bug-c4da7aa4-ca00-4b45-b62a-20fd31c290eb,1380805102246
1,Bug-9cb13776-7aef-4a3f-bc02-fcd97dbc2dd8,1401733699229
4,Bug-049380f5-8930-42f9-9a98-d31afb5d25f6,1396872210000
1,Bug-f28703b7-bb79-48fc-a326-31052d05e85a,1364992619139
5,Bug-0aa859fe-c0f9-4f15-a031-cad1274c32f4,1396787223488
1,Bug-9dc39f6d-d6ae-4452-b112-31ce77054294,1395653646708
2,Bug-8faf5053-48a0-4760-859d-f5e92b421b35,1387188678273
1,Bug-de3d3874-c081-4951-86df-fae1e7ab348b,1343922403654
2,Bug-29c2d09f-4096-4b9d-9dbe-ea5b3677701f,1375692204850
2,Bug-1909333c-84d8-402c-9d4a-db231925a0b6,1397644883626
1,Bug-b8137d98-c443-48ff-8fff-38ae075428b9,1391508401643
1,Bug-ef7fe10d-f668-45ec-a624-93d65d74076a,1386862420378
1,Bug-519fe882-9ab5-4f67-84a2-a7ef405f910e,1393347928657
1,Bug-2ed4c5ad-6769-4fe1-a7d3-85d5eeb4c940,1355837136755
1,Bug-3c545a4e-c258-4783-ba15-e520f549abb1,1402581587778
4,Bug-5170370c-4d93-4963-abb3-dec23405275f,1385029571230
2,Bug-a15739c1-6b05-419c-9b4c-78fef759bbdc,1400767193625
1,Bug-d67fd48b-b938-440e-8b98-b05d74fe181e,1396254920035
5,Bug-41008f73-1526-4085-a375-d850c3b1bfdc,1398256372211
1,Bug-73f60f37-343d-419c-85b3-38ac69072185,1384855301304
1,Bug-d6379a1c-29ed-4075-8c50-257ec19bc83a,1397850105768
1,Bug-ac67bc29-2651-4f3a-8f74-595483c925f7,1395732521215
1,Bug-baa9fcab-821e-4a5d-9127-ea02a1119abd,1404140324385
1,Bug-bb7e19f6-7727-475b-af74-d4b4352dd76d,1405365652471
1,Bug-97df6d34-8ced-4b66-b516-9a662ad081ce,1384326507323
1,Bug-5222b083-d243-4402-9eb9-0132a8da238e,1391073173687
4,Bug-7d665b40-4d96-4d41-b7ca-402d58c1245b,1395049009461
1,Bug-42b9f88e-64ad-4d06-908f-fea7e54bc8fd,1403071192646
1,Bug-5f974069-0a6a-4305-82db-caa4f6c0c053,1395184888388
1,Bug-66621f3d-b84e-4800-8d56-b50d730ec3e0,1387491982334
1,Bug-1dc8722c-2413-47b2-a5e7-bf0ee0a0ce8a,1392135878752
1,Bug-fd902737-ee0c-40d8-bac4-b01f116b2c74,1381755636335
4,Bug-3bbc66ea-1a1a-420f-b942-4bd39d01ee04,1376480219107
1,Bug-8bc276b0-58d0-47b1-afd6-5362de5e1e99,1404398420440
1,Bug-6d846e77-15cc-4142-a1c1-c69e7e792d6c,1337003167393
1,Bug-cee443be-5325-435a-b0f6-06ade48e31e8,1384421101388
1,Bug-db6fe17a-aa7f-4561-9909-1777286a383a,1391442194830
1,Bug-53abc83e-7244-4c30-b075-da037c2e47d1,1376297346693
1,Bug-0bc69666-697d-4760-9f17-d036966c4575,1378209427224
1,Bug-698b5315-9f18-496c-8de6-54ab22c7d166,1398781416772
1,Bug-78247bd0-277b-4abf-a5c7-6342b45144c3,1382524209609
1,Bug-109f9229-527e-4964-90de-d4292da12e0f,1392731435291
1,Bug-4b3568bd-c75f-40f2-b0f6-c22c6234de05,1343059517974
1,Bug-6be5aa35-a371-43a1-8f6f-d664cfbc6eb0,1395146515795
1,Bug-332278b2-ed0b-42ac-b1ed-0038fcbe2625,1390409736560
2,Bug-144c451b-6e7b-414a-a581-acda2e8a07db,1378739773704
5,Bug-247a9e45-f140-44d3-b5af-20cbc34065cf,1369313191495
1,Bug-849cc1b3-1bf8-4736-94fd-3f3b47fc6cf0,1404158446345
1,Bug-196ad5c8-8a06-41f9-92ef-23cbb4cd5d15,1384180303148
1,Bug-7db90cad-1609-4559-863f-921e93435d93,1393445054703
5,Bug-0fb226b2-8b64-4e50-9d51-b610301286d8,1355910245068
1,Bug-4c7a7983-e234-486a-b5ba-f84d27a6e3a6,1380799547268
0,Bug-c14b1de3-50e6-4f0d-b1a4-cf6099fad4bb,1374585133649
1,Bug-05b73c8f-5ce3-4a69-9e6d-419ffa6ac2a3,1396939992278
2,Bug-a5063eba-985e-47b0-8876-a2d8d26abeb0,1379607197091
1,Bug-1af4f3cd-3a13-441d-9612-e8df46647237,1393436604536
1,Bug-2c2f7467-6e3a-4921-b0f9-ee0602744abb,1375956070232
1,Bug-262a24dd-5cd4-4e40-9c53-a31276b2d20f,1394723619152
1,Bug-45e09a94-2ac8-43f1-bfb8-91e2f2207726,1403674042914
1,Bug-a88624cd-8da9-4348-bfd0-1374dc9a4ab0,1366199300535
1,Bug-66381c1f-431f-4a5c-8768-4bcf4d8bd4d1,1403124494710
1,Bug-b9a8fd81-ab85-4acd-84f0-171cae44d4c6,1400706583615
2,Bug-2bedb166-58fa-4a55-8a83-413131254bf4,1378390619943
4,Bug-22404caa-b028-45a4-9fde-92f1a22abaeb,1410774076127
1,Bug-4db539f2-987d-47e5-95e7-c78d13e94410,1398330695232
2,Bug-09cbf534-e81c-4c3d-afea-7d4bf85580a4,1410446996511
5,Bug-c52b3d78-e00b-4d8c-9174-43c0a6e0aaf7,1383147161502
1,Bug-6941adb3-ab95-4ee3-955a-441c2bcf5baa,1383899677675
1,Bug-32ff344e-a6f6-4813-b45e-c25e235e5f7b,1398888087303
1,Bug-671a40cc-c957-4d9c-bcb5-a7976cf0bbce,1389983695899
1,Bug-54fbd23c-f7c0-415a-b73f-d6c67f8c28d3,1374236266574
1,Bug-6fbe3cfa-974f-43c7-ae11-09800849ad96,1392640401063
4,Bug-3a8ae6f3-7a03-4621-a7f7-68246d8f0102,1403273097682
1,Bug-a1cb6952-93e6-4d9a-bb23-3ce678c31f75,1389865121057
4,Bug-c47a563a-76f7-4121-bff0-9975380925ae,1385996243309
1,Bug-af941da9-93ea-4a21-95ce-a7fbf43f13b1,1353496947977
4,Bug-d75746c8-5a6d-4075-875c-95a3abc36bd9,1345817822577
1,Bug-e7537ad0-1cfc-4d73-b6d6-ea9bae828936,1395848670688
5,Bug-eeb0b7a2-0ea4-473a-a890-560871d40d39,1370250316657
1,Bug-f91a2a2d-1350-4446-8a8c-45f31c63c870,1391754330296
2,Bug-5c112c74-4812-4d8a-aa46-fb0326d700dd,1372173019678
1,Bug-ae95351f-cb33-45fe-a48c-2cf19c0c4db0,1381237035855
1,Bug-3329f5ea-c47e-41e4-a937-7b162349ffda,1380545532792
5,Bug-133f6897-8c1b-49cd-9a96-bd1b8259e902,1397140801460
1,Bug-ec103db6-0fa4-4cd3-adc2-699d8c015394,1407854506276
5,Bug-cde45285-4490-46df-a270-3d2d8cf1fcda,1409055369744
4,Bug-49840692-b306-4308-ad74-53a4e09a0241,1372948012831
1,Bug-b5da9d29-d9c3-465d-99e1-64b38786f43c,1389279189567
1,Bug-070dad29-88e6-40a5-b631-03ad9b493c77,1375707129672
1,Bug-d11fe482-2f73-4ef8-847c-67a4ac5acca1,1382433541859
5,Bug-1296f6df-322c-4848-bb93-64ee370cb706,1384552084963
4,Bug-cca9292e-f8b4-428f-a765-55bbf65ac0b9,1353058362477
5,Bug-47e210a3-94f7-4f1c-8195-e1c05009f4e6,1384541875377
2,Bug-22674e49-cde0-4473-a48c-99875a48315f,1386075895475
0,Bug-96d6eabc-1ed7-4620-9995-2c73b51f2a27,1408624347952
1,Bug-8feaead8-dd08-49a2-be24-14e03ff480c5,1402489533386
4,Bug-c1f9fb1c-6063-48ae-b23e-ac643414a7c1,1384952499779
1,Bug-d1597c95-0834-4685-96ee-5005563c1281,1406647358417
5,Bug-1467c7e6-7622-4fb2-993d-2693d6b83fd0,1397542729778
1,Bug-70f0b592-ea91-4907-9a48-80516f306700,1393419622939
5,Bug-28b44c08-ce2d-4fe8-a66e-f7fc1619fd63,1396602890169
0,Bug-535038b3-9349-40df-b555-aff3e64a3c04,1386688287212
1,Bug-71fb89ce-281f-4fe3-b3a6-1c67584c2c20,1374675856270
1,Bug-e01eb643-2a79-4506-b6c5-69a9ce19aec4,1396602484136
4,Bug-0687ce87-c000-496c-b714-f0df8a93d464,1395827121819
1,Bug-690a6100-deed-47f7-b162-24b361960716,1381407418440
1,Bug-815c50d7-99cc-4ee8-a58e-6f0fe74c638c,1371023681270
5,Bug-9ef00488-edca-47d6-b3aa-333331be066e,1395776428364
1,Bug-2a619153-d77d-434e-bd1c-c86f3bf4891f,1395650515205
1,Bug-89fe6347-1506-4387-8594-fb2f0363e17a,1349906435099
1,Bug-df24a39a-c7bf-4f83-885c-57d514709320,1381766900173
5,Bug-0053cc22-eacc-4dc5-a985-5ea23c723799,1380205534029
4,Bug-23bcaf32-c068-4237-bd20-38f9bcfa822f,1389314081729
1,Bug-5538fc04-72b7-42f7-9d05-812139fcb66e,1385376127108
1,Bug-fe722cb7-1c88-44a4-9c31-f5b999ec5e2b,1409145490714
5,Bug-29cb9106-31af-4a22-914d-254826023c7b,1402930401869
1,Bug-c869a696-ae65-4ed2-9abc-c366766f435d,1381397248911
2,Bug-5bd0e9cc-476f-4966-8e44-9d1b6002af6f,1389022326479
1,Bug-92aca08f-e9de-4a92-9d94-d9960da7a984,1391087497422
1,Bug-9f9fe5d8-8882-4ebe-b6c3-ccaf5c76192b,1404466776585
1,Bug-1ca63f97-0b8c-451a-9f5b-3c3b0e82b3cb,1375937681343
1,Bug-fac1bd3b-00db-49ec-abca-66ffb1a50131,1391120897143
1,Bug-c8774577-cbd6-4f60-827f-898c3a828532,1397475808090
1,Bug-71462639-8636-4106-be63-575b1eefc215,1395840685412
4,Bug-d66d66a7-bb66-4183-8a13-4c783fb6fac6,1398172090889
4,Bug-b31e2e44-8a6b-4944-82ab-416f2a1fb4b8,1352888706685
4,Bug-ca73e0db-6be7-4568-8e22-aa939519a636,1384496119578
4,Bug-710a4859-0d71-4383-83c4-714db22909f8,1353336097818
1,Bug-f8af334a-3a2f-461c-bb26-714200be85ef,1406747089461
1,Bug-a20c0442-2c34-4966-a0f7-5177ab202a12,1396945634440
5,Bug-445d589b-2adc-4dec-b718-7a5894d65d39,1410337951317
4,Bug-ef1095f9-7599-4567-bb87-f5742d085344,1368630808798
5,Bug-38a5ed40-b4c3-47e4-b058-d908b36bd4d8,1392040435210
1,Bug-a9e5e25a-08b4-4ece-aa60-d4af4b7f8a27,1381149482543
1,Bug-e5829a78-86ba-451e-844c-959b6f9c06df,1410244082029
4,Bug-4baf898c-3493-4d95-b232-95d4be0e30ac,1403009412349
4,Bug-1ea0181c-d215-43af-a23c-6c8a32dde256,1396444567968
1,Bug-972be2cb-249d-46e6-8310-7719455a38a3,1395951606632
1,Bug-d959ba5a-e2f3-4d38-8f99-b3e3a24212d1,1392721312176
4,Bug-a1cc4577-2651-4fa0-b7fb-af545ec9d5fd,1403760118501
1,Bug-8bbd0918-bf0e-42a8-ac59-182ac28d6d3a,1391525977643
1,Bug-330970bd-bcb2-4506-b269-7aa9a341c6f9,1358431559833
1,Bug-458ec8da-fe8a-49aa-80e8-d83424646a1d,1384531963787
1,Bug-838b07b5-f5b7-4fb1-9456-5a9020a5c41d,1409819918979
1,Bug-c6a4c465-954e-4fe2-b2a6-0286e75a7169,1385974861272
1,Bug-ed885711-d44e-4412-a297-58157d13e3f1,1386765454914
1,Bug-bcdf7102-5cf8-4871-bf27-790863594b9c,1397137917228
1,Bug-db04992b-3b23-4955-8347-a867fc9eaf3c,1394522336581
1,Bug-e51befd4-9f82-49da-8520-193de7842cf5,1399454424797
1,Bug-36d90fa7-eef1-4d9b-93d2-e8cdab13a0be,1373987042632
1,Bug-8d423fdb-31b3-4ae2-85c7-824f83d3413b,1410270522136
1,Bug-8e197483-6ed2-480a-88d5-32881957adfa,1384415124113
1,Bug-e92cada5-774f-4983-954c-ca922efeb330,1378309164529
4,Bug-1c1c5f37-0996-4091-8509-b5aabc897e3a,1393921410658
4,Bug-54428262-82cb-4be5-8864-27d82e53bed9,1359034584079
4,Bug-6c85546f-e478-453b-b525-29311efe9beb,1393494883969
1,Bug-9833f541-cc3f-43da-8591-24c53e808170,1381411672120
1,Bug-af7b1c37-4467-4fd9-958c-0b13dee53b7b,1398331271915
1,Bug-98df790d-4124-4528-ae6d-b863f2088f36,1401336518849
1,Bug-b517ce84-7666-4d90-bf8a-1baef6c078d6,1404229806785
1,Bug-04a56ce6-69e3-4d7b-a2d4-6c5670950cd1,1395307575406
1,Bug-60a08f9c-3273-4c5e-9d45-015ad60c50bc,1409241413984
1,Bug-6fb92528-3214-4ec9-916f-e95361ab7da5,1396433240268
4,Bug-6b7f3e9d-0619-4350-9226-e84afeae1afb,1367395354078
1,Bug-4f0f657f-69dd-4e26-8bf9-88c08752fc6d,1385373171073
1,Bug-c074a167-d9c2-4f00-a41d-2b8df70129af,1389107783498
2,Bug-ccf430e3-3a3f-4291-9060-74a9e365b807,1396941534966
1,Bug-a8260189-d5de-4e69-baf4-3a61207970f8,1384551667938
1,Bug-99c27994-7028-4280-848f-0fa938f18467,1390937017662
1,Bug-6b52d4da-ed9a-41f4-bcb8-cd892ec10cd2,1389965272501
1,Bug-5dbabb82-4ae1-4ba1-990a-30c91cc81f35,1389280773172
0,Bug-ce951739-3587-4a7a-a150-077278a51d70,1395324497390
2,Bug-eacb0acf-78c7-4d6a-8b8b-dbd5d11c38db,1397463474950
1,Bug-3137db70-c2b2-41cb-a5c9-9c4e1917a2b4,1409130914144
1,Bug-0e3c3655-d4df-480b-85c7-faada8c72386,1395736151052
4,Bug-30b1017d-dd19-4511-a61b-05446fde1ae8,1398761386292
1,Bug-279cf326-8082-4131-a64a-c22db6651865,1398958376798
4,Bug-9e98cdc2-9717-4ec7-8b98-fb5a6ed8aa43,1377679472946
1,Bug-089c44d3-0490-4abb-9934-174000adce03,1392892503159
1,Bug-2d19394b-7002-45a7-9ad8-1ed2ace12fcd,1393853576148
1,Bug-5e04b344-6046-435c-b356-5d8443f26d3e,1385468801597
1,Bug-6fe12cd6-f8ad-4285-92ff-83d921e86a0d,1374135814479
1,Bug-d20add12-618a-4df1-82cb-5ae5d1e03d1b,1361265419175
2,Bug-d926cff6-7f08-42c8-b897-e0c53527150f,1398776305242
5,Bug-e37609c1-60f6-4ec5-811d-0feefd4364c0,1381844975514
4,Bug-e31685eb-5b28-4196-9279-eb00b8681f25,1384314258565
1,Bug-640f9cc0-a3ca-4ac5-b656-f1cba0513e6e,1392283256813
1,Bug-06a740f0-f240-4703-b0cc-4a970d1e8073,1398268082279
2,Bug-34abb28a-0c7d-4544-b22a-b3bdff867391,1406204343082
4,Bug-f455ac2b-7fef-48b8-bd74-aa8caad33302,1381847595174
4,Bug-5c476607-2abe-4e5c-a488-acb6a194752f,1400243206483
1,Bug-8b9cfd8d-be55-45c4-a3d3-53f1c2cc44a9,1396153332904
1,Bug-8bfd8015-70c5-4d8d-9e5a-317212431f86,1406619232372
1,Bug-11b2b307-90a5-4c21-ac0d-23a35c7fca7a,1385598799977
1,Bug-fc9bd68c-aa1c-4cff-9fd2-3223ac96675e,1409032497028
1,Bug-982ba603-2ee9-4c97-85df-2929d8de2e74,1409724338258
1,Bug-02b5a40c-cfe9-479e-a50a-aa6d85b8c51f,1372342559336
1,Bug-6035daf8-f1bb-4691-bfb3-5bfa7b082fc8,1386693166025
1,Bug-6de68d7c-534f-4944-b6ff-0d22d4f53c58,1385771860832
1,Bug-f93f19c6-5406-4bbf-bb16-04330fb16963,1369907424969
2,Bug-d071a6d5-0820-4c7c-872e-175d0b334ef8,1396017538558
4,Bug-365a6f8c-2003-4c79-9e87-9562e76d7a37,1399985514713
4,Bug-927cc89c-df06-4952-9b77-164aa39e182d,1368617237007
4,Bug-eb16f69b-d751-423e-9c9e-c12a02122a09,1350463946993
1,Bug-e08fc333-ba53-45bd-a7bc-2f9643f94bfb,1383046135674
1,Bug-9ccde553-d434-4212-b73f-12c410c7313a,1393253710916
1,Bug-2e5cfe97-ecd2-4a83-9b08-643333a45c5f,1398695869817
4,Bug-9760a494-56b8-44f8-83c2-280703035e2c,1383133412108
2,Bug-bebc9fc4-6ff2-4ae6-a16e-89258b01e29b,1397122397318
1,Bug-90509df5-22e7-41ed-87ff-e880d8289bea,1404230699082
5,Bug-5a5ef3c6-fe44-4905-9610-48b1743b055e,1394439330228
2,Bug-abf78057-4a2d-4e30-8270-709ea557811a,1390895931825
1,Bug-ec1c9ae2-2441-4cc2-a661-158523aac9cb,1407246593168
4,Bug-eed7f718-8f70-4c67-897d-6d07c905e87d,1386264546301
4,Bug-da45d594-134d-4ee1-a7d7-490e81f3b5c9,1395133874112
1,Bug-2130d2e1-b7f4-4ccd-8f46-7349c95b92b0,1390989410262
1,Bug-e63427c4-519c-4dc9-9fbe-4067dc2f329c,1390319848769
2,Bug-0b2bd6f1-7a70-4ec1-8820-831eb43f3461,1355335337034
1,Bug-b11d5c30-7cf2-4ad5-ba33-b117ade4211a,1374568919732
1,Bug-43950f49-f5b6-451f-b9fc-68f4288ab55c,1408654334823
1,Bug-a6bbf1de-0f99-4e82-bb0e-e51ab607821d,1393233525588
4,Bug-5841e400-7f13-4d08-9c7e-b32e68f83ef0,1379413196853
5,Bug-67557d67-5525-476b-8898-fc41749eb199,1395046903477
2,Bug-81213509-1a5e-4499-9ef7-e2d47c4129ae,1395318878842
1,Bug-a8199cfd-507a-4aac-b54f-1c3865a4ec4b,1393598645265
1,Bug-64f2d2dd-aa7a-407c-9bca-db54a8fbaa30,1391097687571
1,Bug-fa8e5d9a-abbd-43c9-97d2-9e9467c37ab1,1407214378642
1,Bug-fa6618f8-7ab9-4f01-8e96-e505569fc8dd,1396085749624
4,Bug-8ed636ec-8559-40d3-bfaf-652db226639c,1407789569308
1,Bug-fc461e59-e753-4942-b092-2cd875b5f810,1384332554303
1,Bug-43e37bc0-8c10-4535-a069-0060fb042598,1384970184350
1,Bug-67b3d591-8d5d-49fe-8271-706a07b35e08,1384029773213
5,Bug-bdb35523-79cb-4593-94fe-c7725811d587,1369316064961
4,Bug-c8e74386-6d29-488b-bc6e-34f3bd83c2cc,1384342078561
5,Bug-8dc420f8-b1b3-4fdd-9bbc-a2993eb5f760,1405499092762
1,Bug-b283b714-48e2-46ad-b108-9134f19977c6,1378194108251
4,Bug-591b8e81-bf98-4bc3-908f-3cc5be1f1882,1398183805542
2,Bug-aa0636f5-6c0f-4485-abd9-08693875a6f3,1391675078908
1,Bug-d02c76b9-d2e5-4327-9759-e68f4a32087c,1373372123310
4,Bug-edbf798a-396c-4ea8-8ad3-5f71c671b045,1382511276229
2,Bug-c59d1a15-7267-47a6-b3b1-bf5a4d2942db,1377079517520
1,Bug-4b0305bb-b830-46a9-8806-4643291ae1d4,1396428233365
2,Bug-6241c25d-a2f4-48fa-81ab-32e82c5ed6ee,1380788892977
1,Bug-86a4ae76-2877-43ec-98ee-ce4cf1742338,1384869039170
1,Bug-999d5633-9409-4183-baa9-902770d41c66,1373554662641
0,Bug-7e6ae332-d41c-4f92-a4d3-fe6d9ee148d2,1390551981732
4,Bug-8531568b-3784-4ee1-b351-248105f7636b,1395154268400
1,Bug-1a8ff005-66b1-4f86-be09-8f6d758ffa6b,1403791264879
4,Bug-c653e64a-c5fb-4d25-9c1a-9da25a47ac08,1354532345779
1,Bug-f7a9fa9f-2fe9-4b69-a1c2-c8929482e625,1392027909398
1,Bug-20ed06d6-5ab9-4c99-ba4e-734f549e78cf,1376580604774
2,Bug-01981465-f845-45c5-a08e-754323533099,1385470659341
4,Bug-4bba9da1-d8b8-4c2c-90f5-4342fdb54e51,1399973768459
1,Bug-1106b98b-eec7-4056-958c-44c257dca7af,1378139618546
1,Bug-7bf05d0b-06b2-4ac5-b4df-35412e22169e,1398851582916
1,Bug-76cc649a-252d-4b00-a96a-5f5cd829cc58,1343062268271
4,Bug-9323c2fe-952f-45ff-9f00-fe7949cefb66,1382520643706
5,Bug-24675606-14e0-4ba2-917a-4908bb501828,1395408547069
1,Bug-2763c065-e569-481d-869c-cd043e6b36eb,1402956974249
1,Bug-94befe55-9d82-428f-8395-683b58158771,1393013182310
1,Bug-348c5f98-ecbb-4753-8516-ccee3ae00467,1378201512572
1,Bug-92e24352-a08b-49df-8e12-69eb7204eaac,1398151813293
2,Bug-464f2a44-2e64-4641-ad4e-80ef9c526285,1406643070572
1,Bug-1388f9a3-9a42-45d7-90a0-bfb0b8ecffc5,1343900536260
1,Bug-5fbb89be-2c51-41ae-a499-51727aa6bce6,1355739809682
5,Bug-2f4bac36-089c-4dfa-83df-f951cfd204d5,1387204235587
0,Bug-a4965b27-f1cd-4d29-8c2c-efd6c1e572e7,1410242067286
1,Bug-b332deaf-db6a-4ddb-9b49-23d672f04637,1396951696839
4,Bug-de41a0ec-8e86-4926-a798-a771d101da3f,1377273857031
1,Bug-2eeb7e5e-b44f-4b1e-a12d-42b66c1a1437,1384340412135
1,Bug-f4d499e6-a287-4a05-98b4-96a4bf180d34,1395907736325
2,Bug-7f50c7d0-1022-4271-8302-b9680d63f015,1377517974016
1,Bug-68860566-b9cd-431b-9dbd-b22bd33ae9c0,1384326229519
1,Bug-8e145db0-3f1a-4e42-a3cb-ebbc4643ea6a,1373976626971
2,Bug-142377ee-f502-4cae-ab1e-7032d24fde9e,1379402902108
1,Bug-841f5997-eae2-4fd3-a15d-1d494fcfdca5,1380789655940
2,Bug-b2302a86-c541-473c-afdc-fce2c9a15262,1393325920014
1,Bug-ac28d336-6a8a-4dad-b9d8-e707a410f474,1355300139574
1,Bug-0a749a8b-5e7e-483f-9240-e917dc9d445a,1372152573483
4,Bug-e120c2df-2724-4a35-9421-51005523f2ae,1386835136648
4,Bug-e448e18d-68c2-4c31-a6ee-0c9b26dc1e99,1395998785435
2,Bug-e52f3dd7-be26-4ddd-b143-e42e7231b97e,1406191757076
1,Bug-bdfff201-da86-492d-84d5-3877a41028d1,1394713973343
4,Bug-b329150b-fcbc-466b-bd11-e845bd40f197,1409737461706
1,Bug-b335a76f-123d-400a-b483-810a29247d8d,1367506635349
1,Bug-de73e5e4-e3cf-4a0c-ba97-1652ba105d70,1379581778820
1,Bug-6d5d7d4f-c9d7-4902-8c1c-959291418a79,1383332322055
4,Bug-7d84f52d-99f8-41a8-b97f-83d8fa3a963f,1383143479206
1,Bug-f78068cb-36bc-42c0-9108-98e227765c71,1385593168869
5,Bug-fdc13d1b-32b1-41c8-93f4-22ee05c1d630,1394618477150
1,Bug-f84ebc62-d895-47d0-a9ff-f3b04d7988a6,1390358534470
1,Bug-d96de18f-2849-42ad-befc-9abdcdce7c49,1389020770293
2,Bug-08d9fce7-62bb-4e54-91f8-d481d94f3ae8,1366295474413
1,Bug-161b21d7-9245-46b4-a5f0-e5da9fdc2caf,1380093571118
1,Bug-6cb7059b-e53a-4697-a699-59d88917d307,1400153405329
1,Bug-5a4f6aa1-909c-4285-9e58-12e6deba3fa2,1398929330537
4,Bug-35520cce-934b-47af-8ab2-8ee6bee906b4,1395328942753
1,Bug-6a4901f9-bd6a-45a7-9c19-95b967c1a554,1410066968344
1,Bug-23f7a6b5-0db9-42ea-948c-489dfa3dd242,1348241701642
1,Bug-2ddd5334-a6ba-4933-a046-8f25e1b89a26,1375891779402
1,Bug-fb5826a8-e556-4b30-a34a-113815a5321e,1394461374698
1,Bug-0ffd0c96-8a00-4223-a98e-a34617ba40c4,1387576318499
1,Bug-22def767-afa9-4f56-ada7-329d3a79606a,1403139338035
5,Bug-6ab539ec-6c60-4af5-afab-cc80bf502039,1408566953280
1,Bug-ddd6fc19-2358-40c5-8b56-5df366fc1885,1393514745347
0,Bug-f3130c31-806c-4d44-9dbb-139d6f69215d,1380716332933
1,Bug-32566517-3dcc-4813-be42-06167968198f,1404996398461
1,Bug-b15456d9-536b-4b4d-92d2-676c2dc3fcfd,1385982987839
1,Bug-70b2b83b-5835-4ad8-9a39-952fa3f11238,1364399838344
4,Bug-2eedb15c-b40f-418a-b103-d4d99f0a6bae,1368730360220
1,Bug-fe7f1fb5-1285-4469-b650-d2e2e9992b71,1393882434237
1,Bug-179238cf-c7d4-45af-89a9-8e1608af34c3,1384428078499
1,Bug-aac47f66-5f42-4319-8ffd-9c67446344d3,1400732074084
0,Bug-550afe5c-bc24-4402-90bf-00e1a7aa349e,1380119724846
1,Bug-27c7ddf2-8078-48c7-a01a-d368234d5bfd,1390839444792
1,Bug-2df6b1b1-3f51-4468-b52a-a3a26002e5a6,1396864820245
4,Bug-2c0eed12-1dfc-48f3-8af7-da171a96e0a4,1396876911271
1,Bug-dc697e4f-4e16-43cb-a1c9-f4e58892a3cc,1374138595991
1,Bug-9efaa0f1-0728-4be1-80fb-a7b037a8a612,1409835833047
5,Bug-a44dd93e-77e5-404b-86e3-65bd56450226,1384264280621
2,Bug-fcfd4ff7-8cb9-4c73-98fc-0448faffc1fd,1353936253438
4,Bug-8047445f-8b5b-4d74-9d16-c4e1299acaab,1382702640797
1,Bug-1f2bd9b4-f49c-4b5b-bf6b-e4e72eda5872,1404728483479
4,Bug-d9bb81db-5359-47e3-9cc3-aa4380d1c08f,1374158890002
2,Bug-1caad098-4b07-412a-91a3-2b617d21dcbb,1383818384392
4,Bug-b5ee6140-5bf2-49c6-ae2f-cc627faf471c,1374672364118
1,Bug-fad60651-9fc1-49ff-8521-16e56269bd34,1385469892761
5,Bug-ff7100cd-3ebd-44d3-a5dc-74c1a729c011,1408009824929
1,Bug-0058869c-f98f-4ff5-b295-821355d3386d,1394566738464
1,Bug-01c9850f-fa20-4b21-bf2b-c50ad172a5dd,1398768790286
1,Bug-6b10154a-d6f0-442c-a928-779b55dff6f9,1393314612680
1,Bug-0a87210e-62e8-44fc-a8be-9e13ac6afaaf,1398779733180
4,Bug-069c3771-347e-4b3f-bb56-5703ae3958b8,1395337896250
2,Bug-d2469aa9-ff98-4cb9-97c0-79536d7622ea,1395325871609
1,Bug-e97352e5-27c2-4871-ab04-424d9c11f78f,1397028404506
1,Bug-14a424f7-be12-4259-bfe9-43b3b0056a64,1379688575526
1,Bug-0b8be174-7aa5-49b4-a51f-5b55fd1d9633,1402673704672
1,Bug-ce0b4680-9afb-4e04-a009-2ab10e1d51ec,1383195986937
1,Bug-6c722187-bd5a-4516-8be8-9429571afdb6,1396339183421
1,Bug-bf14cd83-91c5-4026-b594-00b3b8060de7,1403605661016
4,Bug-09ca3e24-26a9-4163-a3fc-0733d5c9eac5,1378296776364
2,Bug-33778a65-75ff-49a5-8a28-88e646254f77,1387290073175
1,Bug-ea5c4168-4d27-4b93-9f79-72a57401af62,1378892883466
1,Bug-c7fb5649-bc75-42c5-ad93-e9f4e6aa2b46,1357899533014
1,Bug-f69efcaa-36dd-4681-bfb1-730c5995bd01,1409745164024
1,Bug-f3ca3d1e-4194-4b27-baca-70f303a157df,1392032501398
2,Bug-fc25edd9-24ab-415a-bd77-cd8454e351b5,1407759763113
1,Bug-684100f1-0e5a-4da3-920c-1b279124117d,1380552551965
1,Bug-81fa9b53-71c5-4fa0-b0e7-a9fda9275a73,1384364843634
1,Bug-ba69174a-eca7-4d88-b744-600ebc2d0690,1399532874395
4,Bug-70ce78ed-9f59-4171-8153-f9b1080f425a,1403708248971
1,Bug-f56473b2-248a-472e-9af7-9036e81218f8,1402460947963
1,Bug-4c5473ca-05e2-44ec-9451-2a8b803323a8,1396519522455
1,Bug-6463d2a3-a0b7-491a-82a0-2aa148cf16dd,1371122169863
1,Bug-f1c63fee-62b7-462d-8e8a-1242c01582dd,1393526660334
1,Bug-1215f973-0040-4ac1-b8ac-935e59eb9fa6,1366805587632
0,Bug-f60f3991-4afe-4c9b-9f6c-8dc017a92df6,1405841640486
1,Bug-1ce5092d-fb09-487f-a0eb-5623c7ea4dc2,1396945459056
1,Bug-b2eff516-4954-4c70-92bc-dca6e2e78139,1406109082955
1,Bug-d351fddb-7c2c-4c8a-b8ce-c89fa1af7df2,1396431853424
4,Bug-645717eb-1c09-4abb-aad1-77f31c4c18d0,1389372304075
5,Bug-5316d7ba-aab8-4988-acb5-7334004347c3,1384977407030
1,Bug-399d626f-2cb3-4a82-baf8-7259d0585d87,1384250632496
4,Bug-5b11c767-2703-4de0-8375-f9ba07028d72,1387446955910
5,Bug-f5e40daa-047b-4618-a946-c5dfe89cb8ee,1394620067408
1,Bug-4d5a20a5-a9b6-4af3-bbfb-5a64774f71cf,1361874621904
1,Bug-503629af-373b-44fe-87a1-0c618c3f4fa0,1390991293978
2,Bug-1f541a09-7658-4180-b1d0-29f8cab338ef,1400161230958
1,Bug-0945e633-5549-4fcc-8949-f67b28775a95,1396345791808
1,Bug-b21b6a5d-0cfd-4db2-8ade-211d58b71ae6,1395134325468
0,Bug-4f124ebf-61ad-4529-aa1b-32879bef6e09,1401957643052
0,Bug-55907665-04a7-4a54-862a-86029e239335,1383034433036
1,Bug-6f95a000-93d6-48ac-8f16-178e56605a1c,1390321396382
1,Bug-6c43c27a-8dc6-4746-87d9-d1333734eab9,1390949932221
4,Bug-dc8ac521-52d2-4f99-929c-088b3e9a7ddf,1407490393981
5,Bug-11f4b0ed-03c2-498b-9e21-0a3eaa4ceab3,1398163548043
1,Bug-44118709-1310-458d-ad11-3ba386e90328,1400094946070
1,Bug-cea963a4-716f-4a4c-8997-473bd5d50124,1371125435678
1,Bug-ee62557e-8fa4-4ec6-9f7a-a12c98914629,1389797879663
2,Bug-9d35fefa-8ce0-4226-a9bf-132fe50f1b25,1384169032703
1,Bug-42e42d10-5421-428b-9976-fa737dc1dbb6,1337673944472
5,Bug-f0d65c5d-1a9a-41eb-a6de-29173da984b1,1402665310319
4,Bug-0e9e2bee-f557-4dc5-859d-f02921f42a2e,1384411982347
5,Bug-b2c56b20-2f1c-4ad3-a7b3-1e4afe814ef3,1395783280398
4,Bug-f52f21f0-4bba-4754-bbb9-7768b184dda2,1399285148156
1,Bug-668472df-2cfe-4bd3-b8f1-e5901dd688a9,1384788002242
4,Bug-6797188c-2269-48f5-b63d-76558ed86d62,1399966213360
1,Bug-dcd142e0-97c1-4862-99cb-db61e9b05439,1338567480586
2,Bug-57cd67b8-cde2-4c0f-94ba-49435d961a9a,1391598411873
4,Bug-c6b1e30c-a469-4c7e-9af5-942b0018e3b1,1368005506516
4,Bug-1a139e17-80ad-4a40-b2e3-e1ab65fb24bf,1385471509363
1,Bug-42de7510-19c9-4cc2-b4e1-0ce3702942d6,1395962978222
1,Bug-d095c8ae-295a-476c-8360-abb2051c90cd,1407841311607
4,Bug-6150bfa0-3794-4a48-a0e2-17644d305272,1386836391696
1,Bug-8b387c1b-942c-47a0-9b25-dc60c650a19c,1408115494611
4,Bug-db35380a-392b-403b-bfed-52ded7ece10b,1396533554875
1,Bug-0c377296-95aa-4db3-980f-0fe23e5e3b1b,1395053603414
2,Bug-6e35e51d-408a-40bf-95c2-7e3420c4fdf3,1398343443283
1,Bug-118bfca0-3c98-4f7e-a3d4-6999bb39177d,1385989821783
1,Bug-11f477ee-5c8c-480d-9009-6d3e647167ed,1373879046650
5,Bug-02238346-b87a-4e9e-9d22-73411a7f88ca,1392901176409
1,Bug-45bde842-ea08-404e-9285-3767c9317d02,1399647018934
1,Bug-54e6db5d-da81-4d50-a9a2-16f3ce54e054,1373975382063
2,Bug-c6d0c075-9faf-4257-beef-7825601ca4a7,1386337577353
1,Bug-eaf574b1-7dd5-4165-a633-8d0db560eed0,1394755778026
0,Bug-fcd2efae-82e0-41da-b64a-c34fe68fd44d,1393356231854
1,Bug-77b56104-3a5c-4139-ad39-4a688599c37a,1400784066215
2,Bug-f5e2dc30-79a1-4f3e-a96c-c9e650e247e1,1369320941393
1,Bug-be462035-3ee5-4f8d-a17b-f13fbb510dd4,1390418868301
1,Bug-e8268b7b-b933-4e84-b078-e74cd47662c1,1378281062980
2,Bug-facda4b8-4bd7-4e54-b5de-36b51c28385f,1392136675769
2,Bug-1b6cc0d5-7845-4cdb-ab56-96c06e8f6bbc,1387493065322
1,Bug-16ff26b0-1079-4835-94e1-9d9c838cd194,1395914617666
4,Bug-646d41a4-4c7f-4a4e-adf4-b6bdf4435e1a,1393929196396
4,Bug-7e60539d-cee9-4c99-8a2b-794990914ec6,1379085398692
1,Bug-d36e6653-d117-4046-827d-4612d3ff6c84,1407157157371
1,Bug-f2e89bd3-aa33-4868-81fe-1fb0a4bfd26a,1400226887988
1,Bug-3d2a6bf8-a873-490f-9f36-d38c3ea8101d,1385981172741
1,Bug-c593a590-4898-4e0d-a756-5ce7b15a5251,1392732260862
5,Bug-e6b9cd4e-1d34-4d76-9262-e1e217cfef03,1381334933727
4,Bug-2a70306b-d10b-4828-abee-6b85e60f0038,1386951059717
1,Bug-020f7547-7f01-4fd9-95d2-30ea2bee4b76,1406134731511
1,Bug-7197e66f-8c91-47ae-b7ba-f98221941d5f,1383054739919
5,Bug-ee2ade4a-cac9-4667-be6a-3ce1e6ecdf93,1397807688609
5,Bug-01112faa-f845-47c0-a89d-daf7a71eacad,1368619043268
1,Bug-f2c2da3d-2020-4ead-ae1a-7dcf7cd87a17,1380111781326
4,Bug-aff6b2d4-aabb-42ff-ae8a-2991f5138af2,1400144905460
5,Bug-a1ebf947-987e-4045-83bf-5897c8798ea7,1405423777684
1,Bug-3f72d3d9-b670-495a-9afd-4adaa5eadf84,1379516691555
1,Bug-5a77eadb-6f54-42ba-a998-e7a6c730e0f4,1395935715233
1,Bug-2a1dec0d-332a-4786-a22d-f82944a2dfdf,1404423432123
4,Bug-ae99ff2b-6a98-4ce4-a30e-0b5893a575bf,1386620477752
4,Bug-e74da9dd-db6c-4fb9-a446-64e42626301e,1394029505411
2,Bug-15a3b03e-15dc-4b8c-aecd-e2dbe07c2a18,1397727927320
1,Bug-719c25ce-5267-49ef-bfd0-8e3eb438d1d5,1390313618921
1,Bug-bf6d9a11-84a2-47b4-9c14-479a14d69f29,1340987509008
1,Bug-1c05b397-d7f6-4d17-bdb8-31ef0992204f,1403543476045
3,Bug-0466e421-db71-4577-8b93-7e0a8580e387,1385048199385
1,Bug-44935411-2daa-4024-b21e-d7ad41a382c7,1405516715606
4,Bug-655ad2cd-cf95-4cc7-aa66-cc69843e1c49,1378316374286
1,Bug-7a216c35-661f-4eec-b8fe-130bce32c63a,1369131334735
1,Bug-c70958f8-cd4c-4d03-b799-c6c546dee3b2,1401494641840
4,Bug-2eb69509-5632-4de3-af19-6a3ec4cd21c1,1386083236295
1,Bug-b72d2462-e2f5-4fa2-b10f-215a73a90ee2,1398869282154
1,Bug-6a2d2764-c434-424a-870f-d40daa5f0a7a,1404204385511
4,Bug-4d4124ea-fb9e-42f0-810e-b2cbc6ecb7a5,1399996479917
1,Bug-0fec1a7e-2047-4f0a-ae5d-f2927c4e080f,1385065572784
1,Bug-388b6615-a54b-48df-8742-f379795f29da,1389261607061
5,Bug-3d309828-4933-4235-afaf-887ac58a58a3,1391210419395
1,Bug-257b4ed9-ec14-423a-ae22-4c4eff67d761,1362600637629
1,Bug-bdd5e47b-4618-46d6-b6c7-239e96f7256a,1386087599730
1,Bug-0bbfe01b-7e00-40ed-aced-582cf5a333c5,1389691904566
1,Bug-397a7336-9b1c-45c4-959b-a14f7facd2a4,1410256982257
1,Bug-afa72abc-1b19-4258-bef1-296aef22a500,1401451242534
1,Bug-9e413c26-88b0-4aae-929a-e4961a21905e,1395931192682
1,Bug-5e88cfd8-55ab-4e2a-8972-fca8cd343a97,1394551336695
1,Bug-859bacdf-706e-4287-8260-2b5ea3c04565,1371213182356
1,Bug-70d609a5-5183-4d8a-a7f7-91db10a9bfcb,1409560275375
1,Bug-a10477e4-131c-4260-ad1b-5defa01f1f59,1383558526847
1,Bug-de8defa7-31d7-486c-9390-4a966ab25a4e,1395424256963
5,Bug-23b6089a-3592-4bb9-81e3-d4c87d51e0b8,1399471031899
1,Bug-35851b24-b907-4299-98aa-ee07958a51b1,1404121753677
1,Bug-d3871d20-b94c-4e1f-bf28-5030010e8472,1395322284376
1,Bug-5790d039-768d-4155-9a4b-4b46ff6bf8f4,1407759513638
1,Bug-24ecdce6-7b63-4981-9013-09abe859d9de,1368540196095
2,Bug-83eff987-e843-4097-89b1-63013f7e5877,1387184375449
4,Bug-a7091019-d07f-40b8-9e3a-4baa5d2865c2,1381320533079
1,Bug-f880350e-e968-40f1-9d45-9910c8bbdcd7,1384551788433
