1,0.104478,0.358209,0.238806,0.0597015,0.119403,0.119403
2,0.0909091,0.545455,0.0909091,0.0909091,0.0909091,0.0909091
3,0.0294118,0.235294,0.0294118,0.0588235,0.323529,0.323529
4,0.125,0.295455,0.0454545,0.0113636,0.261364,0.261364
5,0.047619,0.52381,0.047619,0.047619,0.285714,0.047619
6,0.018018,0.216216,0.171171,0.018018,0.279279,0.297297
7,0.0454545,0.454545,0.0454545,0.0454545,0.181818,0.227273
8,0.125,0.25,0.125,0.125,0.1875,0.1875
9,0.102041,0.306122,0.102041,0.0204082,0.0816327,0.387755
10,0.0149254,0.313433,0.149254,0.0149254,0.0447761,0.462687
11,0.0217391,0.413043,0.0869565,0.0434783,0.304348,0.130435
12,0.111111,0.444444,0.111111,0.111111,0.111111,0.111111
13,0.0285714,0.628571,0.0857143,0.0285714,0.2,0.0285714
14,0.00917431,0.357798,0.110092,0.00917431,0.0917431,0.422018
15,0.111111,0.444444,0.111111,0.111111,0.111111,0.111111
16,0.0344828,0.155172,0.5,0.0172414,0.189655,0.103448
17,0.0555556,0.666667,0.0555556,0.0555556,0.0555556,0.111111
18,0.0434783,0.434783,0.304348,0.0434783,0.0869565,0.0869565
19,0.153333,0.18,0.26,0.00666667,0.306667,0.0933333
20,0.111111,0.444444,0.111111,0.111111,0.111111,0.111111
21,0.025,0.25,0.025,0.025,0.15,0.525
22,0.0714286,0.571429,0.0714286,0.0714286,0.142857,0.0714286
23,0.449612,0.112403,0.217054,0.0736434,0.0775194,0.0697674
24,0.289474,0.0526316,0.0263158,0.0263158,0.315789,0.289474
25,0.0714286,0.428571,0.0714286,0.0714286,0.142857,0.214286
26,0.0833333,0.583333,0.0833333,0.0833333,0.0833333,0.0833333
27,0.155556,0.251852,0.251852,0.0518519,0.162963,0.125926
28,0.1,0.5,0.1,0.1,0.1,0.1
29,0.0909091,0.545455,0.0909091,0.0909091,0.0909091,0.0909091
30,0.142857,0.285714,0.142857,0.142857,0.142857,0.142857
31,0.00892857,0.133929,0.1875,0.00892857,0.125,0.535714
32,0.25,0.5,0.0625,0.0625,0.0625,0.0625
33,0.0454545,0.727273,0.0454545,0.0454545,0.0454545,0.0909091
34,0.0833333,0.5,0.0833333,0.0833333,0.0833333,0.166667
35,0.0588235,0.352941,0.235294,0.0588235,0.176471,0.117647
36,0.0833333,0.583333,0.0833333,0.0833333,0.0833333,0.0833333
37,0.0555556,0.611111,0.111111,0.0555556,0.111111,0.0555556
38,0.0666667,0.6,0.0666667,0.0666667,0.133333,0.0666667
39,0.0285714,0.257143,0.285714,0.0285714,0.114286,0.285714
40,0.0411765,0.258824,0.258824,0.247059,0.129412,0.0647059
41,0.030303,0.636364,0.0909091,0.030303,0.121212,0.0909091
42,0.0588235,0.470588,0.0588235,0.0588235,0.176471,0.176471
43,0.1,0.5,0.1,0.1,0.1,0.1
44,0.0416667,0.333333,0.0416667,0.0416667,0.208333,0.333333
45,0.0909091,0.545455,0.0909091,0.0909091,0.0909091,0.0909091
46,0.0204082,0.244898,0.0204082,0.0204082,0.102041,0.591837
47,0.00114811,0.0114811,0.0149254,0.954076,0.0149254,0.00344432
48,0.04,0.56,0.12,0.04,0.12,0.12
49,0.0144928,0.449275,0.057971,0.057971,0.0434783,0.376812
50,0.0227273,0.181818,0.181818,0.113636,0.0909091,0.409091
51,0.0714286,0.571429,0.142857,0.0714286,0.0714286,0.0714286
52,0.0181818,0.636364,0.0363636,0.0181818,0.181818,0.109091
53,0.0833333,0.583333,0.0833333,0.0833333,0.0833333,0.0833333
54,0.0833333,0.583333,0.0833333,0.0833333,0.0833333,0.0833333
55,0.00546448,0.273224,0.196721,0.00546448,0.136612,0.382514
56,0.0526316,0.631579,0.157895,0.0526316,0.0526316,0.0526316
57,0.0625,0.375,0.375,0.0625,0.0625,0.0625
58,0.0776699,0.174757,0.00970874,0.0679612,0.466019,0.203883
59,0.105727,0.330396,0.30837,0.0176211,0.0969163,0.140969
60,0.1,0.5,0.1,0.1,0.1,0.1
61,0.0135135,0.391892,0.0135135,0.0135135,0.378378,0.189189
62,0.169492,0.186441,0.0847458,0.0169492,0.40678,0.135593
63,0.047619,0.47619,0.238095,0.047619,0.142857,0.047619
64,0.00775194,0.0697674,0.162791,0.0852713,0.131783,0.542636
65,0.0588235,0.294118,0.176471,0.117647,0.176471,0.176471
66,0.025,0.6,0.15,0.05,0.15,0.025
67,0.0212766,0.255319,0.202128,0.0319149,0.414894,0.0744681
68,0.125,0.125,0.375,0.125,0.125,0.125
69,0.181818,0.0227273,0.159091,0.0909091,0.0227273,0.522727
70,0.0277778,0.0833333,0.743056,0.00694444,0.125,0.0138889
71,0.0111111,0.233333,0.0555556,0.0666667,0.366667,0.266667
72,0.1,0.5,0.1,0.1,0.1,0.1
73,0.0344828,0.241379,0.206897,0.103448,0.0344828,0.37931
74,0.0909091,0.545455,0.0909091,0.0909091,0.0909091,0.0909091
75,0.0909091,0.545455,0.0909091,0.0909091,0.0909091,0.0909091
76,0.0555556,0.388889,0.0555556,0.0555556,0.0555556,0.388889
77,0.111111,0.444444,0.111111,0.111111,0.111111,0.111111
78,0.0833333,0.333333,0.0833333,0.0833333,0.25,0.166667
79,0.0416667,0.5,0.333333,0.0416667,0.0416667,0.0416667
80,0.0192308,0.5,0.230769,0.0384615,0.173077,0.0384615
81,0.111111,0.444444,0.111111,0.111111,0.111111,0.111111
82,0.0173913,0.365217,0.226087,0.0695652,0.156522,0.165217
83,0.030303,0.575758,0.0909091,0.030303,0.242424,0.030303
84,0.0740741,0.351852,0.314815,0.0185185,0.203704,0.037037
85,0.0909091,0.545455,0.0909091,0.0909091,0.0909091,0.0909091
86,0.0769231,0.538462,0.0769231,0.0769231,0.153846,0.0769231
87,0.1,0.4,0.1,0.1,0.2,0.1
88,0.0714286,0.571429,0.0714286,0.0714286,0.142857,0.0714286
89,0.0531561,0.0714286,0.538206,0.11794,0.0681063,0.151163
90,0.0833333,0.5,0.0833333,0.0833333,0.166667,0.0833333
91,0.0217391,0.0978261,0.184783,0.0108696,0.293478,0.391304
92,0.037037,0.222222,0.259259,0.037037,0.259259,0.185185
93,0.0052356,0.26178,0.146597,0.0366492,0.26178,0.287958
94,0.111111,0.444444,0.111111,0.111111,0.111111,0.111111
95,0.0472973,0.141892,0.358108,0.00675676,0.108108,0.337838
96,0.0666667,0.4,0.133333,0.133333,0.0666667,0.2
97,0.0714286,0.642857,0.0714286,0.0714286,0.0714286,0.0714286
98,0.0131579,0.368421,0.289474,0.0131579,0.289474,0.0263158
99,0.1,0.5,0.1,0.1,0.1,0.1
100,0.00826446,0.214876,0.0909091,0.00826446,0.363636,0.31405
101,0.02,0.42,0.14,0.02,0.1,0.3
102,0.0769231,0.538462,0.0769231,0.0769231,0.153846,0.0769231
103,0.0909091,0.545455,0.0909091,0.0909091,0.0909091,0.0909091
104,0.0263158,0.0263158,0.368421,0.0263158,0.394737,0.157895
105,0.111111,0.444444,0.111111,0.111111,0.111111,0.111111
106,0.111111,0.444444,0.0555556,0.0555556,0.222222,0.111111
107,0.1,0.5,0.1,0.1,0.1,0.1
108,0.3,0.325,0.25,0.025,0.05,0.05
109,0.0833333,0.583333,0.0833333,0.0833333,0.0833333,0.0833333
110,0.111111,0.444444,0.111111,0.111111,0.111111,0.111111
111,0.0886076,0.367089,0.0632911,0.0126582,0.303797,0.164557
112,0.0555556,0.25,0.0277778,0.194444,0.333333,0.138889
113,0.0175439,0.0175439,0.350877,0.192982,0.298246,0.122807
114,0.0555556,0.157407,0.393519,0.00462963,0.328704,0.0601852
115,0.0666667,0.333333,0.133333,0.0666667,0.2,0.2
116,0.0909091,0.181818,0.0909091,0.0909091,0.454545,0.0909091
117,0.1,0.4,0.2,0.1,0.1,0.1
118,0.0909091,0.454545,0.0909091,0.0909091,0.181818,0.0909091
119,0.0909091,0.181818,0.0909091,0.0909091,0.454545,0.0909091
120,0.025641,0.102564,0.384615,0.102564,0.358974,0.025641
121,0.0294118,0.176471,0.147059,0.0294118,0.323529,0.294118
122,0.159091,0.363636,0.113636,0.00568182,0.278409,0.0795455
123,0.113514,0.145946,0.0540541,0.0486486,0.621622,0.0162162
124,0.0909091,0.545455,0.0909091,0.0909091,0.0909091,0.0909091
125,0.0232558,0.325581,0.27907,0.0232558,0.27907,0.0697674
126,0.0177778,0.182222,0.257778,0.00444444,0.497778,0.04
127,0.111111,0.444444,0.111111,0.111111,0.111111,0.111111
128,0.0204082,0.367347,0.22449,0.0204082,0.265306,0.102041
129,0.111111,0.444444,0.111111,0.111111,0.111111,0.111111
130,0.0126582,0.0126582,0.101266,0.0759494,0.518987,0.278481
131,0.0373134,0.0547264,0.561567,0.00310945,0.162935,0.180348
132,0.271186,0.508475,0.0169492,0.0169492,0.118644,0.0677966
133,0.0294118,0.0477941,0.125,0.125,0.242647,0.430147
134,0.047619,0.333333,0.285714,0.047619,0.047619,0.238095
135,0.011236,0.359551,0.202247,0.011236,0.325843,0.0898876
136,0.142857,0.285714,0.142857,0.142857,0.142857,0.142857
137,0.037037,0.777778,0.037037,0.037037,0.0740741,0.037037
138,0.0769231,0.615385,0.0769231,0.0769231,0.0769231,0.0769231
139,0.027027,0.324324,0.378378,0.0810811,0.135135,0.0540541
140,0.35,0.25,0.05,0.05,0.25,0.05
141,0.175,0.2,0.075,0.35,0.175,0.025
142,0.0625,0.5625,0.0625,0.0625,0.1875,0.0625
143,0.0526316,0.210526,0.289474,0.0263158,0.210526,0.210526
144,0.0833333,0.5,0.0833333,0.0833333,0.166667,0.0833333
145,0.0333333,0.233333,0.3,0.0333333,0.0333333,0.366667
146,0.024,0.12,0.272,0.064,0.192,0.328
147,0.0833333,0.583333,0.0833333,0.0833333,0.0833333,0.0833333
148,0.157895,0.105263,0.0526316,0.0526316,0.315789,0.315789
149,0.00440529,0.114537,0.259912,0.0132159,0.162996,0.444934
150,0.1,0.5,0.1,0.1,0.1,0.1
151,0.0909091,0.545455,0.0909091,0.0909091,0.0909091,0.0909091
152,0.125,0.125,0.375,0.125,0.125,0.125
153,0.047619,0.619048,0.047619,0.047619,0.047619,0.190476
154,0.00847458,0.254237,0.0847458,0.059322,0.398305,0.194915
155,0.0526316,0.421053,0.0526316,0.0526316,0.368421,0.0526316
156,0.00469484,0.159624,0.164319,0.0140845,0.112676,0.544601
157,0.0816327,0.673469,0.163265,0.0204082,0.0204082,0.0408163
158,0.00934579,0.0654206,0.345794,0.00934579,0.336449,0.233645
159,0.0909091,0.545455,0.0909091,0.0909091,0.0909091,0.0909091
160,0.18,0.06,0.3,0.02,0.24,0.2
161,0.008,0.192,0.312,0.008,0.192,0.288
162,0.0232558,0.418605,0.232558,0.0232558,0.0465116,0.255814
163,0.0147059,0.455882,0.0882353,0.0147059,0.147059,0.279412
164,0.0714286,0.5,0.0714286,0.0714286,0.214286,0.0714286
165,0.0526316,0.421053,0.105263,0.0526316,0.263158,0.105263
166,0.0909091,0.545455,0.0909091,0.0909091,0.0909091,0.0909091
167,0.00456621,0.150685,0.214612,0.00456621,0.319635,0.305936
168,0.147059,0.147059,0.602941,0.0735294,0.0147059,0.0147059
169,0.0909091,0.545455,0.0909091,0.0909091,0.0909091,0.0909091
170,0.0181818,0.218182,0.0909091,0.0181818,0.145455,0.509091
171,0.0384615,0.423077,0.0384615,0.0384615,0.423077,0.0384615
172,0.111111,0.444444,0.111111,0.111111,0.111111,0.111111
173,0.1875,0.5625,0.0625,0.0625,0.0625,0.0625
174,0.0434783,0.478261,0.130435,0.0434783,0.26087,0.0434783
175,0.0666667,0.6,0.133333,0.0666667,0.0666667,0.0666667
176,0.125,0.375,0.125,0.125,0.125,0.125
177,0.0714286,0.571429,0.0714286,0.0714286,0.142857,0.0714286
178,0.0434783,0.076087,0.282609,0.0108696,0.293478,0.293478
179,0.0714286,0.642857,0.0714286,0.0714286,0.0714286,0.0714286
180,0.111111,0.444444,0.111111,0.111111,0.111111,0.111111
181,0.0909091,0.409091,0.0454545,0.0454545,0.227273,0.181818
182,0.15,0.4,0.05,0.025,0.125,0.25
183,0.111111,0.444444,0.111111,0.111111,0.111111,0.111111
184,0.06,0.14,0.26,0.01,0.44,0.09
185,0.030303,0.545455,0.0606061,0.0606061,0.181818,0.121212
186,0.0384615,0.307692,0.173077,0.0192308,0.192308,0.269231
187,0.142857,0.285714,0.142857,0.142857,0.142857,0.142857
188,0.0833333,0.583333,0.0833333,0.0833333,0.0833333,0.0833333
189,0.125,0.25,0.125,0.125,0.125,0.25
190,0.111111,0.444444,0.111111,0.111111,0.111111,0.111111
191,0.1,0.5,0.1,0.1,0.1,0.1
192,0.1,0.5,0.1,0.1,0.1,0.1
193,0.157895,0.315789,0.0526316,0.0526316,0.210526,0.210526
194,0.0909091,0.545455,0.0909091,0.0909091,0.0909091,0.0909091
195,0.0625,0.375,0.3125,0.0625,0.0625,0.125
196,0.0138889,0.416667,0.180556,0.0138889,0.152778,0.222222
197,0.0263158,0.151316,0.421053,0.0328947,0.25,0.118421
198,0.00369004,0.313653,0.184502,0.0147601,0.095941,0.387454
199,0.0666667,0.4,0.0666667,0.0666667,0.333333,0.0666667
200,0.1,0.5,0.1,0.1,0.1,0.1
201,0.0769231,0.615385,0.0769231,0.0769231,0.0769231,0.0769231
202,0.0147059,0.205882,0.191176,0.0294118,0.191176,0.367647
203,0.00671141,0.369128,0.255034,0.0469799,0.0872483,0.234899
204,0.906441,0.0420339,0.0318644,0.00949153,0.00135593,0.00881356
205,0.0666667,0.333333,0.0666667,0.0666667,0.333333,0.133333
206,0.0769231,0.153846,0.538462,0.0769231,0.0769231,0.0769231
207,0.0909091,0.545455,0.0909091,0.0909091,0.0909091,0.0909091
208,0.0588235,0.588235,0.117647,0.0588235,0.0588235,0.117647
209,0.111111,0.444444,0.111111,0.111111,0.111111,0.111111
210,0.0909091,0.545455,0.0454545,0.0454545,0.181818,0.0909091
211,0.1,0.4,0.2,0.1,0.1,0.1
212,0.05,0.35,0.3,0.05,0.2,0.05
213,0.0438596,0.315789,0.122807,0.0701754,0.298246,0.149123
214,0.111639,0.0498812,0.646081,0.0023753,0.159145,0.0308789
215,0.0769231,0.153846,0.0769231,0.0769231,0.461538,0.153846
216,0.111111,0.444444,0.111111,0.111111,0.111111,0.111111
217,0.0138889,0.222222,0.291667,0.0416667,0.194444,0.236111
218,0.00425532,0.102128,0.212766,0.00851064,0.302128,0.370213
219,0.0769231,0.461538,0.0769231,0.0769231,0.230769,0.0769231
220,0.0909091,0.545455,0.0909091,0.0909091,0.0909091,0.0909091
221,0.0833333,0.416667,0.0833333,0.0833333,0.0833333,0.25
222,0.0175439,0.526316,0.175439,0.0350877,0.140351,0.105263
223,0.111111,0.444444,0.111111,0.111111,0.111111,0.111111
224,0.00641026,0.339744,0.0961538,0.00641026,0.416667,0.134615
225,0.0909091,0.545455,0.0909091,0.0909091,0.0909091,0.0909091
226,0.0113636,0.125,0.0568182,0.0113636,0.647727,0.147727
227,0.0921053,0.342105,0.236842,0.0131579,0.223684,0.0921053
228,0.00485437,0.116505,0.0291262,0.0194175,0.73301,0.0970874
229,0.0555556,0.722222,0.0555556,0.0555556,0.0555556,0.0555556
230,0.00209205,0.144351,0.165272,0.00209205,0.100418,0.585774
231,0.125,0.375,0.125,0.125,0.125,0.125
232,0.00740741,0.340741,0.555556,0.037037,0.0222222,0.037037
233,0.0384615,0.576923,0.0384615,0.0384615,0.192308,0.115385
234,0.142857,0.285714,0.142857,0.142857,0.142857,0.142857
235,0.00358423,0.232975,0.00358423,0.00358423,0.193548,0.562724
236,0.0208333,0.5,0.104167,0.3125,0.0208333,0.0416667
237,0.00492611,0.261084,0.103448,0.0197044,0.226601,0.384236
238,0.0258621,0.0201149,0.0316092,0.103448,0.715517,0.103448
239,0.030303,0.424242,0.121212,0.030303,0.272727,0.121212
240,0.111111,0.333333,0.111111,0.111111,0.222222,0.111111
241,0.0833333,0.583333,0.0833333,0.0833333,0.0833333,0.0833333
242,0.00352113,0.00352113,0.0985915,0.161972,0.267606,0.464789
243,0.00526316,0.168421,0.210526,0.00526316,0.394737,0.215789
244,0.0147059,0.294118,0.176471,0.0147059,0.117647,0.382353
245,0.00280899,0.0224719,0.769663,0.0646067,0.13764,0.00280899
246,0.409091,0.0909091,0.363636,0.0151515,0.106061,0.0151515
247,0.1,0.5,0.1,0.1,0.1,0.1
248,0.0153846,0.123077,0.138462,0.0153846,0.384615,0.323077
249,0.125,0.375,0.125,0.125,0.125,0.125
250,0.0133333,0.173333,0.173333,0.0133333,0.133333,0.493333
251,0.0833333,0.583333,0.0833333,0.0833333,0.0833333,0.0833333
252,0.00471698,0.0943396,0.0377358,0.0377358,0.358491,0.466981
253,0.222222,0.111111,0.111111,0.111111,0.222222,0.222222
254,0.0416667,0.333333,0.0416667,0.0416667,0.291667,0.25
255,0.233333,0.35,0.0166667,0.0166667,0.25,0.133333
256,0.01,0.16,0.01,0.05,0.49,0.28
257,0.0178571,0.357143,0.232143,0.125,0.232143,0.0357143
258,0.0384615,0.423077,0.192308,0.0769231,0.230769,0.0384615
259,0.00555556,0.272222,0.155556,0.00555556,0.0333333,0.527778
260,0.111111,0.444444,0.111111,0.111111,0.111111,0.111111
261,0.0769231,0.615385,0.0769231,0.0769231,0.0769231,0.0769231
262,0.111111,0.444444,0.111111,0.111111,0.111111,0.111111
263,0.0070922,0.304965,0.148936,0.0141844,0.0141844,0.510638
264,0.00740741,0.274074,0.244444,0.0296296,0.281481,0.162963
265,0.0185185,0.481481,0.240741,0.0185185,0.0185185,0.222222
266,0.157025,0.363636,0.206612,0.0165289,0.0743802,0.181818
267,0.00671141,0.0805369,0.134228,0.161074,0.187919,0.42953
268,0.0909091,0.545455,0.0909091,0.0909091,0.0909091,0.0909091
269,0.0235294,0.00588235,0.911765,0.00588235,0.0176471,0.0352941
270,0.0181818,0.309091,0.218182,0.0181818,0.309091,0.127273
271,0.04,0.56,0.12,0.04,0.2,0.04
272,0.111111,0.333333,0.111111,0.111111,0.222222,0.111111
273,0.0135135,0.364865,0.0945946,0.00675676,0.344595,0.175676
274,0.0833333,0.583333,0.0833333,0.0833333,0.0833333,0.0833333
275,0.0909091,0.545455,0.0909091,0.0909091,0.0909091,0.0909091
276,0.0172414,0.293103,0.0517241,0.0344828,0.482759,0.12069
277,0.02,0.0666667,0.0266667,0.0133333,0.566667,0.306667
278,0.0909091,0.0909091,0.181818,0.0909091,0.454545,0.0909091
279,0.0106383,0.223404,0.234043,0.0531915,0.329787,0.148936
280,0.111111,0.444444,0.111111,0.111111,0.111111,0.111111
281,0.111111,0.444444,0.111111,0.111111,0.111111,0.111111
282,0.025,0.15,0.375,0.025,0.025,0.4
283,0.00934579,0.233645,0.121495,0.046729,0.401869,0.186916
284,0.0212766,0.170213,0.234043,0.0212766,0.170213,0.382979
285,0.0322581,0.548387,0.0322581,0.0967742,0.193548,0.0967742
286,0.037037,0.296296,0.296296,0.037037,0.296296,0.037037
287,0.0111111,0.0888889,0.111111,0.0111111,0.466667,0.311111
288,0.0147059,0.25,0.132353,0.0147059,0.308824,0.279412
289,0.047619,0.47619,0.047619,0.047619,0.047619,0.333333
290,0.0952381,0.619048,0.0952381,0.047619,0.0952381,0.047619
291,0.04,0.2,0.16,0.04,0.48,0.08
292,0.111111,0.444444,0.111111,0.111111,0.111111,0.111111
293,0.00909091,0.390909,0.309091,0.0454545,0.2,0.0454545
294,0.1,0.5,0.1,0.1,0.1,0.1
295,0.111111,0.444444,0.111111,0.111111,0.111111,0.111111
296,0.1,0.5,0.1,0.1,0.1,0.1
297,0.0344828,0.551724,0.310345,0.0344828,0.0344828,0.0344828
298,0.125,0.375,0.125,0.125,0.125,0.125
299,0.0588235,0.705882,0.0588235,0.0588235,0.0588235,0.0588235
300,0.0909091,0.545455,0.0909091,0.0909091,0.0909091,0.0909091
301,0.010989,0.351648,0.230769,0.0989011,0.0989011,0.208791
302,0.0123457,0.358025,0.0617284,0.0493827,0.333333,0.185185
303,0.0625,0.625,0.0625,0.0625,0.0625,0.125
304,0.111111,0.333333,0.111111,0.111111,0.222222,0.111111
305,0.0392157,0.176471,0.00980392,0.22549,0.294118,0.254902
306,0.031746,0.126984,0.111111,0.015873,0.698413,0.015873
307,0.00315457,0.211356,0.148265,0.00946372,0.567823,0.0599369
308,0.0909091,0.545455,0.0909091,0.0909091,0.0909091,0.0909091
309,0.107143,0.267857,0.125,0.196429,0.0357143,0.267857
310,0.1,0.5,0.1,0.1,0.1,0.1
311,0.111111,0.333333,0.111111,0.111111,0.222222,0.111111
312,0.1,0.5,0.1,0.1,0.1,0.1
313,0.233333,0.533333,0.1,0.0333333,0.0666667,0.0333333
314,0.0909091,0.545455,0.0909091,0.0909091,0.0909091,0.0909091
315,0.0149254,0.298507,0.0149254,0.0447761,0.402985,0.223881
316,0.05,0.55,0.05,0.05,0.1,0.2
317,0.047619,0.52381,0.047619,0.190476,0.142857,0.047619
318,0.0263158,0.184211,0.342105,0.0263158,0.131579,0.289474
319,0.142857,0.285714,0.142857,0.142857,0.142857,0.142857
320,0.1,0.5,0.1,0.1,0.1,0.1
321,0.111111,0.428571,0.333333,0.015873,0.0952381,0.015873
322,0.0243902,0.414634,0.121951,0.0243902,0.0243902,0.390244
323,0.314815,0.240741,0.111111,0.0185185,0.0185185,0.296296
324,0.0344828,0.241379,0.344828,0.0344828,0.137931,0.206897
325,0.0434783,0.608696,0.0434783,0.0869565,0.0869565,0.130435
326,0.0434783,0.434783,0.130435,0.0434783,0.0434783,0.304348
327,0.015873,0.253968,0.0634921,0.126984,0.365079,0.174603
328,0.0769231,0.615385,0.0769231,0.0769231,0.0769231,0.0769231
329,0.00775194,0.0775194,0.00775194,0.0310078,0.713178,0.162791
330,0.178571,0.571429,0.0357143,0.0357143,0.0714286,0.107143
331,0.0588235,0.352941,0.0588235,0.0588235,0.352941,0.117647
332,0.0526316,0.368421,0.105263,0.105263,0.157895,0.210526
333,0.111111,0.444444,0.111111,0.111111,0.111111,0.111111
334,0.0714286,0.357143,0.0714286,0.0714286,0.285714,0.142857
335,0.0851064,0.0638298,0.425532,0.0212766,0.297872,0.106383
336,0.0526316,0.210526,0.210526,0.157895,0.0526316,0.315789
337,0.0166667,0.3,0.0833333,0.0166667,0.316667,0.266667
338,0.0588235,0.470588,0.117647,0.0588235,0.0588235,0.235294
339,0.125,0.25,0.125,0.125,0.125,0.25
340,0.0333333,0.233333,0.444444,0.0222222,0.255556,0.0111111
341,0.0128205,0.282051,0.0512821,0.0128205,0.384615,0.25641
342,0.037037,0.111111,0.259259,0.037037,0.37037,0.185185
343,0.0526316,0.421053,0.0526316,0.0526316,0.263158,0.157895
344,0.08,0.68,0.02,0.02,0.1,0.1
345,0.0555556,0.555556,0.0555556,0.0555556,0.166667,0.111111
346,0.0714286,0.285714,0.285714,0.0714286,0.0714286,0.214286
347,0.111111,0.444444,0.111111,0.111111,0.111111,0.111111
348,0.047619,0.761905,0.047619,0.047619,0.047619,0.047619
349,0.111111,0.444444,0.111111,0.111111,0.111111,0.111111
350,0.0909091,0.545455,0.0909091,0.0909091,0.0909091,0.0909091
351,0.0909091,0.545455,0.0909091,0.0909091,0.0909091,0.0909091
352,0.0178571,0.214286,0.357143,0.0178571,0.125,0.267857
353,0.00383877,0.0662188,0.111324,0.0508637,0.430902,0.336852
354,0.089404,0.0860927,0.205298,0.0463576,0.337748,0.235099
355,0.0204082,0.272109,0.163265,0.00680272,0.510204,0.0272109
356,0.0555556,0.722222,0.0555556,0.0555556,0.0555556,0.0555556
357,0.125,0.375,0.125,0.125,0.125,0.125
358,0.0444444,0.422222,0.0666667,0.0666667,0.133333,0.266667
359,0.0810811,0.256757,0.121622,0.0135135,0.513514,0.0135135
360,0.0909091,0.181818,0.363636,0.0909091,0.0909091,0.181818
361,0.125,0.375,0.125,0.125,0.125,0.125
362,0.00218818,0.124726,0.111597,0.0153173,0.234136,0.512035
363,0.02,0.26,0.3,0.02,0.22,0.18
364,0.0909091,0.545455,0.0909091,0.0909091,0.0909091,0.0909091
365,0.0909091,0.20202,0.0505051,0.010101,0.373737,0.272727
366,0.0114943,0.229885,0.195402,0.0114943,0.333333,0.218391
367,0.0384615,0.692308,0.0384615,0.0384615,0.153846,0.0384615
368,0.0909091,0.545455,0.0909091,0.0909091,0.0909091,0.0909091
369,0.00225734,0.130926,0.352144,0.121896,0.336343,0.0564334
370,0.153846,0.461538,0.115385,0.0769231,0.153846,0.0384615
371,0.184211,0.368421,0.0131579,0.0526316,0.276316,0.105263
372,0.142857,0.285714,0.142857,0.142857,0.142857,0.142857
373,0.027027,0.351351,0.027027,0.027027,0.432432,0.135135
374,0.0294118,0.294118,0.117647,0.0294118,0.205882,0.323529
375,0.176471,0.294118,0.352941,0.0588235,0.0588235,0.0588235
376,0.0526316,0.578947,0.0526316,0.0526316,0.0526316,0.210526
377,0.1,0.3,0.1,0.1,0.3,0.1
378,0.0909091,0.454545,0.181818,0.0909091,0.0909091,0.0909091
379,0.0909091,0.545455,0.0909091,0.0909091,0.0909091,0.0909091
380,0.0909091,0.0909091,0.272727,0.0909091,0.363636,0.0909091
381,0.111111,0.444444,0.111111,0.111111,0.111111,0.111111
382,0.0333333,0.433333,0.0333333,0.0333333,0.0666667,0.4
383,0.111111,0.444444,0.111111,0.111111,0.111111,0.111111
384,0.0882353,0.235294,0.117647,0.0588235,0.0588235,0.441176
385,0.0196078,0.0784314,0.294118,0.0196078,0.431373,0.156863
386,0.00222717,0.10245,0.0957684,0.00445434,0.171492,0.623608
387,0.1,0.5,0.1,0.1,0.1,0.1
388,0.0114943,0.206897,0.0689655,0.045977,0.45977,0.206897
389,0.145299,0.25641,0.410256,0.00854701,0.128205,0.0512821
390,0.0833333,0.583333,0.0833333,0.0833333,0.0833333,0.0833333
391,0.00507614,0.258883,0.142132,0.0304569,0.543147,0.0203046
392,0.129353,0.179104,0.502488,0.0298507,0.0497512,0.109453
393,0.0909091,0.545455,0.0909091,0.0909091,0.0909091,0.0909091
394,0.0126582,0.0506329,0.468354,0.101266,0.0253165,0.341772
395,0.030303,0.666667,0.151515,0.030303,0.030303,0.0909091
396,0.0833333,0.583333,0.0833333,0.0833333,0.0833333,0.0833333
397,0.52,0.0333333,0.00666667,0.0266667,0.146667,0.266667
398,0.111111,0.222222,0.111111,0.111111,0.333333,0.111111
399,0.0909091,0.545455,0.0909091,0.0909091,0.0909091,0.0909091
400,0.142857,0.142857,0.142857,0.142857,0.285714,0.142857
401,0.0434783,0.478261,0.347826,0.0434783,0.0434783,0.0434783
402,0.1,0.5,0.1,0.1,0.1,0.1
403,0.0564784,0.232558,0.358804,0.00332226,0.0631229,0.285714
404,0.0120482,0.337349,0.0240964,0.0120482,0.457831,0.156627
405,0.111111,0.444444,0.111111,0.111111,0.111111,0.111111
406,0.0322581,0.387097,0.290323,0.0322581,0.193548,0.0645161
407,0.125,0.375,0.125,0.125,0.125,0.125
408,0.0699301,0.00699301,0.125874,0.00699301,0.692308,0.0979021
409,0.2,0.1,0.1,0.1,0.1,0.4
410,0.030303,0.666667,0.0909091,0.030303,0.030303,0.151515
411,0.0769231,0.384615,0.102564,0.025641,0.025641,0.384615
412,0.0833333,0.333333,0.0833333,0.0833333,0.0833333,0.333333
413,0.0909091,0.545455,0.0909091,0.0909091,0.0909091,0.0909091
414,0.21875,0.28125,0.40625,0.03125,0.03125,0.03125
415,0.0243902,0.317073,0.243902,0.0243902,0.268293,0.121951
416,0.0416667,0.583333,0.125,0.0416667,0.0416667,0.166667
417,0.0204082,0.285714,0.0816327,0.0408163,0.244898,0.326531
418,0.311475,0.139344,0.295082,0.00819672,0.131148,0.114754
419,0.1,0.3,0.3,0.1,0.1,0.1
420,0.0572519,0.0916031,0.0381679,0.133588,0.408397,0.270992
421,0.125,0.375,0.125,0.125,0.125,0.125
422,0.0666667,0.666667,0.0666667,0.0666667,0.0666667,0.0666667
423,0.0468085,0.0553191,0.757447,0.0170213,0.0851064,0.0382979
424,0.111111,0.444444,0.111111,0.111111,0.111111,0.111111
425,0.0833333,0.583333,0.0833333,0.0833333,0.0833333,0.0833333
426,0.0817121,0.136187,0.521401,0.0272374,0.18677,0.0466926
427,0.0555556,0.722222,0.0555556,0.0555556,0.0555556,0.0555556
428,0.015873,0.031746,0.873016,0.047619,0.015873,0.015873
429,0.0714286,0.642857,0.0714286,0.0714286,0.0714286,0.0714286
430,0.0666667,0.533333,0.0666667,0.0666667,0.2,0.0666667
431,0.00966184,0.323671,0.00966184,0.0869565,0.333333,0.236715
432,0.0294118,0.323529,0.0882353,0.0294118,0.352941,0.176471
433,0.0181818,0.181818,0.527273,0.0181818,0.236364,0.0181818
434,0.030303,0.424242,0.0606061,0.030303,0.424242,0.030303
435,0.0243902,0.195122,0.146341,0.0487805,0.292683,0.292683
436,0.0384615,0.653846,0.0384615,0.0769231,0.0384615,0.153846
437,0.0769231,0.461538,0.0769231,0.0769231,0.153846,0.153846
438,0.125,0.375,0.125,0.125,0.125,0.125
439,0.03125,0.375,0.03125,0.03125,0.4375,0.09375
440,0.0666667,0.533333,0.0666667,0.0666667,0.0666667,0.2
441,0.00130208,0.0221354,0.152344,0.0846354,0.290365,0.449219
442,0.214286,0.428571,0.142857,0.0714286,0.0714286,0.0714286
443,0.1,0.5,0.1,0.1,0.1,0.1
444,0.0357143,0.214286,0.392857,0.0714286,0.25,0.0357143
445,0.0434783,0.695652,0.0869565,0.0434783,0.0869565,0.0434783
446,0.0769231,0.615385,0.0769231,0.0769231,0.0769231,0.0769231
447,0.111111,0.444444,0.111111,0.111111,0.111111,0.111111
448,0.00943396,0.283019,0.160377,0.00943396,0.367925,0.169811
449,0.111111,0.333333,0.111111,0.111111,0.222222,0.111111
450,0.0121951,0.463415,0.0853659,0.0121951,0.390244,0.0365854
451,0.0126582,0.417722,0.341772,0.0126582,0.202532,0.0126582
452,0.125,0.375,0.125,0.125,0.125,0.125
453,0.1,0.5,0.1,0.1,0.1,0.1
454,0.1,0.5,0.1,0.1,0.1,0.1
455,0.00275482,0.0358127,0.173554,0.176309,0.286501,0.325069
456,0.111111,0.444444,0.111111,0.111111,0.111111,0.111111
457,0.333333,0.333333,0.0666667,0.0666667,0.0666667,0.133333
458,0.0263158,0.421053,0.131579,0.0263158,0.368421,0.0263158
459,0.0526316,0.578947,0.157895,0.0526316,0.0526316,0.105263
460,0.0285714,0.371429,0.0285714,0.2,0.142857,0.228571
461,0.04,0.16,0.04,0.04,0.68,0.04
462,0.0909091,0.545455,0.0909091,0.0909091,0.0909091,0.0909091
463,0.0192308,0.480769,0.0961538,0.0192308,0.269231,0.115385
464,0.0606061,0.484848,0.121212,0.030303,0.0909091,0.212121
465,0.541311,0.0968661,0.102564,0.011396,0.0797721,0.168091
466,0.1,0.5,0.1,0.1,0.1,0.1
467,0.118421,0.315789,0.0789474,0.0592105,0.282895,0.144737
468,0.0855263,0.111842,0.0328947,0.00657895,0.585526,0.177632
469,0.0243902,0.365854,0.268293,0.0243902,0.195122,0.121951
470,0.0606061,0.242424,0.212121,0.151515,0.0909091,0.242424
471,0.00925926,0.138889,0.00925926,0.00925926,0.0740741,0.759259
472,0.114943,0.0344828,0.356322,0.252874,0.229885,0.0114943
473,0.0517241,0.241379,0.189655,0.0172414,0.327586,0.172414
474,0.0769231,0.615385,0.0769231,0.0769231,0.0769231,0.0769231
475,0.00409836,0.0409836,0.204918,0.00409836,0.643443,0.102459
476,0.0238095,0.333333,0.404762,0.0238095,0.190476,0.0238095
477,0.0243902,0.097561,0.121951,0.0243902,0.390244,0.341463
478,0.111111,0.444444,0.111111,0.111111,0.111111,0.111111
479,0.0106383,0.234043,0.0106383,0.0851064,0.287234,0.37234
480,0.142857,0.285714,0.142857,0.142857,0.142857,0.142857
481,0.0909091,0.545455,0.0909091,0.0909091,0.0909091,0.0909091
482,0.111111,0.444444,0.111111,0.111111,0.111111,0.111111
483,0.368421,0.421053,0.0526316,0.0526316,0.0526316,0.0526316
484,0.011236,0.11236,0.213483,0.123596,0.325843,0.213483
485,0.0384615,0.115385,0.346154,0.0384615,0.307692,0.153846
486,0.015625,0.3125,0.28125,0.015625,0.171875,0.203125
487,0.0188679,0.396226,0.320755,0.0188679,0.0566038,0.188679
488,0.111111,0.444444,0.111111,0.111111,0.111111,0.111111
489,0.1,0.3,0.2,0.2,0.1,0.1
490,0.0666667,0.533333,0.0666667,0.0666667,0.133333,0.133333
491,0.2,0.311111,0.0444444,0.0222222,0.177778,0.244444
492,0.00549451,0.0604396,0.0164835,0.153846,0.445055,0.318681
493,0.0215827,0.0935252,0.57554,0.0431655,0.0863309,0.179856
494,0.111111,0.444444,0.111111,0.111111,0.111111,0.111111
495,0.0769231,0.384615,0.0769231,0.0769231,0.0769231,0.307692
496,0.111111,0.444444,0.111111,0.111111,0.111111,0.111111
497,0.008,0.376,0.096,0.056,0.32,0.144
498,0.144578,0.210843,0.343373,0.168675,0.0301205,0.10241
499,0.125,0.375,0.125,0.125,0.125,0.125
500,0.0666667,0.4,0.333333,0.0666667,0.0666667,0.0666667
501,0.111111,0.444444,0.111111,0.111111,0.111111,0.111111
502,0.00826446,0.123967,0.0826446,0.0661157,0.421488,0.297521
503,0.0555556,0.722222,0.0555556,0.0555556,0.0555556,0.0555556
504,0.0666667,0.6,0.0666667,0.0666667,0.133333,0.0666667
505,0.111111,0.333333,0.111111,0.111111,0.222222,0.111111
506,0.2,0.533333,0.0666667,0.0666667,0.0666667,0.0666667
507,0.0769231,0.615385,0.0769231,0.0769231,0.0769231,0.0769231
508,0.55303,0.121212,0.219697,0.00757576,0.0757576,0.0227273
509,0.125,0.375,0.125,0.125,0.125,0.125
510,0.0769231,0.615385,0.0769231,0.0769231,0.0769231,0.0769231
511,0.181818,0.272727,0.0909091,0.0909091,0.181818,0.181818
512,0.0392157,0.137255,0.127451,0.0392157,0.362745,0.294118
513,0.00198807,0.159046,0.0536779,0.0218688,0.200795,0.562624
514,0.0588235,0.705882,0.0588235,0.0588235,0.0588235,0.0588235
515,0.0212766,0.148936,0.234043,0.0212766,0.446809,0.12766
516,0.011236,0.359551,0.101124,0.011236,0.134831,0.382022
517,0.141176,0.423529,0.164706,0.0941176,0.164706,0.0117647
518,0.0714286,0.642857,0.0714286,0.0714286,0.0714286,0.0714286
519,0.0689655,0.117241,0.606897,0.0344828,0.151724,0.0206897
520,0.125,0.375,0.125,0.125,0.125,0.125
521,0.0769231,0.615385,0.0769231,0.0769231,0.0769231,0.0769231
522,0.35,0.1,0.05,0.1,0.35,0.05
523,0.415789,0.0526316,0.00526316,0.0421053,0.242105,0.242105
524,0.0909091,0.545455,0.0909091,0.0909091,0.0909091,0.0909091
525,0.0888889,0.466667,0.222222,0.0222222,0.111111,0.0888889
526,0.0333333,0.166667,0.1,0.233333,0.3,0.166667
527,0.252525,0.181818,0.141414,0.010101,0.10101,0.313131
528,0.142857,0.285714,0.142857,0.142857,0.142857,0.142857
529,0.0277778,0.472222,0.0277778,0.0277778,0.111111,0.333333
530,0.0909091,0.545455,0.0909091,0.0909091,0.0909091,0.0909091
531,0.032967,0.274725,0.406593,0.010989,0.263736,0.010989
532,0.0357143,0.464286,0.0357143,0.0357143,0.25,0.178571
533,0.102564,0.217949,0.025641,0.025641,0.102564,0.525641
534,0.0843373,0.106024,0.108434,0.0674699,0.344578,0.289157
535,0.027027,0.324324,0.0540541,0.027027,0.189189,0.378378
536,0.0625,0.1875,0.166667,0.0625,0.5,0.0208333
537,0.0909091,0.545455,0.0909091,0.0909091,0.0909091,0.0909091
538,0.0169492,0.101695,0.237288,0.0169492,0.40678,0.220339
539,0.111111,0.444444,0.111111,0.111111,0.111111,0.111111
540,0.0125,0.2875,0.5625,0.0125,0.1125,0.0125
541,0.0134529,0.103139,0.219731,0.103139,0.394619,0.165919
542,0.0512821,0.0512821,0.102564,0.0512821,0.384615,0.358974
543,0.0487805,0.414634,0.0731707,0.0487805,0.390244,0.0243902
544,0.0227273,0.318182,0.318182,0.0227273,0.0681818,0.25
545,0.0027248,0.0926431,0.119891,0.117166,0.446866,0.220708
546,0.0434783,0.391304,0.0434783,0.0434783,0.347826,0.130435
547,0.0344828,0.0344828,0.103448,0.103448,0.37931,0.344828
548,0.0294118,0.294118,0.176471,0.0294118,0.235294,0.235294
549,0.025641,0.102564,0.501832,0.014652,0.18315,0.172161
550,0.125,0.375,0.125,0.125,0.125,0.125
551,0.030303,0.363636,0.242424,0.0606061,0.212121,0.0909091
552,0.0541667,0.158333,0.025,0.2875,0.154167,0.320833
553,0.0714286,0.642857,0.0714286,0.0714286,0.0714286,0.0714286
554,0.0769231,0.615385,0.0769231,0.0769231,0.0769231,0.0769231
555,0.015,0.19,0.605,0.005,0.18,0.005
556,0.0909091,0.545455,0.0909091,0.0909091,0.0909091,0.0909091
557,0.375,0.25,0.0625,0.1875,0.0625,0.0625
558,0.125,0.375,0.125,0.125,0.125,0.125
559,0.00854701,0.145299,0.410256,0.00854701,0.393162,0.034188
560,0.037037,0.592593,0.037037,0.037037,0.259259,0.037037
561,0.0204082,0.367347,0.183673,0.0612245,0.142857,0.22449
562,0.295711,0.151242,0.437923,0.00902935,0.0586907,0.0474041
563,0.00369004,0.0885609,0.428044,0.0258303,0.228782,0.225092
564,0.0121951,0.439024,0.243902,0.0121951,0.109756,0.182927
565,0.08,0.176,0.208,0.048,0.368,0.12
566,0.0344828,0.198276,0.344828,0.00862069,0.37931,0.0344828
567,0.0769231,0.615385,0.0769231,0.0769231,0.0769231,0.0769231
568,0.2,0.366667,0.0333333,0.0333333,0.2,0.166667
569,0.2,0.4,0.1,0.1,0.1,0.1
570,0.0909091,0.545455,0.0909091,0.0909091,0.0909091,0.0909091
571,0.0555556,0.037037,0.0925926,0.0555556,0.203704,0.555556
572,0.0657277,0.150235,0.084507,0.0187793,0.342723,0.338028
573,0.0909091,0.545455,0.0909091,0.0909091,0.0909091,0.0909091
574,0.183673,0.408163,0.204082,0.0612245,0.0408163,0.102041
575,0.0130719,0.143791,0.0522876,0.0392157,0.372549,0.379085
576,0.00826446,0.140496,0.107438,0.00826446,0.322314,0.413223
577,0.111111,0.444444,0.111111,0.111111,0.111111,0.111111
578,0.0588235,0.176471,0.117647,0.0588235,0.470588,0.117647
579,0.0944882,0.204724,0.023622,0.0551181,0.259843,0.362205
580,0.111111,0.444444,0.111111,0.111111,0.111111,0.111111
581,0.037037,0.814815,0.037037,0.037037,0.037037,0.037037
582,0.0833333,0.5,0.0833333,0.0833333,0.166667,0.0833333
583,0.0181818,0.209091,0.172727,0.00909091,0.445455,0.145455
584,0.0212766,0.148936,0.191489,0.0425532,0.404255,0.191489
585,0.00573888,0.0645624,0.713056,0.00573888,0.126255,0.0846485
586,0.0833333,0.583333,0.0833333,0.0833333,0.0833333,0.0833333
587,0.1,0.5,0.1,0.1,0.1,0.1
588,0.0714286,0.642857,0.0714286,0.0714286,0.0714286,0.0714286
589,0.0138889,0.152778,0.125,0.347222,0.0277778,0.333333
590,0.142857,0.285714,0.142857,0.142857,0.142857,0.142857
591,0.0208333,0.375,0.145833,0.0208333,0.416667,0.0208333
592,0.125,0.375,0.125,0.125,0.125,0.125
593,0.111111,0.444444,0.111111,0.111111,0.111111,0.111111
594,0.00917431,0.0366972,0.0825688,0.00917431,0.669725,0.192661
595,0.0769231,0.615385,0.0769231,0.0769231,0.0769231,0.0769231
596,0.0666667,0.666667,0.0666667,0.0666667,0.0666667,0.0666667
597,0.00763359,0.236641,0.282443,0.00763359,0.335878,0.129771
598,0.25,0.5,0.0625,0.0625,0.0625,0.0625
599,0.0208333,0.479167,0.0625,0.0208333,0.25,0.166667
600,0.1,0.2,0.1,0.1,0.2,0.3
601,0.1,0.5,0.1,0.1,0.1,0.1
602,0.04,0.64,0.08,0.04,0.12,0.08
603,0.0714286,0.642857,0.0714286,0.0714286,0.0714286,0.0714286
604,0.0232558,0.325581,0.302326,0.0232558,0.0930233,0.232558
605,0.047619,0.380952,0.047619,0.047619,0.333333,0.142857
606,0.0909091,0.545455,0.0909091,0.0909091,0.0909091,0.0909091
607,0.166667,0.25,0.194444,0.0277778,0.25,0.111111
608,0.147059,0.735294,0.0294118,0.0294118,0.0294118,0.0294118
609,0.0833333,0.291667,0.25,0.0208333,0.145833,0.208333
610,0.111111,0.444444,0.111111,0.111111,0.111111,0.111111
611,0.0454545,0.454545,0.0454545,0.0454545,0.363636,0.0454545
612,0.169014,0.133803,0.0387324,0.169014,0.211268,0.278169
613,0.308824,0.352941,0.0735294,0.0147059,0.161765,0.0882353
614,0.0526316,0.578947,0.210526,0.0526316,0.0526316,0.0526316
615,0.111111,0.444444,0.111111,0.111111,0.111111,0.111111
616,0.0909091,0.545455,0.0909091,0.0909091,0.0909091,0.0909091
617,0.0555556,0.333333,0.444444,0.0555556,0.0555556,0.0555556
618,0.0526316,0.315789,0.105263,0.0526316,0.421053,0.0526316
619,0.188889,0.366667,0.255556,0.0111111,0.1,0.0777778
