1,1353515213568,2012-11-21 11:26:53 UTC,2012-11-21
2,1410522026656,2014-09-12 07:40:26 UTC,2014-09-12
3,1381407555430,2013-10-10 08:19:15 UTC,2013-10-10
4,1384651714199,2013-11-16 20:28:34 UTC,2013-11-16
5,1406207091379,2014-07-24 09:04:51 UTC,2014-07-24
6,1376652205154,2013-08-16 07:23:25 UTC,2013-08-16
7,1382479702550,2013-10-22 18:08:22 UTC,2013-10-22
8,1381456053129,2013-10-10 21:47:33 UTC,2013-10-10
9,1380101393791,2013-09-25 05:29:53 UTC,2013-09-25
10,1398356602546,2014-04-24 12:23:22 UTC,2014-04-24
11,1406530598390,2014-07-28 02:56:38 UTC,2014-07-28
12,1355758149220,2012-12-17 10:29:09 UTC,2012-12-17
13,1382964833077,2013-10-28 08:53:53 UTC,2013-10-28
14,1404392191767,2014-07-03 08:56:31 UTC,2014-07-03
15,1381244203966,2013-10-08 10:56:43 UTC,2013-10-08
16,1385589446740,2013-11-27 16:57:26 UTC,2013-11-27
17,1402039922736,2014-06-06 03:32:02 UTC,2014-06-06
18,1399038115900,2014-05-02 09:41:55 UTC,2014-05-02
19,1398691728757,2014-04-28 09:28:48 UTC,2014-04-28
20,1380054732549,2013-09-24 16:32:12 UTC,2013-09-24
21,1370206449858,2013-06-02 16:54:09 UTC,2013-06-02
22,1391432209736,2014-02-03 07:56:49 UTC,2014-02-03
23,1395858450068,2014-03-26 14:27:30 UTC,2014-03-26
24,1371828484623,2013-06-21 11:28:04 UTC,2013-06-21
25,1383567835886,2013-11-04 07:23:55 UTC,2013-11-04
26,1384841252929,2013-11-19 01:07:32 UTC,2013-11-19
27,1380610142723,2013-10-01 02:49:02 UTC,2013-10-01
28,1398259854545,2014-04-23 09:30:54 UTC,2014-04-23
29,1381226422349,2013-10-08 06:00:22 UTC,2013-10-08
30,1368792191771,2013-05-17 08:03:11 UTC,2013-05-17
31,1378903432704,2013-09-11 08:43:52 UTC,2013-09-11
32,1409042504841,2014-08-26 04:41:44 UTC,2014-08-26
33,1405415534121,2014-07-15 05:12:14 UTC,2014-07-15
34,1405542378232,2014-07-16 16:26:18 UTC,2014-07-16
35,1410897512995,2014-09-16 15:58:32 UTC,2014-09-16
36,1400681578839,2014-05-21 10:12:58 UTC,2014-05-21
37,1361855159951,2013-02-26 00:05:59 UTC,2013-02-26
38,1402417957858,2014-06-10 12:32:37 UTC,2014-06-10
39,1386932829930,2013-12-13 06:07:09 UTC,2013-12-13
40,1391536345222,2014-02-04 12:52:25 UTC,2014-02-04
41,1403645858162,2014-06-24 17:37:38 UTC,2014-06-24
42,1373297120386,2013-07-08 11:25:20 UTC,2013-07-08
43,1386931284584,2013-12-13 05:41:24 UTC,2013-12-13
44,1396736773011,2014-04-05 18:26:13 UTC,2014-04-05
45,1379596778301,2013-09-19 09:19:38 UTC,2013-09-19
46,1378708035931,2013-09-09 02:27:15 UTC,2013-09-09
47,1393589865495,2014-02-28 07:17:45 UTC,2014-02-28
48,1394791887107,2014-03-14 06:11:27 UTC,2014-03-14
49,1410634598993,2014-09-13 14:56:38 UTC,2014-09-13
50,1391758745782,2014-02-07 02:39:05 UTC,2014-02-07
51,1381910695011,2013-10-16 04:04:55 UTC,2013-10-16
52,1368618261444,2013-05-15 07:44:21 UTC,2013-05-15
53,1407931562940,2014-08-13 08:06:02 UTC,2014-08-13
54,1404402553400,2014-07-03 11:49:13 UTC,2014-07-03
55,1400121263690,2014-05-14 22:34:23 UTC,2014-05-14
56,1393944098054,2014-03-04 09:41:38 UTC,2014-03-04
57,1379313917798,2013-09-16 02:45:17 UTC,2013-09-16
58,1390908047678,2014-01-28 06:20:47 UTC,2014-01-28
59,1404140060557,2014-06-30 10:54:20 UTC,2014-06-30
60,1383323053452,2013-11-01 12:24:13 UTC,2013-11-01
61,1403085035250,2014-06-18 05:50:35 UTC,2014-06-18
62,1395149052072,2014-03-18 09:24:12 UTC,2014-03-18
63,1390574064463,2014-01-24 09:34:24 UTC,2014-01-24
64,1380807493853,2013-10-03 09:38:13 UTC,2013-10-03
65,1399645205459,2014-05-09 10:20:05 UTC,2014-05-09
66,1396619429845,2014-04-04 09:50:29 UTC,2014-04-04
67,1373976729180,2013-07-16 08:12:09 UTC,2013-07-16
68,1407401242326,2014-08-07 04:47:22 UTC,2014-08-07
69,1410692421653,2014-09-14 07:00:21 UTC,2014-09-14
70,1379583926486,2013-09-19 05:45:26 UTC,2013-09-19
71,1367213901979,2013-04-29 01:38:21 UTC,2013-04-29
72,1402668461429,2014-06-13 10:07:41 UTC,2014-06-13
73,1383568635649,2013-11-04 07:37:15 UTC,2013-11-04
74,1394158740228,2014-03-06 21:19:00 UTC,2014-03-06
75,1395242921540,2014-03-19 11:28:41 UTC,2014-03-19
76,1379065074699,2013-09-13 05:37:54 UTC,2013-09-13
77,1243865062936,2009-06-01 10:04:22 UTC,2009-06-01
78,1402674732594,2014-06-13 11:52:12 UTC,2014-06-13
79,1383563886316,2013-11-04 06:18:06 UTC,2013-11-04
80,1362044946547,2013-02-28 04:49:06 UTC,2013-02-28
81,1408011281940,2014-08-14 06:14:41 UTC,2014-08-14
82,1391615062566,2014-02-05 10:44:22 UTC,2014-02-05
83,1404904674709,2014-07-09 07:17:54 UTC,2014-07-09
84,1406530211987,2014-07-28 02:50:11 UTC,2014-07-28
85,1392903801756,2014-02-20 08:43:21 UTC,2014-02-20
86,1400162921592,2014-05-15 10:08:41 UTC,2014-05-15
87,1381871830000,2013-10-15 17:17:10 UTC,2013-10-15
88,1256130794288,2009-10-21 09:13:14 UTC,2009-10-21
89,1390331432311,2014-01-21 14:10:32 UTC,2014-01-21
90,1380046983326,2013-09-24 14:23:03 UTC,2013-09-24
91,1362481252807,2013-03-05 06:00:52 UTC,2013-03-05
92,1408052445451,2014-08-14 17:40:45 UTC,2014-08-14
93,1401972523800,2014-06-05 08:48:43 UTC,2014-06-05
94,1386687895967,2013-12-10 10:04:55 UTC,2013-12-10
95,1379421312537,2013-09-17 08:35:12 UTC,2013-09-17
96,1404197287220,2014-07-01 02:48:07 UTC,2014-07-01
97,1348818723053,2012-09-28 03:52:03 UTC,2012-09-28
98,1400224960521,2014-05-16 03:22:40 UTC,2014-05-16
99,1379684989117,2013-09-20 09:49:49 UTC,2013-09-20
100,1396531559161,2014-04-03 09:25:59 UTC,2014-04-03
101,1406530756176,2014-07-28 02:59:16 UTC,2014-07-28
102,1396845061155,2014-04-07 00:31:01 UTC,2014-04-07
103,1353350950152,2012-11-19 13:49:10 UTC,2012-11-19
104,1400602659896,2014-05-20 12:17:39 UTC,2014-05-20
105,1381402818120,2013-10-10 07:00:18 UTC,2013-10-10
106,1369755818367,2013-05-28 11:43:38 UTC,2013-05-28
107,1401393950638,2014-05-29 16:05:50 UTC,2014-05-29
108,1410242776537,2014-09-09 02:06:16 UTC,2014-09-09
109,1396616724901,2014-04-04 09:05:24 UTC,2014-04-04
110,1379931546400,2013-09-23 06:19:06 UTC,2013-09-23
111,1364912785290,2013-04-02 10:26:25 UTC,2013-04-02
112,1383750181123,2013-11-06 10:03:01 UTC,2013-11-06
113,1378459940764,2013-09-06 05:32:20 UTC,2013-09-06
114,1383909468616,2013-11-08 06:17:48 UTC,2013-11-08
115,1385555790942,2013-11-27 07:36:30 UTC,2013-11-27
116,1393624985714,2014-02-28 17:03:05 UTC,2014-02-28
117,1401430924375,2014-05-30 02:22:04 UTC,2014-05-30
118,1402487853748,2014-06-11 07:57:33 UTC,2014-06-11
119,1400050369462,2014-05-14 02:52:49 UTC,2014-05-14
120,1401873352364,2014-06-04 05:15:52 UTC,2014-06-04
121,1342537337426,2012-07-17 11:02:17 UTC,2012-07-17
122,1393843402853,2014-03-03 05:43:22 UTC,2014-03-03
123,1379594235059,2013-09-19 08:37:15 UTC,2013-09-19
124,1404725934651,2014-07-07 05:38:54 UTC,2014-07-07
125,1399298679747,2014-05-05 10:04:39 UTC,2014-05-05
126,1406529171265,2014-07-28 02:32:51 UTC,2014-07-28
127,1407163297834,2014-08-04 10:41:37 UTC,2014-08-04
128,1403281252553,2014-06-20 12:20:52 UTC,2014-06-20
129,1380194746981,2013-09-26 07:25:46 UTC,2013-09-26
130,1371831026650,2013-06-21 12:10:26 UTC,2013-06-21
131,1391423678195,2014-02-03 05:34:38 UTC,2014-02-03
132,1398333297254,2014-04-24 05:54:57 UTC,2014-04-24
133,1400674082144,2014-05-21 08:08:02 UTC,2014-05-21
134,1381506296055,2013-10-11 11:44:56 UTC,2013-10-11
135,1362569266182,2013-03-06 06:27:46 UTC,2013-03-06
136,1374145236137,2013-07-18 07:00:36 UTC,2013-07-18
137,1410174585172,2014-09-08 07:09:45 UTC,2014-09-08
138,1407310974970,2014-08-06 03:42:54 UTC,2014-08-06
139,1401394250750,2014-05-29 16:10:50 UTC,2014-05-29
140,1385418311743,2013-11-25 17:25:11 UTC,2013-11-25
141,1395224662155,2014-03-19 06:24:22 UTC,2014-03-19
142,1382964353545,2013-10-28 08:45:53 UTC,2013-10-28
143,1400588743320,2014-05-20 08:25:43 UTC,2014-05-20
144,1406531835261,2014-07-28 03:17:15 UTC,2014-07-28
145,1378458896233,2013-09-06 05:14:56 UTC,2013-09-06
146,1394713212259,2014-03-13 08:20:12 UTC,2014-03-13
147,1397426865475,2014-04-13 18:07:45 UTC,2014-04-13
148,1384561807740,2013-11-15 19:30:07 UTC,2013-11-15
149,1398150903719,2014-04-22 03:15:03 UTC,2014-04-22
150,1376307774025,2013-08-12 07:42:54 UTC,2013-08-12
151,1407310195871,2014-08-06 03:29:55 UTC,2014-08-06
152,1399037202960,2014-05-02 09:26:42 UTC,2014-05-02
153,1406529345073,2014-07-28 02:35:45 UTC,2014-07-28
154,1396366804361,2014-04-01 11:40:04 UTC,2014-04-01
155,1408430109708,2014-08-19 02:35:09 UTC,2014-08-19
156,1408473341525,2014-08-19 14:35:41 UTC,2014-08-19
157,1382099872386,2013-10-18 08:37:52 UTC,2013-10-18
158,1392741658429,2014-02-18 11:40:58 UTC,2014-02-18
159,1410816664434,2014-09-15 17:31:04 UTC,2014-09-15
160,1406530395343,2014-07-28 02:53:15 UTC,2014-07-28
161,1390992245732,2014-01-29 05:44:05 UTC,2014-01-29
162,1406537700783,2014-07-28 04:55:00 UTC,2014-07-28
163,1376063155107,2013-08-09 11:45:55 UTC,2013-08-09
164,1366225143592,2013-04-17 14:59:03 UTC,2013-04-17
165,1310362577851,2011-07-11 01:36:17 UTC,2011-07-11
166,1394548752740,2014-03-11 10:39:12 UTC,2014-03-11
167,1382184800585,2013-10-19 08:13:20 UTC,2013-10-19
168,1403882544530,2014-06-27 11:22:24 UTC,2014-06-27
169,1391517455652,2014-02-04 07:37:35 UTC,2014-02-04
170,1400681988051,2014-05-21 10:19:48 UTC,2014-05-21
171,1405601605294,2014-07-17 08:53:25 UTC,2014-07-17
172,1367870449801,2013-05-06 16:00:49 UTC,2013-05-06
173,1403623954085,2014-06-24 11:32:34 UTC,2014-06-24
174,1407414368676,2014-08-07 08:26:08 UTC,2014-08-07
175,1401195162711,2014-05-27 08:52:42 UTC,2014-05-27
176,1409311662476,2014-08-29 07:27:42 UTC,2014-08-29
177,1372359759349,2013-06-27 15:02:39 UTC,2013-06-27
178,1407163106258,2014-08-04 10:38:26 UTC,2014-08-04
179,1403704965408,2014-06-25 10:02:45 UTC,2014-06-25
180,1410685877892,2014-09-14 05:11:17 UTC,2014-09-14
181,1379067025652,2013-09-13 06:10:25 UTC,2013-09-13
182,1399552012905,2014-05-08 08:26:52 UTC,2014-05-08
183,1401874496909,2014-06-04 05:34:56 UTC,2014-06-04
184,1374145334417,2013-07-18 07:02:14 UTC,2013-07-18
185,1399028032035,2014-05-02 06:53:52 UTC,2014-05-02
186,1401203500517,2014-05-27 11:11:40 UTC,2014-05-27
187,1407961784175,2014-08-13 16:29:44 UTC,2014-08-13
188,1380696746864,2013-10-02 02:52:26 UTC,2013-10-02
189,1393957749863,2014-03-04 13:29:09 UTC,2014-03-04
190,1380101477960,2013-09-25 05:31:17 UTC,2013-09-25
191,1397499935969,2014-04-14 14:25:35 UTC,2014-04-14
192,1403528923878,2014-06-23 09:08:43 UTC,2014-06-23
193,1380888307345,2013-10-04 08:05:07 UTC,2013-10-04
194,1371556522086,2013-06-18 07:55:22 UTC,2013-06-18
195,1393586582742,2014-02-28 06:23:02 UTC,2014-02-28
196,1391700084195,2014-02-06 10:21:24 UTC,2014-02-06
197,1382520471448,2013-10-23 05:27:51 UTC,2013-10-23
198,1405967187599,2014-07-21 14:26:27 UTC,2014-07-21
199,1382011354091,2013-10-17 08:02:34 UTC,2013-10-17
200,1394259731727,2014-03-08 01:22:11 UTC,2014-03-08
201,1379113182904,2013-09-13 18:59:42 UTC,2013-09-13
202,1376302223537,2013-08-12 06:10:23 UTC,2013-08-12
203,1401973167379,2014-06-05 08:59:27 UTC,2014-06-05
204,1383235353548,2013-10-31 12:02:33 UTC,2013-10-31
205,1393234622585,2014-02-24 04:37:02 UTC,2014-02-24
206,1337384630814,2012-05-18 19:43:50 UTC,2012-05-18
207,1406931297436,2014-08-01 18:14:57 UTC,2014-08-01
208,1404120979797,2014-06-30 05:36:19 UTC,2014-06-30
209,1406530969826,2014-07-28 03:02:49 UTC,2014-07-28
210,1395909378985,2014-03-27 04:36:18 UTC,2014-03-27
211,1409556925554,2014-09-01 03:35:25 UTC,2014-09-01
212,1386988155243,2013-12-13 21:29:15 UTC,2013-12-13
213,1394704603649,2014-03-13 05:56:43 UTC,2014-03-13
214,1390633593276,2014-01-25 02:06:33 UTC,2014-01-25
215,1367825677839,2013-05-06 03:34:37 UTC,2013-05-06
216,1404294905079,2014-07-02 05:55:05 UTC,2014-07-02
217,1362389919832,2013-03-04 04:38:39 UTC,2013-03-04
218,1372668181662,2013-07-01 04:43:01 UTC,2013-07-01
219,1395171065048,2014-03-18 15:31:05 UTC,2014-03-18
220,1402997861985,2014-06-17 05:37:41 UTC,2014-06-17
221,1380628697367,2013-10-01 07:58:17 UTC,2013-10-01
222,1393837716334,2014-03-03 04:08:36 UTC,2014-03-03
223,1402993210203,2014-06-17 04:20:10 UTC,2014-06-17
224,1398672383828,2014-04-28 04:06:23 UTC,2014-04-28
225,1373965264261,2013-07-16 05:01:04 UTC,2013-07-16
226,1397724746342,2014-04-17 04:52:26 UTC,2014-04-17
227,1380032061847,2013-09-24 10:14:21 UTC,2013-09-24
228,1410244813598,2014-09-09 02:40:13 UTC,2014-09-09
229,1400145258126,2014-05-15 05:14:18 UTC,2014-05-15
230,1385069279734,2013-11-21 16:27:59 UTC,2013-11-21
231,1405971090675,2014-07-21 15:31:30 UTC,2014-07-21
232,1403601700987,2014-06-24 05:21:40 UTC,2014-06-24
233,1408957575538,2014-08-25 05:06:15 UTC,2014-08-25
234,1407660975243,2014-08-10 04:56:15 UTC,2014-08-10
235,1360227162736,2013-02-07 03:52:42 UTC,2013-02-07
236,1379710341732,2013-09-20 16:52:21 UTC,2013-09-20
237,1408711733311,2014-08-22 08:48:53 UTC,2014-08-22
238,1400042287345,2014-05-14 00:38:07 UTC,2014-05-14
239,1363088475496,2013-03-12 07:41:15 UTC,2013-03-12
240,1369335487503,2013-05-23 14:58:07 UTC,2013-05-23
241,1284139057507,2010-09-10 13:17:37 UTC,2010-09-10
242,1410875972649,2014-09-16 09:59:32 UTC,2014-09-16
243,1408883230177,2014-08-24 08:27:10 UTC,2014-08-24
244,1386594513541,2013-12-09 08:08:33 UTC,2013-12-09
245,1410265733318,2014-09-09 08:28:53 UTC,2014-09-09
246,1406037631217,2014-07-22 10:00:31 UTC,2014-07-22
247,1382435437548,2013-10-22 05:50:37 UTC,2013-10-22
248,1403089848087,2014-06-18 07:10:48 UTC,2014-06-18
249,1404491056304,2014-07-04 12:24:16 UTC,2014-07-04
250,1379074875247,2013-09-13 08:21:15 UTC,2013-09-13
251,1409746400371,2014-09-03 08:13:20 UTC,2014-09-03
252,1392753865750,2014-02-18 15:04:25 UTC,2014-02-18
253,1362921395742,2013-03-10 09:16:35 UTC,2013-03-10
254,1362392741081,2013-03-04 05:25:41 UTC,2013-03-04
255,1406107158085,2014-07-23 05:19:18 UTC,2014-07-23
256,1379420581839,2013-09-17 08:23:01 UTC,2013-09-17
257,1408542596596,2014-08-20 09:49:56 UTC,2014-08-20
258,1369838475831,2013-05-29 10:41:15 UTC,2013-05-29
259,1389005518623,2014-01-06 05:51:58 UTC,2014-01-06
260,1385534177698,2013-11-27 01:36:17 UTC,2013-11-27
261,1400682449993,2014-05-21 10:27:29 UTC,2014-05-21
262,1402606088800,2014-06-12 16:48:08 UTC,2014-06-12
263,1405004484913,2014-07-10 11:01:24 UTC,2014-07-10
264,1384776864848,2013-11-18 07:14:24 UTC,2013-11-18
265,1380106083919,2013-09-25 06:48:03 UTC,2013-09-25
266,1395148028817,2014-03-18 09:07:08 UTC,2014-03-18
267,1401292516010,2014-05-28 11:55:16 UTC,2014-05-28
268,1401971557681,2014-06-05 08:32:37 UTC,2014-06-05
269,1398338943475,2014-04-24 07:29:03 UTC,2014-04-24
270,1392363310730,2014-02-14 02:35:10 UTC,2014-02-14
271,1379432642869,2013-09-17 11:44:02 UTC,2013-09-17
272,1405452955622,2014-07-15 15:35:55 UTC,2014-07-15
273,1392014200893,2014-02-10 01:36:40 UTC,2014-02-10
274,1364333180988,2013-03-26 17:26:20 UTC,2013-03-26
275,1378284722324,2013-09-04 04:52:02 UTC,2013-09-04
276,1410707607720,2014-09-14 11:13:27 UTC,2014-09-14
277,1404723974187,2014-07-07 05:06:14 UTC,2014-07-07
278,1402380627430,2014-06-10 02:10:27 UTC,2014-06-10
279,1371830093532,2013-06-21 11:54:53 UTC,2013-06-21
280,1404289613277,2014-07-02 04:26:53 UTC,2014-07-02
281,1382614676612,2013-10-24 07:37:56 UTC,2013-10-24
282,1380916498929,2013-10-04 15:54:58 UTC,2013-10-04
283,1380784849502,2013-10-03 03:20:49 UTC,2013-10-03
284,1403772632969,2014-06-26 04:50:32 UTC,2014-06-26
285,1365431579272,2013-04-08 10:32:59 UTC,2013-04-08
286,1404229230020,2014-07-01 11:40:30 UTC,2014-07-01
287,1396432682451,2014-04-02 05:58:02 UTC,2014-04-02
288,1403687601796,2014-06-25 05:13:21 UTC,2014-06-25
289,1379191363194,2013-09-14 16:42:43 UTC,2013-09-14
290,1391076575751,2014-01-30 05:09:35 UTC,2014-01-30
291,1376059740305,2013-08-09 10:49:00 UTC,2013-08-09
292,1406529837633,2014-07-28 02:43:57 UTC,2014-07-28
293,1369753415996,2013-05-28 11:03:35 UTC,2013-05-28
294,1351691975455,2012-10-31 09:59:35 UTC,2012-10-31
295,1395271237781,2014-03-19 19:20:37 UTC,2014-03-19
296,1401269580039,2014-05-28 05:33:00 UTC,2014-05-28
297,1410788127189,2014-09-15 09:35:27 UTC,2014-09-15
298,1410005389624,2014-09-06 08:09:49 UTC,2014-09-06
299,1383730571017,2013-11-06 04:36:11 UTC,2013-11-06
300,1405410977631,2014-07-15 03:56:17 UTC,2014-07-15
301,1380194739060,2013-09-26 07:25:39 UTC,2013-09-26
302,1389858401977,2014-01-16 02:46:41 UTC,2014-01-16
303,1380847837386,2013-10-03 20:50:37 UTC,2013-10-03
304,1376045016790,2013-08-09 06:43:36 UTC,2013-08-09
305,1371830639338,2013-06-21 12:03:59 UTC,2013-06-21
306,1362130976619,2013-03-01 04:42:56 UTC,2013-03-01
307,1404723853115,2014-07-07 05:04:13 UTC,2014-07-07
308,1409234396280,2014-08-28 09:59:56 UTC,2014-08-28
309,1404984435518,2014-07-10 05:27:15 UTC,2014-07-10
310,1396635624405,2014-04-04 14:20:24 UTC,2014-04-04
311,1409301590138,2014-08-29 04:39:50 UTC,2014-08-29
312,1387804977052,2013-12-23 08:22:57 UTC,2013-12-23
313,1379928838389,2013-09-23 05:33:58 UTC,2013-09-23
314,1391685371603,2014-02-06 06:16:11 UTC,2014-02-06
315,1393264984671,2014-02-24 13:03:04 UTC,2014-02-24
316,1370859326228,2013-06-10 06:15:26 UTC,2013-06-10
317,1394707917911,2014-03-13 06:51:57 UTC,2014-03-13
318,1384317248652,2013-11-12 23:34:08 UTC,2013-11-12
319,1383232050534,2013-10-31 11:07:30 UTC,2013-10-31
320,1371830387465,2013-06-21 11:59:47 UTC,2013-06-21
321,1405936114884,2014-07-21 05:48:34 UTC,2014-07-21
322,1380130662835,2013-09-25 13:37:42 UTC,2013-09-25
323,1386931385950,2013-12-13 05:43:05 UTC,2013-12-13
324,1403617580811,2014-06-24 09:46:20 UTC,2014-06-24
325,1379935862902,2013-09-23 07:31:02 UTC,2013-09-23
326,1380314634732,2013-09-27 16:43:54 UTC,2013-09-27
327,1365767178686,2013-04-12 07:46:18 UTC,2013-04-12
328,1400140707401,2014-05-15 03:58:27 UTC,2014-05-15
329,1407337988639,2014-08-06 11:13:08 UTC,2014-08-06
330,1213403205966,2008-06-13 20:26:45 UTC,2008-06-13
331,1393869115715,2014-03-03 12:51:55 UTC,2014-03-03
332,1362921029872,2013-03-10 09:10:29 UTC,2013-03-10
333,1392386635280,2014-02-14 09:03:55 UTC,2014-02-14
334,1402047277081,2014-06-06 05:34:37 UTC,2014-06-06
335,1398941190807,2014-05-01 06:46:30 UTC,2014-05-01
336,1408461858595,2014-08-19 11:24:18 UTC,2014-08-19
337,1379516268132,2013-09-18 10:57:48 UTC,2013-09-18
338,1218175674695,2008-08-08 02:07:54 UTC,2008-08-08
339,1396541394003,2014-04-03 12:09:54 UTC,2014-04-03
340,1305737809232,2011-05-18 12:56:49 UTC,2011-05-18
341,1390924451306,2014-01-28 10:54:11 UTC,2014-01-28
342,1401800416446,2014-06-03 09:00:16 UTC,2014-06-03
343,1380547981595,2013-09-30 09:33:01 UTC,2013-09-30
344,1379083170546,2013-09-13 10:39:30 UTC,2013-09-13
345,1383663342663,2013-11-05 09:55:42 UTC,2013-11-05
346,1380022771174,2013-09-24 07:39:31 UTC,2013-09-24
347,1381455559141,2013-10-10 21:39:19 UTC,2013-10-10
348,1400681302056,2014-05-21 10:08:22 UTC,2014-05-21
349,1388746295577,2014-01-03 05:51:35 UTC,2014-01-03
350,1407963044186,2014-08-13 16:50:44 UTC,2014-08-13
351,1380104666221,2013-09-25 06:24:26 UTC,2013-09-25
352,1406031252792,2014-07-22 08:14:12 UTC,2014-07-22
353,1407339987071,2014-08-06 11:46:27 UTC,2014-08-06
354,1378726594653,2013-09-09 07:36:34 UTC,2013-09-09
355,1400072856097,2014-05-14 09:07:36 UTC,2014-05-14
356,1392368011366,2014-02-14 03:53:31 UTC,2014-02-14
357,1406529506999,2014-07-28 02:38:26 UTC,2014-07-28
358,1352990595783,2012-11-15 09:43:15 UTC,2012-11-15
359,1375802207528,2013-08-06 11:16:47 UTC,2013-08-06
360,1375102238795,2013-07-29 08:50:38 UTC,2013-07-29
361,1266845022568,2010-02-22 08:23:42 UTC,2010-02-22
362,1379603160319,2013-09-19 11:06:00 UTC,2013-09-19
363,1395668232143,2014-03-24 09:37:12 UTC,2014-03-24
364,1403878442423,2014-06-27 10:14:02 UTC,2014-06-27
365,1382185256627,2013-10-19 08:20:56 UTC,2013-10-19
366,1393760518463,2014-03-02 06:41:58 UTC,2014-03-02
367,1379533578095,2013-09-18 15:46:18 UTC,2013-09-18
368,1392912266572,2014-02-20 11:04:26 UTC,2014-02-20
369,1380194803873,2013-09-26 07:26:43 UTC,2013-09-26
370,1400596840321,2014-05-20 10:40:40 UTC,2014-05-20
371,1392368658008,2014-02-14 04:04:18 UTC,2014-02-14
372,1399299318145,2014-05-05 10:15:18 UTC,2014-05-05
373,1393869199217,2014-03-03 12:53:19 UTC,2014-03-03
374,1394804412371,2014-03-14 09:40:12 UTC,2014-03-14
375,1380194785445,2013-09-26 07:26:25 UTC,2013-09-26
376,1401801809006,2014-06-03 09:23:29 UTC,2014-06-03
377,1395251465523,2014-03-19 13:51:05 UTC,2014-03-19
378,1400072873446,2014-05-14 09:07:53 UTC,2014-05-14
379,1382342679843,2013-10-21 04:04:39 UTC,2013-10-21
380,1380104882185,2013-09-25 06:28:02 UTC,2013-09-25
381,1405541277764,2014-07-16 16:07:57 UTC,2014-07-16
382,1375368158573,2013-08-01 10:42:38 UTC,2013-08-01
383,1225923401204,2008-11-05 17:16:41 UTC,2008-11-05
384,1408019890288,2014-08-14 08:38:10 UTC,2014-08-14
385,1404554254543,2014-07-05 05:57:34 UTC,2014-07-05
386,1363264060587,2013-03-14 08:27:40 UTC,2013-03-14
387,1306218400320,2011-05-24 02:26:40 UTC,2011-05-24
388,1406528946444,2014-07-28 02:29:06 UTC,2014-07-28
389,1404119805708,2014-06-30 05:16:45 UTC,2014-06-30
390,1400584323686,2014-05-20 07:12:03 UTC,2014-05-20
391,1402584099054,2014-06-12 10:41:39 UTC,2014-06-12
392,1396968573163,2014-04-08 10:49:33 UTC,2014-04-08
393,1383096364699,2013-10-29 21:26:04 UTC,2013-10-29
394,1398273728351,2014-04-23 13:22:08 UTC,2014-04-23
395,1397649540705,2014-04-16 07:59:00 UTC,2014-04-16
396,1361857320718,2013-02-26 00:42:00 UTC,2013-02-26
397,1329844368165,2012-02-21 12:12:48 UTC,2012-02-21
398,1389862398469,2014-01-16 03:53:18 UTC,2014-01-16
399,1406529675271,2014-07-28 02:41:15 UTC,2014-07-28
400,1402929606937,2014-06-16 10:40:06 UTC,2014-06-16
401,1396645133643,2014-04-04 16:58:53 UTC,2014-04-04
402,1388759881737,2014-01-03 09:38:01 UTC,2014-01-03
403,1390827620008,2014-01-27 08:00:20 UTC,2014-01-27
404,1398693531133,2014-04-28 09:58:51 UTC,2014-04-28
405,1399548813152,2014-05-08 07:33:33 UTC,2014-05-08
406,1410895470091,2014-09-16 15:24:30 UTC,2014-09-16
407,1400595817361,2014-05-20 10:23:37 UTC,2014-05-20
408,1380230265112,2013-09-26 17:17:45 UTC,2013-09-26
409,1403619928292,2014-06-24 10:25:28 UTC,2014-06-24
410,1400670507840,2014-05-21 07:08:27 UTC,2014-05-21
411,1377003974632,2013-08-20 09:06:14 UTC,2013-08-20
412,1384172553495,2013-11-11 07:22:33 UTC,2013-11-11
413,1380057593336,2013-09-24 17:19:53 UTC,2013-09-24
414,1393262878631,2014-02-24 12:27:58 UTC,2014-02-24
415,1401797862112,2014-06-03 08:17:42 UTC,2014-06-03
416,1383569828942,2013-11-04 07:57:08 UTC,2013-11-04
417,1394026628090,2014-03-05 08:37:08 UTC,2014-03-05
418,1386557103215,2013-12-08 21:45:03 UTC,2013-12-08
419,1402671018655,2014-06-13 10:50:18 UTC,2014-06-13
420,1373615842924,2013-07-12 03:57:22 UTC,2013-07-12
421,1392138996144,2014-02-11 12:16:36 UTC,2014-02-11
422,1385555251856,2013-11-27 07:27:31 UTC,2013-11-27
423,1379591955583,2013-09-19 07:59:15 UTC,2013-09-19
424,1382530710212,2013-10-23 08:18:30 UTC,2013-10-23
425,1401969781776,2014-06-05 08:03:01 UTC,2014-06-05
426,1389879713716,2014-01-16 08:41:53 UTC,2014-01-16
427,1361768335516,2013-02-24 23:58:55 UTC,2013-02-24
428,1392035626007,2014-02-10 07:33:46 UTC,2014-02-10
429,1364604144023,2013-03-29 20:42:24 UTC,2013-03-29
430,1379945649767,2013-09-23 10:14:09 UTC,2013-09-23
431,1383917994669,2013-11-08 08:39:54 UTC,2013-11-08
432,1391037888991,2014-01-29 18:24:48 UTC,2014-01-29
433,1382371066210,2013-10-21 11:57:46 UTC,2013-10-21
434,1395764508440,2014-03-25 12:21:48 UTC,2014-03-25
435,1378822156509,2013-09-10 10:09:16 UTC,2013-09-10
436,1380007360359,2013-09-24 03:22:40 UTC,2013-09-24
437,1379583316018,2013-09-19 05:35:16 UTC,2013-09-19
438,1391559975887,2014-02-04 19:26:15 UTC,2014-02-04
439,1404757035762,2014-07-07 14:17:15 UTC,2014-07-07
440,1376647617138,2013-08-16 06:06:57 UTC,2013-08-16
441,1403603842436,2014-06-24 05:57:22 UTC,2014-06-24
442,1401826388050,2014-06-03 16:13:08 UTC,2014-06-03
443,1382040045547,2013-10-17 16:00:45 UTC,2013-10-17
444,1402600720432,2014-06-12 15:18:40 UTC,2014-06-12
445,1285099360721,2010-09-21 16:02:40 UTC,2010-09-21
446,1394469342760,2014-03-10 12:35:42 UTC,2014-03-10
447,1406531086797,2014-07-28 03:04:46 UTC,2014-07-28
448,1381505623261,2013-10-11 11:33:43 UTC,2013-10-11
449,1406530098893,2014-07-28 02:48:18 UTC,2014-07-28
450,1407164095073,2014-08-04 10:54:55 UTC,2014-08-04
451,1408716840178,2014-08-22 10:14:00 UTC,2014-08-22
452,1401093980523,2014-05-26 04:46:20 UTC,2014-05-26
453,1400157902563,2014-05-15 08:45:02 UTC,2014-05-15
454,1384340217331,2013-11-13 05:56:57 UTC,2013-11-13
455,1404371988005,2014-07-03 03:19:48 UTC,2014-07-03
456,1405354323177,2014-07-14 12:12:03 UTC,2014-07-14
457,1409079335822,2014-08-26 14:55:35 UTC,2014-08-26
458,1391170946928,2014-01-31 07:22:26 UTC,2014-01-31
459,1382962978538,2013-10-28 08:22:58 UTC,2013-10-28
460,1383323454285,2013-11-01 12:30:54 UTC,2013-11-01
461,1381224483130,2013-10-08 05:28:03 UTC,2013-10-08
462,1409078762208,2014-08-26 14:46:02 UTC,2014-08-26
463,1378305742330,2013-09-04 10:42:22 UTC,2013-09-04
464,1391254173189,2014-02-01 06:29:33 UTC,2014-02-01
465,1402388669856,2014-06-10 04:24:29 UTC,2014-06-10
466,1380043227776,2013-09-24 13:20:27 UTC,2013-09-24
467,1376063415289,2013-08-09 11:50:15 UTC,2013-08-09
468,1390927135844,2014-01-28 11:38:55 UTC,2014-01-28
469,1401199104046,2014-05-27 09:58:24 UTC,2014-05-27
470,1384957761532,2013-11-20 09:29:21 UTC,2013-11-20
471,1400148039450,2014-05-15 06:00:39 UTC,2014-05-15
472,1407168000703,2014-08-04 12:00:00 UTC,2014-08-04
