1,0.00160514,0.279294,0.0304976,0.0160514,0.454254,0.218299
2,0.00606061,0.0787879,0.0272727,0.0333333,0.521212,0.333333
3,0.1375,0.0166667,0.566667,0.233333,0.0416667,0.00416667
4,0.377193,0.192982,0.122807,0.219298,0.0175439,0.0701754
5,0.259843,0.0393701,0.0669291,0.0748031,0.110236,0.448819
6,0.00403226,0.358871,0.0282258,0.00403226,0.455645,0.149194
7,0.0607029,0.514377,0.0319489,0.00319489,0.00319489,0.386581
8,0.0197239,0.518738,0.00197239,0.00197239,0.0197239,0.43787
9,0.00228311,0.408676,0.0114155,0.0296804,0.00913242,0.538813
10,0.00694444,0.0763889,0.00694444,0.00694444,0.604167,0.298611
11,0.0206186,0.0618557,0.515464,0.381443,0.0103093,0.0103093
12,0.00103093,0.113402,0.148454,0.216495,0.127835,0.392784
13,0.0909091,0.0909091,0.181818,0.454545,0.0909091,0.0909091
14,0.00160772,0.371383,0.00803859,0.0144695,0.170418,0.434084
15,0.00166113,0.0598007,0.405316,0.234219,0.237542,0.0614618
16,0.00348432,0.512195,0.0278746,0.00696864,0.30662,0.142857
17,0.00218341,0.41048,0.00655022,0.00655022,0.279476,0.29476
18,0.00473934,0.345972,0.00473934,0.0473934,0.440758,0.156398
19,0.00374532,0.460674,0.00374532,0.0486891,0.11985,0.363296
20,0.0136426,0.173261,0.0354707,0.0750341,0.0436562,0.658936
21,0.714497,0.010355,0.00591716,0.0310651,0.0650888,0.173077
22,0.0026455,0.550265,0.0238095,0.0396825,0.0026455,0.380952
23,0.1,0.1,0.3,0.3,0.1,0.1
24,0.24,0.04,0.16,0.48,0.04,0.04
25,0.09375,0.03125,0.40625,0.40625,0.03125,0.03125
26,0.191257,0.131148,0.196721,0.469945,0.00546448,0.00546448
27,0.00126904,0.365482,0.0406091,0.0152284,0.0152284,0.562183
28,0.111111,0.111111,0.111111,0.444444,0.111111,0.111111
29,0.0160944,0.286481,0.026824,0.0193133,0.183476,0.467811
30,0.0524476,0.468531,0.0034965,0.0034965,0.0384615,0.433566
31,0.271028,0.186916,0.0747664,0.271028,0.00934579,0.186916
32,0.00156986,0.284144,0.0188383,0.0125589,0.021978,0.660911
33,0.00960879,0.175704,0.0363761,0.0851064,0.114619,0.578586
34,0.0416667,0.25,0.25,0.375,0.0416667,0.0416667
35,0.0669746,0.228637,0.0715935,0.192841,0.00115473,0.438799
36,0.128205,0.217949,0.269231,0.230769,0.141026,0.0128205
37,0.241176,0.0382353,0.279412,0.408824,0.00294118,0.0294118
38,0.00478469,0.00478469,0.449761,0.497608,0.0382775,0.00478469
39,0.000899281,0.390288,0.131295,0.139388,0.00719424,0.330935
40,0.0828221,0.429448,0.0368098,0.00306748,0.300613,0.147239
41,0.00387597,0.523256,0.00775194,0.00387597,0.00387597,0.457364
42,0.00364964,0.518248,0.0291971,0.00364964,0.00364964,0.441606
43,0.0217391,0.0217391,0.673913,0.217391,0.0434783,0.0217391
44,0.181818,0.0909091,0.454545,0.0909091,0.0909091,0.0909091
45,0.0423779,0.175986,0.0735727,0.125956,0.387875,0.194232
46,0.0308483,0.514139,0.0488432,0.066838,0.336761,0.00257069
47,0.0555556,0.0555556,0.277778,0.5,0.0555556,0.0555556
48,0.00176678,0.0759717,0.164311,0.109541,0.512367,0.136042
49,0.0574324,0.472973,0.00675676,0.00337838,0.456081,0.00337838
50,0.0909091,0.0909091,0.181818,0.454545,0.0909091,0.0909091
51,0.000892061,0.123996,0.0963426,0.246209,0.0044603,0.5281
52,0.0528233,0.276867,0.0418944,0.0983607,0.500911,0.0291439
53,0.236111,0.00694444,0.222222,0.423611,0.104167,0.00694444
54,0.03125,0.03125,0.25,0.625,0.03125,0.03125
55,0.0365854,0.121951,0.280488,0.170732,0.378049,0.0121951
56,0.0020202,0.442424,0.0020202,0.0444444,0.450505,0.0585859
57,0.0609756,0.121951,0.268293,0.52439,0.0121951,0.0121951
58,0.156607,0.49429,0.125612,0.0179445,0.0440457,0.161501
59,0.0255102,0.640306,0.107143,0.0357143,0.0867347,0.104592
60,0.102804,0.684112,0.00186916,0.0261682,0.181308,0.00373832
61,0.00126582,0.373418,0.0126582,0.0379747,0.531646,0.043038
62,0.0878378,0.810811,0.0337838,0.00675676,0.00675676,0.0540541
63,0.08,0.04,0.44,0.28,0.04,0.12
64,0.0555556,0.222222,0.555556,0.0555556,0.0555556,0.0555556
65,0.00254453,0.603053,0.00254453,0.0585242,0.272265,0.0610687
66,0.166667,0.0138889,0.486111,0.25,0.0277778,0.0555556
67,0.00219298,0.392544,0.00219298,0.00219298,0.00219298,0.598684
68,0.178307,0.337716,0.0928513,0.0805259,0.309778,0.000821693
69,0.00862069,0.00862069,0.396552,0.517241,0.0603448,0.00862069
70,0.0142857,0.0357143,0.35,0.478571,0.0142857,0.107143
71,0.0033557,0.0637584,0.0033557,0.0469799,0.687919,0.194631
72,0.00907716,0.393343,0.0605144,0.00151286,0.145234,0.390318
73,0.0625,0.0208333,0.166667,0.708333,0.0208333,0.0208333
74,0.0714286,0.0714286,0.357143,0.285714,0.142857,0.0714286
75,0.00927644,0.272727,0.0204082,0.0111317,0.00185529,0.684601
76,0.0333333,0.166667,0.4,0.3,0.0666667,0.0333333
77,0.048951,0.004662,0.172494,0.724942,0.011655,0.037296
78,0.224,0.04,0.4,0.272,0.056,0.008
79,0.05,0.05,0.3,0.5,0.05,0.05
80,0.00285714,0.52,0.0485714,0.0657143,0.00285714,0.36
81,0.00769231,0.0384615,0.00769231,0.00769231,0.523077,0.415385
82,0.0208333,0.413462,0.088141,0.0176282,0.262821,0.197115
83,0.0618777,0.232575,0.128734,0.110242,0.184211,0.282361
84,0.00337838,0.547297,0.00337838,0.00337838,0.00337838,0.439189
85,0.0181818,0.236364,0.218182,0.490909,0.0181818,0.0181818
86,0.0679887,0.399433,0.0934844,0.0283286,0.407932,0.00283286
87,0.016129,0.347507,0.0674487,0.00146628,0.565982,0.00146628
88,0.00657895,0.0855263,0.0197368,0.0789474,0.269737,0.539474
89,0.0233333,0.09,0.00333333,0.0133333,0.09,0.78
90,0.00344828,0.52069,0.00344828,0.00344828,0.448276,0.0206897
91,0.111111,0.111111,0.111111,0.222222,0.111111,0.333333
92,0.0420792,0.388614,0.029703,0.118812,0.309406,0.111386
93,0.142857,0.142857,0.285714,0.142857,0.142857,0.142857
94,0.0318182,0.528788,0.0939394,0.0606061,0.0121212,0.272727
95,0.177419,0.198925,0.0516129,0.133333,0.00107527,0.437634
96,0.169492,0.0169492,0.389831,0.389831,0.0169492,0.0169492
97,0.0909091,0.0909091,0.0909091,0.454545,0.181818,0.0909091
98,0.0909091,0.0909091,0.454545,0.181818,0.0909091,0.0909091
99,0.0232558,0.0232558,0.728682,0.209302,0.00775194,0.00775194
100,0.75,0.0178571,0.178571,0.0178571,0.0178571,0.0178571
101,0.00294985,0.448378,0.0707965,0.079646,0.00294985,0.39528
102,0.171662,0.256131,0.147139,0.158038,0.19891,0.0681199
103,0.028083,0.347985,0.04884,0.131868,0.416361,0.026862
104,0.0384615,0.0384615,0.653846,0.192308,0.0384615,0.0384615
105,0.00506971,0.416984,0.158428,0.035488,0.373891,0.0101394
106,0.00320513,0.464744,0.00320513,0.0673077,0.391026,0.0705128
107,0.0535373,0.0535373,0.0611855,0.332696,0.260038,0.239006
108,0.0292208,0.475649,0.00974026,0.0998377,0.00243506,0.383117
109,0.0141129,0.578629,0.0262097,0.332661,0.00201613,0.046371
110,0.106667,0.0533333,0.0346667,0.0853333,0.634667,0.0853333
111,0.00287356,0.514368,0.0517241,0.00287356,0.364943,0.0632184
112,0.026178,0.421466,0.151832,0.0026178,0.0942408,0.303665
113,0.0231788,0.440397,0.00331126,0.0231788,0.344371,0.165563
114,0.00687285,0.532646,0.0446735,0.00343643,0.00343643,0.408935
115,0.111111,0.111111,0.222222,0.333333,0.111111,0.111111
116,0.184211,0.131579,0.263158,0.315789,0.0789474,0.0263158
117,0.0792952,0.051395,0.265786,0.061674,0.00293686,0.538913
118,0.00144509,0.0852601,0.119942,0.0780347,0.226879,0.488439
119,0.000477555,0.905922,0.00573066,0.0191022,0.000477555,0.0682904
120,0.0217822,0.330693,0.0376238,0.0514851,0.554455,0.0039604
121,0.00465116,0.0697674,0.132558,0.223256,0.0186047,0.551163
122,0.0976492,0.0867993,0.21519,0.198915,0.180832,0.220615
123,0.0040783,0.372757,0.0163132,0.0236542,0.429038,0.15416
124,0.0298507,0.211754,0.0960821,0.0625,0.068097,0.531716
125,0.0147059,0.132353,0.647059,0.147059,0.0147059,0.0441176
126,0.00326797,0.0588235,0.101307,0.00326797,0.614379,0.218954
127,0.00337838,0.0608108,0.0506757,0.0439189,0.00337838,0.837838
128,0.00406504,0.0772358,0.00406504,0.00406504,0.00406504,0.906504
129,0.00681431,0.28109,0.139693,0.076661,0.362862,0.132879
130,0.0603774,0.584906,0.169811,0.0339623,0.14717,0.00377358
131,0.042623,0.17377,0.229508,0.308197,0.0327869,0.213115
132,0.142857,0.142857,0.142857,0.142857,0.142857,0.285714
133,0.268293,0.0304878,0.5,0.189024,0.00609756,0.00609756
134,0.0443686,0.515358,0.00341297,0.00682594,0.426621,0.00341297
135,0.012766,0.0680851,0.123404,0.225532,0.00425532,0.565957
136,0.00258398,0.490956,0.0542636,0.0801034,0.00258398,0.369509
137,0.00221729,0.0665188,0.0443459,0.0133038,0.567627,0.305987
138,0.042838,0.38822,0.147256,0.0187416,0.360107,0.042838
139,0.00322581,0.46129,0.00322581,0.0967742,0.00322581,0.432258
140,0.0227273,0.0227273,0.181818,0.681818,0.0681818,0.0227273
141,0.121099,0.531835,0.0149813,0.00749064,0.00124844,0.323346
142,0.00662252,0.0662252,0.0331126,0.0662252,0.695364,0.13245
143,0.125,0.0208333,0.5,0.3125,0.0208333,0.0208333
144,0.00175439,0.310526,0.147368,0.0614035,0.303509,0.175439
145,0.0175439,0.0877193,0.263158,0.561404,0.0175439,0.0526316
146,0.344729,0.031339,0.39886,0.188034,0.034188,0.002849
147,0.142857,0.142857,0.142857,0.285714,0.142857,0.142857
148,0.210526,0.0526316,0.315789,0.315789,0.0526316,0.0526316
149,0.00340136,0.506803,0.0442177,0.00340136,0.438776,0.00340136
150,0.00763359,0.0687023,0.0152672,0.00763359,0.671756,0.229008
151,0.01875,0.11875,0.04375,0.00625,0.48125,0.33125
152,0.00236967,0.398104,0.00236967,0.0260664,0.00236967,0.56872
153,0.111111,0.111111,0.111111,0.444444,0.111111,0.111111
154,0.125,0.125,0.25,0.25,0.125,0.125
155,0.00536913,0.273826,0.0939597,0.0765101,0.165101,0.385235
156,0.047619,0.047619,0.142857,0.666667,0.047619,0.047619
157,0.00210084,0.489496,0.00210084,0.00210084,0.00210084,0.502101
158,0.0460123,0.300613,0.0720859,0.0184049,0.0996933,0.46319
159,0.0169133,0.319239,0.0824524,0.0465116,0.32981,0.205074
160,0.010687,0.526718,0.0854962,0.0320611,0.0167939,0.328244
161,0.1,0.1,0.1,0.5,0.1,0.1
162,0.00387597,0.53876,0.00387597,0.00387597,0.00387597,0.445736
163,0.0294118,0.568627,0.00326797,0.00326797,0.330065,0.0653595
164,0.0208333,0.0625,0.0208333,0.625,0.25,0.0208333
165,0.134694,0.106122,0.106122,0.102041,0.444898,0.106122
166,0.263158,0.0526316,0.315789,0.263158,0.0526316,0.0526316
167,0.00226244,0.339367,0.0316742,0.0135747,0.536199,0.0769231
168,0.0833333,0.0833333,0.0833333,0.583333,0.0833333,0.0833333
169,0.394737,0.0789474,0.263158,0.236842,0.0131579,0.0131579
170,0.116279,0.027907,0.551163,0.297674,0.00232558,0.00465116
171,0.00369004,0.516605,0.00369004,0.00369004,0.250923,0.221402
172,0.0670103,0.561856,0.0180412,0.00257732,0.347938,0.00257732
173,0.00344828,0.0586207,0.151724,0.206897,0.00344828,0.575862
174,0.00778816,0.227414,0.397196,0.26947,0.0778816,0.0202492
175,0.125,0.125,0.125,0.25,0.25,0.125
176,0.193548,0.0537634,0.215054,0.430108,0.0107527,0.0967742
177,0.0880829,0.297927,0.0751295,0.0829016,0.178756,0.277202
178,0.0840841,0.165165,0.214715,0.324324,0.0405405,0.171171
179,0.104962,0.312977,0.0114504,0.0419847,0.274809,0.253817
180,0.125541,0.23088,0.219336,0.018759,0.165945,0.239538
181,0.00374532,0.0786517,0.00374532,0.00374532,0.685393,0.224719
182,0.0120482,0.0120482,0.253012,0.698795,0.0120482,0.0120482
183,0.00620347,0.00124069,0.145161,0.833747,0.00124069,0.0124069
184,0.00637755,0.0739796,0.0497449,0.122449,0.466837,0.280612
185,0.105691,0.0758808,0.349593,0.428184,0.0162602,0.0243902
186,0.00380228,0.0418251,0.00380228,0.00760456,0.695817,0.247148
187,0.0089172,0.0764331,0.0229299,0.0535032,0.547771,0.290446
188,0.0555556,0.0666667,0.288889,0.511111,0.0666667,0.0111111
189,0.317495,0.345572,0.0237581,0.0194384,0.24622,0.0475162
190,0.00641026,0.0929487,0.0641026,0.217949,0.525641,0.0929487
191,0.115284,0.0436681,0.165939,0.519651,0.127511,0.0279476
192,0.0140845,0.0704225,0.394366,0.422535,0.084507,0.0140845
193,0.00774443,0.365924,0.198451,0.0880929,0.0609874,0.2788
194,0.111111,0.222222,0.111111,0.222222,0.111111,0.222222
195,0.0603448,0.0344828,0.543103,0.318966,0.0258621,0.0172414
196,0.216216,0.603604,0.165165,0.00900901,0.003003,0.003003
197,0.0141176,0.261176,0.08,0.0470588,0.0317647,0.565882
198,0.0873984,0.414634,0.174797,0.00203252,0.26626,0.054878
199,0.125,0.125,0.125,0.375,0.125,0.125
200,0.0124378,0.0646766,0.0547264,0.00248756,0.00248756,0.863184
201,0.00271003,0.636856,0.00271003,0.00542005,0.186992,0.165312
202,0.181758,0.300066,0.0779907,0.138136,0.0423001,0.259749
203,0.00140252,0.259467,0.0252454,0.0420757,0.0532959,0.618513
204,0.119048,0.122449,0.170068,0.180272,0.00340136,0.404762
205,0.0272109,0.506803,0.0238095,0.00340136,0.435374,0.00340136
206,0.027027,0.216216,0.324324,0.378378,0.027027,0.027027
207,0.413793,0.0344828,0.344828,0.0344828,0.0344828,0.137931
208,0.00323625,0.569579,0.00323625,0.00323625,0.375405,0.0453074
209,0.0506912,0.182028,0.0760369,0.105991,0.258065,0.327189
210,0.510638,0.0106383,0.358156,0.101064,0.00177305,0.0177305
211,0.00689655,0.062069,0.0551724,0.00689655,0.682759,0.186207
212,0.00285714,0.511429,0.0657143,0.00285714,0.405714,0.0114286
213,0.207547,0.0566038,0.301887,0.396226,0.0188679,0.0188679
214,0.011236,0.0617978,0.174157,0.0617978,0.264045,0.426966
215,0.111111,0.111111,0.222222,0.333333,0.111111,0.111111
216,0.283654,0.0576923,0.490385,0.115385,0.0336538,0.0192308
217,0.0416667,0.0416667,0.625,0.166667,0.0416667,0.0833333
218,0.0526316,0.0526316,0.105263,0.684211,0.0526316,0.0526316
219,0.03125,0.09375,0.53125,0.28125,0.03125,0.03125
220,0.00315457,0.473186,0.00946372,0.0914826,0.22082,0.201893
221,0.0035461,0.507092,0.0035461,0.0035461,0.411348,0.070922
222,0.0925926,0.190058,0.0282651,0.0721248,0.47076,0.146199
223,0.00238663,0.708831,0.00238663,0.00238663,0.143198,0.140811
224,0.0647249,0.482201,0.00323625,0.0161812,0.249191,0.184466
225,0.00229358,0.417431,0.00229358,0.00229358,0.194954,0.380734
226,0.00225734,0.408578,0.0586907,0.00225734,0.00225734,0.525959
227,0.0243902,0.0650407,0.105691,0.162602,0.422764,0.219512
228,0.00166945,0.310518,0.0350584,0.0550918,0.00166945,0.595993
229,0.0833333,0.166667,0.333333,0.25,0.0833333,0.0833333
230,0.0584958,0.0696379,0.284123,0.139276,0.0529248,0.395543
231,0.125,0.125,0.125,0.375,0.125,0.125
232,0.1,0.2,0.1,0.1,0.4,0.1
233,0.04,0.08,0.68,0.12,0.04,0.04
234,0.030303,0.121212,0.424242,0.30303,0.0909091,0.030303
235,0.111111,0.111111,0.111111,0.444444,0.111111,0.111111
236,0.08,0.421818,0.00727273,0.00363636,0.407273,0.08
237,0.0454545,0.545455,0.0454545,0.272727,0.0454545,0.0454545
238,0.0769231,0.0769231,0.307692,0.153846,0.307692,0.0769231
239,0.0125786,0.0880503,0.00628931,0.0125786,0.72327,0.157233
240,0.0766284,0.0383142,0.195402,0.176245,0.494253,0.0191571
241,0.142857,0.142857,0.142857,0.285714,0.142857,0.142857
242,0.00318471,0.509554,0.00318471,0.0286624,0.238854,0.216561
243,0.0322581,0.0322581,0.193548,0.548387,0.0322581,0.16129
244,0.125,0.125,0.375,0.125,0.125,0.125
245,0.00321543,0.533762,0.0257235,0.0418006,0.00321543,0.392283
246,0.00687285,0.515464,0.00343643,0.024055,0.116838,0.333333
247,0.013986,0.013986,0.230769,0.622378,0.111888,0.00699301
248,0.264368,0.597701,0.0114943,0.091954,0.0114943,0.0229885
249,0.0103093,0.0927835,0.268041,0.494845,0.0618557,0.0721649
250,0.375,0.078125,0.114583,0.0807292,0.213542,0.138021
251,0.0037037,0.492593,0.0037037,0.0037037,0.492593,0.0037037
252,0.0105932,0.40678,0.273305,0.243644,0.0317797,0.0338983
253,0.276498,0.0506912,0.184332,0.373272,0.110599,0.00460829
254,0.00621118,0.068323,0.00621118,0.00621118,0.00621118,0.906832
255,0.0661157,0.115702,0.404959,0.206612,0.198347,0.00826446
256,0.423004,0.212928,0.00095057,0.00095057,0.213878,0.148289
257,0.00290698,0.456395,0.0755814,0.110465,0.0377907,0.31686
258,0.0012837,0.21181,0.071887,0.0436457,0.415918,0.255456
259,0.0254545,0.512727,0.00181818,0.0181818,0.141818,0.3
260,0.00181159,0.134058,0.163043,0.202899,0.0217391,0.476449
261,0.00384615,0.0692308,0.00384615,0.00384615,0.00384615,0.915385
262,0.0700219,0.0284464,0.0962801,0.177243,0.345733,0.282276
263,0.0197869,0.310502,0.0502283,0.0106545,0.00152207,0.607306
264,0.0357143,0.0714286,0.178571,0.642857,0.0357143,0.0357143
265,0.00127714,0.38825,0.0561941,0.146871,0.0574713,0.349936
266,0.11976,0.0658683,0.239521,0.562874,0.00598802,0.00598802
267,0.0296296,0.0148148,0.433333,0.514815,0.0037037,0.0037037
268,0.0019685,0.417323,0.100394,0.023622,0.0019685,0.454724
269,0.032646,0.721649,0.0171821,0.0343643,0.190722,0.00343643
270,0.0106383,0.0531915,0.12766,0.0638298,0.531915,0.212766
271,0.003367,0.515152,0.003367,0.026936,0.003367,0.447811
272,0.0769231,0.0769231,0.153846,0.538462,0.0769231,0.0769231
273,0.304348,0.0289855,0.405797,0.0144928,0.0144928,0.231884
274,0.0576441,0.598997,0.00250627,0.00250627,0.258145,0.0802005
275,0.00581395,0.0523256,0.0639535,0.0290698,0.00581395,0.843023
276,0.0345912,0.0503145,0.18239,0.330189,0.0786164,0.323899
277,0.041958,0.034965,0.347319,0.312354,0.261072,0.002331
278,0.0550162,0.0517799,0.229773,0.220065,0.440129,0.00323625
279,0.0167364,0.284519,0.0125523,0.0878661,0.376569,0.221757
280,0.00515464,0.621134,0.00257732,0.00257732,0.188144,0.180412
281,0.00116959,0.244444,0.0596491,0.0748538,0.00116959,0.618713
282,0.00188679,0.420755,0.00943396,0.0943396,0.207547,0.266038
283,0.00323625,0.482201,0.0291262,0.0582524,0.423948,0.00323625
284,0.0232558,0.0664452,0.0365449,0.0398671,0.461794,0.372093
285,0.399803,0.157947,0.0157947,0.148075,0.210267,0.0681145
286,0.649573,0.0717949,0.0769231,0.164103,0.0239316,0.0136752
287,0.187082,0.222717,0.191537,0.032294,0.0155902,0.35078
288,0.0011976,0.438323,0.0922156,0.0658683,0.401198,0.0011976
289,0.0931677,0.28882,0.0015528,0.0512422,0.343168,0.22205
290,0.0070922,0.035461,0.0283688,0.0070922,0.659574,0.262411
291,0.158103,0.0316206,0.337945,0.343874,0.0988142,0.0296443
292,0.142857,0.142857,0.142857,0.285714,0.142857,0.142857
293,0.0657895,0.0131579,0.539474,0.355263,0.0131579,0.0131579
294,0.0588235,0.235294,0.176471,0.411765,0.0588235,0.0588235
295,0.147059,0.161765,0.0882353,0.514706,0.0735294,0.0147059
296,0.00590372,0.210263,0.0663034,0.123524,0.0672116,0.526794
297,0.0465306,0.123265,0.0808163,0.044898,0.00489796,0.699592
298,0.00323625,0.559871,0.00323625,0.00323625,0.229773,0.200647
299,0.0769231,0.0769231,0.153846,0.538462,0.0769231,0.0769231
300,0.0149254,0.0149254,0.716418,0.223881,0.0149254,0.0149254
301,0.116523,0.23639,0.168577,0.118911,0.00859599,0.351003
302,0.00405515,0.0296026,0.106245,0.723844,0.0770479,0.0592052
303,0.310345,0.0114943,0.37931,0.264368,0.0229885,0.0114943
304,0.0136054,0.0952381,0.353741,0.183673,0.00680272,0.346939
305,0.1,0.1,0.3,0.3,0.1,0.1
306,0.0472973,0.0878378,0.0135135,0.0472973,0.00675676,0.797297
307,0.00363636,0.505455,0.00363636,0.00363636,0.152727,0.330909
308,0.438697,0.247126,0.0498084,0.00191571,0.0977011,0.164751
309,0.0141988,0.0831643,0.0933063,0.117647,0.0020284,0.689655
310,0.111111,0.0185185,0.518519,0.259259,0.0185185,0.0740741
311,0.00813008,0.097561,0.00813008,0.0162602,0.00813008,0.861789
312,0.00621118,0.186335,0.00621118,0.0993789,0.00621118,0.695652
313,0.0153846,0.0769231,0.153846,0.646154,0.0923077,0.0153846
314,0.00178571,0.4875,0.00714286,0.0482143,0.00178571,0.453571
315,0.0754098,0.459016,0.00327869,0.0196721,0.209836,0.232787
316,0.0221729,0.0310421,0.31929,0.385809,0.235033,0.00665188
317,0.0075188,0.0300752,0.0075188,0.0075188,0.503759,0.443609
318,0.136704,0.402622,0.0449438,0.0486891,0.365169,0.00187266
319,0.0334347,0.452888,0.0699088,0.0182371,0.419453,0.00607903
320,0.056338,0.0211268,0.28169,0.422535,0.00704225,0.211268
321,0.0151515,0.0606061,0.636364,0.227273,0.0151515,0.0454545
322,0.00254453,0.361323,0.00254453,0.00254453,0.496183,0.13486
323,0.0340633,0.510949,0.0389294,0.0997567,0.0656934,0.250608
324,0.05,0.05,0.35,0.45,0.05,0.05
325,0.0909091,0.0909091,0.272727,0.363636,0.0909091,0.0909091
326,0.00367647,0.0698529,0.0772059,0.0183824,0.00367647,0.827206
327,0.00304878,0.536585,0.0304878,0.00304878,0.228659,0.198171
328,0.00666667,0.0733333,0.0666667,0.0733333,0.126667,0.653333
329,0.0061665,0.422405,0.0143885,0.124358,0.12333,0.309353
330,0.0740741,0.0185185,0.333333,0.537037,0.0185185,0.0185185
331,0.333333,0.166667,0.0555556,0.277778,0.0555556,0.111111
332,0.0769231,0.0769231,0.461538,0.230769,0.0769231,0.0769231
333,0.0165692,0.226121,0.255361,0.0594542,0.402534,0.039961
334,0.707692,0.0153846,0.0615385,0.107692,0.0153846,0.0923077
335,0.030303,0.548822,0.003367,0.023569,0.003367,0.390572
336,0.047619,0.047619,0.0952381,0.619048,0.142857,0.047619
337,0.1,0.1,0.1,0.5,0.1,0.1
338,0.105263,0.0175439,0.22807,0.614035,0.0175439,0.0175439
339,0.03125,0.1875,0.4375,0.28125,0.03125,0.03125
340,0.00187617,0.350844,0.131332,0.0619137,0.00187617,0.452158
341,0.00143885,0.365468,0.00431655,0.0402878,0.220144,0.368345
342,0.00357143,0.535714,0.00357143,0.0178571,0.00357143,0.435714
343,0.0106762,0.482206,0.0142349,0.0177936,0.133452,0.341637
344,0.02,0.5575,0.045,0.0025,0.285,0.09
345,0.00757576,0.0606061,0.00757576,0.00757576,0.44697,0.469697
346,0.192389,0.378436,0.137421,0.0338266,0.164905,0.0930233
347,0.0151261,0.0756303,0.0504202,0.0554622,0.0537815,0.74958
348,0.0350318,0.490446,0.00318471,0.0382166,0.328025,0.105096
349,0.02,0.06,0.24,0.58,0.09,0.01
350,0.00568182,0.25,0.342803,0.155303,0.0208333,0.225379
351,0.05,0.15,0.35,0.35,0.05,0.05
352,0.0135135,0.0135135,0.608108,0.337838,0.0135135,0.0135135
353,0.00277778,0.486111,0.0972222,0.0805556,0.00277778,0.330556
354,0.000840336,0.184874,0.00840336,0.0184874,0.0092437,0.778151
355,0.398281,0.0401146,0.0487106,0.0200573,0.275072,0.217765
356,0.0031348,0.583072,0.0031348,0.0031348,0.404389,0.0031348
357,0.0950413,0.400826,0.0123967,0.00413223,0.0661157,0.421488
358,0.0483871,0.0483871,0.419355,0.403226,0.0322581,0.0483871
359,0.0833333,0.0833333,0.25,0.416667,0.0833333,0.0833333
360,0.0666667,0.0666667,0.333333,0.266667,0.2,0.0666667
361,0.0153846,0.0153846,0.461538,0.4,0.0153846,0.0923077
362,0.00229885,0.395402,0.0206897,0.00229885,0.00229885,0.577011
363,0.00390625,0.464844,0.00390625,0.00390625,0.238281,0.285156
364,0.0152905,0.486239,0.0397554,0.0519878,0.296636,0.110092
365,0.25,0.0833333,0.25,0.25,0.0833333,0.0833333
366,0.0172043,0.498925,0.0666667,0.139785,0.00215054,0.275269
367,0.00769231,0.0153846,0.646154,0.276923,0.0153846,0.0384615
368,0.03125,0.09375,0.25,0.53125,0.03125,0.0625
369,0.0163934,0.0163934,0.442623,0.459016,0.0491803,0.0163934
370,0.844291,0.00692042,0.121107,0.0207612,0.00346021,0.00346021
371,0.888889,0.086629,0.0160075,0.00659134,0.00094162,0.00094162
372,0.037702,0.29623,0.105925,0.0789946,0.382406,0.0987433
373,0.00716846,0.401434,0.0525687,0.217443,0.121864,0.199522
374,0.0888889,0.111111,0.111111,0.644444,0.0222222,0.0222222
375,0.00617284,0.969136,0.00617284,0.00617284,0.00617284,0.00617284
376,0.527778,0.0555556,0.148148,0.212963,0.037037,0.0185185
377,0.0972053,0.0850547,0.0170109,0.0230863,0.17497,0.602673
378,0.0181818,0.0787879,0.00606061,0.115152,0.00606061,0.775758
379,0.00671141,0.0939597,0.00671141,0.0268456,0.543624,0.322148
380,0.0714286,0.0714286,0.142857,0.571429,0.0714286,0.0714286
381,0.00689655,0.0896552,0.0275862,0.131034,0.496552,0.248276
382,0.0484496,0.306202,0.0387597,0.0348837,0.525194,0.0465116
383,0.0078125,0.0703125,0.0078125,0.0390625,0.0078125,0.867188
384,0.0625,0.3125,0.0625,0.1875,0.25,0.125
385,0.0121212,0.00606061,0.290909,0.678788,0.00606061,0.00606061
386,0.142857,0.142857,0.142857,0.285714,0.142857,0.142857
387,0.109215,0.349829,0.139932,0.168942,0.0699659,0.162116
388,0.0581395,0.0116279,0.55814,0.27907,0.0813953,0.0116279
389,0.00636943,0.11465,0.0254777,0.127389,0.00636943,0.719745
390,0.0055788,0.435146,0.110181,0.131102,0.0446304,0.273361
391,0.0714286,0.0357143,0.392857,0.357143,0.0119048,0.130952
392,0.0117647,0.0470588,0.2,0.717647,0.0117647,0.0117647
393,0.0588235,0.0588235,0.294118,0.470588,0.0588235,0.0588235
394,0.0133333,0.0666667,0.233333,0.64,0.04,0.00666667
395,0.0245747,0.0604915,0.170132,0.185255,0.302457,0.257089
396,0.104478,0.0149254,0.522388,0.283582,0.0149254,0.0597015
397,0.0833333,0.0833333,0.416667,0.25,0.0833333,0.0833333
398,0.002331,0.347319,0.00699301,0.002331,0.027972,0.613054
399,0.125,0.125,0.125,0.375,0.125,0.125
400,0.00227273,0.427273,0.00227273,0.00227273,0.209091,0.356818
401,0.00598802,0.0658683,0.0658683,0.0958084,0.538922,0.227545
402,0.0526316,0.0526316,0.421053,0.210526,0.210526,0.0526316
403,0.25,0.0576923,0.596154,0.0192308,0.0576923,0.0192308
404,0.0909091,0.272727,0.363636,0.0909091,0.0909091,0.0909091
405,0.111111,0.111111,0.333333,0.222222,0.111111,0.111111
406,0.00892857,0.0386905,0.303571,0.321429,0.00297619,0.324405
407,0.111111,0.111111,0.222222,0.333333,0.111111,0.111111
408,0.0337838,0.130835,0.143735,0.0921376,0.15602,0.443489
409,0.0245536,0.604911,0.200893,0.158482,0.00669643,0.00446429
410,0.00531915,0.0531915,0.143617,0.244681,0.00531915,0.547872
411,0.036379,0.177665,0.218274,0.334179,0.0219966,0.211506
412,0.00105374,0.328767,0.142255,0.0495258,0.33509,0.143309
413,0.0819912,0.0688141,0.0717423,0.0761347,0.0234261,0.677892
414,0.25,0.25,0.125,0.125,0.125,0.125
415,0.047619,0.238095,0.047619,0.285714,0.0952381,0.285714
416,0.117207,0.0448878,0.216958,0.246883,0.00249377,0.371571
417,0.00111607,0.412946,0.152902,0.0758929,0.00111607,0.356027
418,0.00121065,0.33293,0.0581114,0.0205811,0.512107,0.0750605
419,0.0192308,0.0769231,0.307692,0.423077,0.153846,0.0192308
420,0.00833333,0.0666667,0.00833333,0.00833333,0.00833333,0.9
421,0.00826446,0.165289,0.0578512,0.140496,0.322314,0.305785
422,0.0070922,0.0638298,0.035461,0.0070922,0.702128,0.184397
423,0.000476417,0.140543,0.11434,0.12768,0.0200095,0.596951
424,0.0037594,0.522556,0.0037594,0.0037594,0.0037594,0.462406
425,0.00175439,0.478947,0.0789474,0.0824561,0.17193,0.185965
426,0.0619658,0.314103,0.190171,0.147436,0.226496,0.0598291
427,0.047619,0.52381,0.190476,0.0952381,0.047619,0.0952381
428,0.0070922,0.0567376,0.0070922,0.035461,0.496454,0.397163
429,0.0606061,0.181818,0.181818,0.424242,0.121212,0.030303
430,0.282609,0.0434783,0.391304,0.152174,0.0434783,0.0869565
431,0.1,0.1,0.4,0.1,0.1,0.2
432,0.113413,0.270447,0.0817884,0.0687023,0.375136,0.0905125
433,0.0034965,0.48951,0.0034965,0.0454545,0.0034965,0.454545
434,0.014881,0.464286,0.0119048,0.0535714,0.116071,0.339286
435,0.0769231,0.0769231,0.230769,0.461538,0.0769231,0.0769231
436,0.0134953,0.00134953,0.699055,0.268556,0.0161943,0.00134953
437,0.90137,0.00273973,0.0493151,0.0356164,0.00273973,0.00821918
438,0.111111,0.111111,0.444444,0.111111,0.111111,0.111111
439,0.00621118,0.202899,0.275362,0.151829,0.115942,0.247757
440,0.0265252,0.559682,0.00265252,0.00265252,0.00265252,0.405836
441,0.00151286,0.240545,0.155825,0.149773,0.311649,0.140696
442,0.00378788,0.526515,0.00378788,0.00378788,0.00378788,0.458333
443,0.0166852,0.374861,0.0956618,0.14238,0.36485,0.00556174
444,0.125,0.125,0.125,0.375,0.125,0.125
445,0.161087,0.761323,0.0456873,0.0291453,0.00236314,0.000393856
446,0.238095,0.142857,0.285714,0.238095,0.047619,0.047619
447,0.0178218,0.0653465,0.0415842,0.132673,0.669307,0.0732673
448,0.00680272,0.0952381,0.00680272,0.00680272,0.22449,0.659864
449,0.043578,0.493119,0.0412844,0.135321,0.116972,0.169725
450,0.00826446,0.115702,0.264463,0.140496,0.231405,0.239669
451,0.0135501,0.0352304,0.372629,0.338753,0.132791,0.107046
452,0.248218,0.352621,0.0125786,0.0251572,0.249057,0.112369
453,0.0606061,0.0578512,0.134986,0.680441,0.0606061,0.00550964
454,0.00145349,0.300872,0.00145349,0.0276163,0.116279,0.552326
455,0.233503,0.258883,0.467005,0.00507614,0.0304569,0.00507614
456,0.0329341,0.42515,0.134731,0.00299401,0.0329341,0.371257
457,0.136364,0.0227273,0.113636,0.613636,0.0909091,0.0227273
458,0.166667,0.0238095,0.214286,0.547619,0.0238095,0.0238095
459,0.0843373,0.060241,0.385542,0.433735,0.0240964,0.0120482
460,0.0017331,0.445407,0.0121317,0.0138648,0.211438,0.315425
461,0.1,0.1,0.1,0.4,0.2,0.1
462,0.15,0.15,0.35,0.25,0.05,0.05
463,0.0761905,0.51746,0.0031746,0.0031746,0.0031746,0.396825
464,0.0549242,0.359848,0.0189394,0.0965909,0.0625,0.407197
465,0.0571429,0.0857143,0.371429,0.428571,0.0285714,0.0285714
466,0.111111,0.222222,0.111111,0.111111,0.111111,0.333333
467,0.0026178,0.065445,0.0235602,0.026178,0.0026178,0.879581
468,0.0826772,0.185039,0.0314961,0.283465,0.251969,0.165354
469,0.0882353,0.835294,0.00588235,0.0588235,0.00588235,0.00588235
470,0.142857,0.142857,0.142857,0.142857,0.142857,0.285714
471,0.0161681,0.337914,0.0428456,0.047696,0.0816492,0.473727
472,0.169219,0.179173,0.12098,0.246554,0.0290965,0.254977
473,0.014218,0.0663507,0.07109,0.255924,0.00473934,0.587678
474,0.230769,0.0769231,0.461538,0.153846,0.0384615,0.0384615
475,0.0185185,0.0555556,0.277778,0.555556,0.0185185,0.0740741
476,0.032967,0.010989,0.131868,0.758242,0.010989,0.0549451
477,0.0070922,0.0638298,0.0070922,0.0070922,0.503546,0.411348
478,0.0454545,0.0454545,0.772727,0.0454545,0.0454545,0.0454545
479,0.00287356,0.494253,0.045977,0.0488506,0.229885,0.178161
480,0.0622642,0.311321,0.0377358,0.254717,0.332075,0.00188679
481,0.111111,0.111111,0.111111,0.222222,0.333333,0.111111
482,0.0227273,0.0227273,0.431818,0.477273,0.0227273,0.0227273
483,0.00298507,0.591045,0.00298507,0.00298507,0.0208955,0.379104
484,0.00968523,0.355932,0.0677966,0.0871671,0.377724,0.101695
485,0.324324,0.0810811,0.0135135,0.5,0.0675676,0.0135135
486,0.0689655,0.0689655,0.275862,0.310345,0.241379,0.0344828
487,0.142857,0.142857,0.142857,0.285714,0.142857,0.142857
488,0.142857,0.142857,0.142857,0.285714,0.142857,0.142857
489,0.0243902,0.317073,0.317073,0.292683,0.0243902,0.0243902
490,0.0673575,0.129534,0.124352,0.264249,0.388601,0.0259067
491,0.0916667,0.616667,0.025,0.15,0.108333,0.00833333
492,0.1,0.1,0.4,0.2,0.1,0.1
493,0.00537634,0.801075,0.0806452,0.00537634,0.0752688,0.0322581
494,0.0078125,0.953125,0.0078125,0.0078125,0.0078125,0.015625
495,0.00118483,0.735782,0.00118483,0.00473934,0.00118483,0.255924
496,0.71875,0.015625,0.125,0.09375,0.015625,0.03125
497,0.00766284,0.532567,0.0383142,0.00383142,0.00383142,0.413793
498,0.142857,0.142857,0.285714,0.142857,0.142857,0.142857
499,0.00746269,0.0597015,0.00746269,0.00746269,0.402985,0.514925
500,0.037931,0.489655,0.00344828,0.00344828,0.462069,0.00344828
501,0.103448,0.091954,0.37931,0.310345,0.0344828,0.0804598
502,0.0669578,0.0378457,0.170306,0.157205,0.0218341,0.545852
503,0.0104167,0.135417,0.177083,0.0104167,0.0104167,0.65625
504,0.1,0.0125,0.1125,0.6625,0.1,0.0125
505,0.0909091,0.0909091,0.0909091,0.454545,0.181818,0.0909091
506,0.142857,0.142857,0.142857,0.142857,0.142857,0.285714
507,0.0243243,0.0486486,0.0027027,0.027027,0.840541,0.0567568
508,0.40411,0.00684932,0.232877,0.315068,0.0205479,0.0205479
509,0.0538827,0.275753,0.0602219,0.114105,0.0538827,0.442155
510,0.0498812,0.356295,0.00712589,0.0023753,0.546318,0.0380048
511,0.00543478,0.220109,0.126812,0.133152,0.000452899,0.51404
512,0.27023,0.523385,0.0155902,0.0445434,0.00074239,0.145509
513,0.105634,0.028169,0.422535,0.232394,0.147887,0.0633803
514,0.00155763,0.428349,0.185358,0.0794393,0.158879,0.146417
515,0.25,0.0673077,0.173077,0.365385,0.00961538,0.134615
516,0.199461,0.571429,0.0943396,0.0997305,0.032345,0.00269542
517,0.245283,0.0188679,0.132075,0.54717,0.0188679,0.0377358
518,0.0492958,0.295775,0.00234742,0.0117371,0.321596,0.319249
519,0.190476,0.142857,0.285714,0.285714,0.047619,0.047619
520,0.0577164,0.414053,0.0577164,0.18946,0.143036,0.138018
521,0.0564516,0.641129,0.0322581,0.104839,0.16129,0.00403226
522,0.019943,0.438746,0.034188,0.00854701,0.495726,0.002849
523,0.142857,0.285714,0.142857,0.142857,0.142857,0.142857
524,0.0623946,0.350759,0.0860034,0.0489039,0.0202361,0.431703
525,0.109244,0.0336134,0.554622,0.285714,0.00840336,0.00840336
526,0.0494297,0.307985,0.145754,0.141952,0.186312,0.168568
527,0.0612245,0.52551,0.00255102,0.0586735,0.318878,0.0331633
528,0.0203562,0.414758,0.0610687,0.109415,0.0687023,0.3257
529,0.000992063,0.202381,0.0853175,0.106151,0.564484,0.0406746
530,0.0415094,0.0377358,0.289308,0.396226,0.142138,0.0930818
531,0.00295858,0.579882,0.056213,0.0828402,0.00295858,0.275148
532,0.113208,0.0188679,0.528302,0.301887,0.0188679,0.0188679
533,0.210526,0.0526316,0.421053,0.210526,0.0526316,0.0526316
534,0.0025974,0.0779221,0.327273,0.101299,0.0025974,0.488312
535,0.00846024,0.568528,0.00338409,0.0338409,0.0203046,0.365482
536,0.0769231,0.230769,0.0769231,0.461538,0.0769231,0.0769231
537,0.00280899,0.0617978,0.233146,0.168539,0.179775,0.353933
538,0.0294118,0.0294118,0.117647,0.764706,0.0294118,0.0294118
539,0.0219479,0.336077,0.104252,0.0603567,0.00137174,0.475995
540,0.0075,0.365,0.19,0.0625,0.3725,0.0025
541,0.00297619,0.47619,0.0505952,0.0297619,0.190476,0.25
542,0.0555556,0.107639,0.121528,0.0520833,0.510417,0.152778
543,0.25,0.125,0.25,0.125,0.125,0.125
544,0.0150892,0.0864198,0.0919067,0.146776,0.0411523,0.618656
545,0.0429688,0.417969,0.0273438,0.00390625,0.425781,0.0820312
546,0.2,0.1,0.2,0.3,0.1,0.1
547,0.125,0.25,0.125,0.125,0.125,0.25
548,0.197568,0.0121581,0.474164,0.306991,0.00607903,0.00303951
549,0.00369004,0.431734,0.00369004,0.0811808,0.0258303,0.453875
550,0.0182815,0.491773,0.00182815,0.0164534,0.182815,0.288848
551,0.00288184,0.475504,0.0345821,0.115274,0.00288184,0.368876
552,0.00714286,0.0785714,0.0142857,0.00714286,0.571429,0.321429
553,0.173913,0.0434783,0.130435,0.565217,0.0434783,0.0434783
554,0.56391,0.0526316,0.18797,0.105263,0.0827068,0.0075188
555,0.0731707,0.217886,0.130081,0.110569,0.401626,0.0666667
556,0.25,0.05,0.15,0.35,0.15,0.05
557,0.00226757,0.421769,0.22449,0.0249433,0.00226757,0.324263
558,0.00214133,0.379015,0.0663812,0.0192719,0.122056,0.411135
559,0.0480591,0.118299,0.0665434,0.131238,0.00739372,0.628466
560,0.0188679,0.0188679,0.396226,0.528302,0.0188679,0.0188679
561,0.0015674,0.697492,0.039185,0.0846395,0.137931,0.039185
562,0.000786782,0.0527144,0.108576,0.136113,0.211644,0.490165
563,0.307087,0.0492126,0.566929,0.0629921,0.0019685,0.011811
564,0.047619,0.047619,0.047619,0.619048,0.190476,0.047619
565,0.1,0.1,0.5,0.1,0.1,0.1
566,0.0367578,0.817154,0.000942507,0.000942507,0.000942507,0.143261
567,0.0625,0.0625,0.375,0.25,0.1875,0.0625
568,0.00641026,0.0448718,0.384615,0.115385,0.00641026,0.442308
569,0.125,0.125,0.25,0.25,0.125,0.125
570,0.00169779,0.307301,0.0645161,0.0322581,0.0424448,0.551783
571,0.125,0.125,0.375,0.125,0.125,0.125
572,0.0027248,0.569482,0.0490463,0.0463215,0.0027248,0.3297
573,0.125,0.125,0.25,0.125,0.125,0.25
574,0.0526316,0.0526316,0.421053,0.368421,0.0526316,0.0526316
575,0.0139276,0.487465,0.0696379,0.0752089,0.00278552,0.350975
576,0.0123457,0.0493827,0.299824,0.566138,0.0617284,0.010582
577,0.0285714,0.0285714,0.657143,0.228571,0.0285714,0.0285714
578,0.00337838,0.449324,0.0439189,0.0371622,0.00337838,0.462838
579,0.0441176,0.517647,0.0205882,0.0147059,0.335294,0.0676471
580,0.137255,0.0980392,0.19281,0.297386,0.160131,0.114379
581,0.312012,0.176287,0.0327613,0.049922,0.0218409,0.407176
582,0.0271116,0.213764,0.247132,0.10219,0.0260688,0.383733
583,0.00207469,0.319502,0.0622407,0.0518672,0.161826,0.40249
584,0.0662651,0.493976,0.0120482,0.0783133,0.00301205,0.346386
585,0.000735835,0.188374,0.0927152,0.0691685,0.118469,0.530537
586,0.00891266,0.308378,0.0552585,0.0730838,0.0106952,0.543672
587,0.0237154,0.252964,0.106719,0.0869565,0.268775,0.26087
588,0.00263158,0.221053,0.113158,0.0236842,0.00263158,0.636842
589,0.635922,0.038835,0.0873786,0.213592,0.0194175,0.00485437
590,0.00228311,0.431507,0.00228311,0.00228311,0.0707763,0.490868
591,0.0471204,0.366492,0.249564,0.102967,0.225131,0.008726
592,0.0769231,0.0769231,0.230769,0.461538,0.0769231,0.0769231
593,0.00578035,0.0404624,0.121387,0.0924855,0.734104,0.00578035
594,0.24,0.0666667,0.44,0.173333,0.0666667,0.0133333
595,0.0864198,0.0444444,0.37284,0.476543,0.00246914,0.017284
596,0.101695,0.40678,0.00338983,0.00338983,0.352542,0.132203
597,0.2,0.0333333,0.5,0.2,0.0333333,0.0333333
598,0.0271186,0.0915254,0.00338983,0.105085,0.00338983,0.769492
599,0.00625,0.0875,0.00625,0.00625,0.00625,0.8875
600,0.125,0.125,0.375,0.125,0.125,0.125
601,0.0971039,0.422487,0.107325,0.180579,0.153322,0.0391823
602,0.104126,0.0805501,0.0412574,0.277014,0.353635,0.143418
603,0.0925926,0.00925926,0.537037,0.259259,0.00925926,0.0925926
604,0.00246914,0.365432,0.00246914,0.00246914,0.530864,0.0962963
605,0.0884615,0.569231,0.219231,0.115385,0.00384615,0.00384615
606,0.0462963,0.0787037,0.0416667,0.203704,0.388889,0.240741
607,0.00316456,0.525316,0.0981013,0.00316456,0.00949367,0.360759
608,0.495536,0.102679,0.200893,0.191964,0.00446429,0.00446429
609,0.0154867,0.39823,0.0353982,0.0176991,0.00221239,0.530973
610,0.00174216,0.313589,0.0487805,0.0121951,0.0783972,0.545296
611,0.0803629,0.39663,0.095269,0.169799,0.0103694,0.24757
612,0.0178571,0.0178571,0.464286,0.464286,0.0178571,0.0178571
613,0.00257732,0.0953608,0.0206186,0.0309278,0.252577,0.597938
614,0.00653595,0.901961,0.0588235,0.00653595,0.0130719,0.0130719
615,0.033419,0.580977,0.00257069,0.00257069,0.177378,0.203085
616,0.525878,0.11183,0.160813,0.0462107,0.131238,0.0240296
617,0.00106045,0.159067,0.171792,0.0604454,0.00106045,0.606575
618,0.0013947,0.570432,0.0181311,0.0181311,0.0585774,0.333333
619,0.0383142,0.0727969,0.0498084,0.0114943,0.00383142,0.823755
620,0.00463499,0.441483,0.247972,0.0289687,0.164542,0.112399
621,0.00160256,0.334936,0.179487,0.0945513,0.00160256,0.387821
622,0.0588235,0.0588235,0.470588,0.294118,0.0588235,0.0588235
623,0.00138122,0.252762,0.111878,0.106354,0.0303867,0.497238
624,0.373247,0.469256,0.0409924,0.10356,0.00107875,0.0118662
625,0.0816568,0.115976,0.107692,0.095858,0.415385,0.183432
626,0.111111,0.111111,0.111111,0.444444,0.111111,0.111111
627,0.37064,0.0508721,0.194767,0.0130814,0.00290698,0.367733
628,0.00628931,0.106918,0.106918,0.0566038,0.00628931,0.716981
629,0.0833333,0.0833333,0.5,0.0833333,0.166667,0.0833333
630,0.106346,0.337907,0.108062,0.0360206,0.00171527,0.409949
631,0.00166113,0.303987,0.0332226,0.00166113,0.16113,0.498339
632,0.195122,0.0121951,0.292683,0.426829,0.0609756,0.0121951
633,0.00217391,0.347826,0.0195652,0.0108696,0.00217391,0.617391
634,0.0116279,0.906977,0.0116279,0.0116279,0.0465116,0.0116279
635,0.0954545,0.322727,0.00454545,0.00454545,0.372727,0.2
636,0.113801,0.0308717,0.234867,0.322639,0.279661,0.0181598
637,0.00377358,0.0716981,0.00377358,0.00377358,0.509434,0.407547
638,0.0320856,0.0481283,0.026738,0.347594,0.433155,0.112299
639,0.0711462,0.624506,0.114625,0.162055,0.0237154,0.00395257
640,0.0536913,0.033557,0.208054,0.624161,0.0469799,0.033557
641,0.00224215,0.484305,0.103139,0.127803,0.00224215,0.280269
642,0.0761905,0.0285714,0.32381,0.371429,0.0190476,0.180952
643,0.00729927,0.0875912,0.0145985,0.00729927,0.554745,0.328467
644,0.125,0.125,0.125,0.375,0.125,0.125
645,0.111111,0.111111,0.111111,0.444444,0.111111,0.111111
646,0.262376,0.0148515,0.336634,0.376238,0.0049505,0.0049505
647,0.013567,0.256642,0.149802,0.110797,0.0819672,0.387224
648,0.0625,0.0625,0.625,0.125,0.0625,0.0625
649,0.0352423,0.0726872,0.286344,0.378855,0.151982,0.0748899
650,0.0726744,0.398256,0.0755814,0.369186,0.0813953,0.00290698
651,0.00101937,0.205912,0.00815494,0.0448522,0.00101937,0.739042
652,0.00342466,0.0787671,0.0205479,0.00342466,0.356164,0.537671
653,0.0011655,0.210956,0.0128205,0.0198135,0.520979,0.234266
654,0.0588235,0.0588235,0.529412,0.117647,0.176471,0.0588235
655,0.013289,0.0664452,0.0863787,0.0730897,0.00332226,0.757475
656,0.0128617,0.5209,0.00321543,0.0128617,0.257235,0.192926
657,0.0407332,0.0610998,0.130346,0.228106,0.409369,0.130346
658,0.0128205,0.025641,0.0897436,0.730769,0.0128205,0.128205
659,0.0465632,0.0798226,0.210643,0.37694,0.283814,0.00221729
660,0.00238095,0.32619,0.0380952,0.0214286,0.00238095,0.609524
661,0.00740741,0.0888889,0.17037,0.159259,0.551852,0.0222222
662,0.0380048,0.453682,0.149644,0.0308789,0.213777,0.114014
663,0.03125,0.484375,0.110795,0.171875,0.109375,0.0923295
664,0.00229358,0.658257,0.016055,0.0229358,0.00229358,0.298165
665,0.05,0.5825,0.0225,0.055,0.0025,0.2875
666,0.295758,0.253333,0.162424,0.12,0.10303,0.0654545
667,0.0134409,0.350358,0.180108,0.139785,0.0188172,0.297491
668,0.00152905,0.058104,0.00152905,0.00152905,0.600917,0.336391
669,0.0155763,0.285047,0.0794393,0.247664,0.00155763,0.370717
670,0.03,0.43,0.0533333,0.0466667,0.393333,0.0466667
671,0.0714286,0.0714286,0.5,0.214286,0.0714286,0.0714286
672,0.00268097,0.434316,0.158177,0.0321716,0.198391,0.174263
673,0.0937167,0.378062,0.112886,0.14803,0.248136,0.0191693
674,0.30869,0.686122,0.00129702,0.00129702,0.00129702,0.00129702
675,0.125,0.0416667,0.458333,0.208333,0.125,0.0416667
676,0.0495868,0.0826446,0.256198,0.578512,0.0165289,0.0165289
677,0.0942792,0.6,0.017849,0.0494279,0.0187643,0.21968
678,0.1,0.1,0.5,0.1,0.1,0.1
679,0.101655,0.326241,0.0189125,0.146572,0.404255,0.00236407
680,0.0602837,0.432624,0.0283688,0.0177305,0.191489,0.269504
681,0.0162095,0.311721,0.0224439,0.0411471,0.00124688,0.607232
682,0.0914454,0.522124,0.00294985,0.00589971,0.0265487,0.351032
683,0.0755814,0.0891473,0.213178,0.0658915,0.405039,0.151163
684,0.142857,0.142857,0.285714,0.142857,0.142857,0.142857
685,0.0111857,0.340045,0.0514541,0.12528,0.33557,0.136465
686,0.281588,0.108303,0.180505,0.397112,0.0252708,0.00722022
687,0.00449775,0.0389805,0.206897,0.361319,0.0389805,0.349325
688,0.00154083,0.305085,0.0107858,0.0955316,0.217257,0.3698
689,0.492611,0.192118,0.142857,0.118227,0.00492611,0.0492611
690,0.027027,0.0135135,0.662162,0.27027,0.0135135,0.0135135
691,0.00289855,0.524638,0.00289855,0.00289855,0.457971,0.00869565
692,0.00361664,0.0266727,0.327758,0.382007,0.127034,0.132911
693,0.0222222,0.111111,0.577778,0.133333,0.0666667,0.0888889
694,0.0842391,0.326087,0.1875,0.0163043,0.383152,0.00271739
695,0.792115,0.00358423,0.132616,0.0645161,0.00358423,0.00358423
696,0.111111,0.244444,0.253704,0.1,0.235185,0.0555556
697,0.0909091,0.0909091,0.272727,0.363636,0.0909091,0.0909091
698,0.138211,0.654472,0.097561,0.0894309,0.00406504,0.0162602
699,0.047619,0.15873,0.619048,0.015873,0.015873,0.142857
700,0.0052356,0.827225,0.0052356,0.13089,0.0052356,0.026178
701,0.030303,0.003367,0.299663,0.653199,0.00673401,0.00673401
702,0.011257,0.260788,0.0825516,0.185741,0.000938086,0.458724
703,0.00510204,0.27551,0.00510204,0.0357143,0.668367,0.0102041
704,0.208319,0.121131,0.191348,0.16772,0.0562396,0.255241
705,0.00268097,0.0616622,0.00268097,0.00268097,0.00268097,0.927614
706,0.00769231,0.0615385,0.00769231,0.00769231,0.523077,0.392308
707,0.166667,0.0833333,0.0833333,0.416667,0.166667,0.0833333
708,0.00290698,0.0639535,0.0436047,0.0639535,0.223837,0.601744
709,0.0159151,0.0981432,0.132626,0.0450928,0.00265252,0.70557
710,0.0294737,0.315789,0.176842,0.162105,0.284211,0.0315789
711,0.0018622,0.275605,0.027933,0.00372439,0.543762,0.147114
712,0.00487805,0.0536585,0.185366,0.0682927,0.536585,0.15122
713,0.0176056,0.299296,0.0211268,0.0492958,0.126761,0.485915
714,0.105263,0.0526316,0.473684,0.263158,0.0526316,0.0526316
715,0.0815085,0.261557,0.06691,0.0997567,0.485401,0.00486618
716,0.568421,0.0105263,0.0842105,0.221053,0.0631579,0.0526316
717,0.00234192,0.423888,0.00234192,0.00234192,0.00234192,0.566745
718,0.0833333,0.0833333,0.25,0.333333,0.166667,0.0833333
719,0.00250627,0.0601504,0.00250627,0.0150376,0.629073,0.290727
720,0.0414747,0.410138,0.0322581,0.00460829,0.00460829,0.506912
721,0.00363636,0.509091,0.00363636,0.0181818,0.305455,0.16
722,0.00355872,0.0676157,0.0106762,0.0284698,0.619217,0.270463
723,0.59375,0.1875,0.125,0.03125,0.03125,0.03125
724,0.0909091,0.0151515,0.621212,0.0909091,0.166667,0.0151515
725,0.2,0.0333333,0.2,0.3,0.233333,0.0333333
726,0.00194175,0.380583,0.0330097,0.0213592,0.0970874,0.466019
727,0.0388889,0.325926,0.0444444,0.0944444,0.37037,0.125926
728,0.0588235,0.411765,0.0588235,0.0588235,0.235294,0.176471
729,0.00315457,0.44795,0.0347003,0.0157729,0.479495,0.0189274
730,0.00740741,0.037037,0.00740741,0.00740741,0.785185,0.155556
731,0.142857,0.032967,0.395604,0.395604,0.010989,0.021978
732,0.0333333,0.0333333,0.633333,0.233333,0.0333333,0.0333333
733,0.0671642,0.0447761,0.19403,0.395522,0.171642,0.126866
734,0.045584,0.0683761,0.0712251,0.441595,0.356125,0.017094
735,0.123711,0.0412371,0.546392,0.206186,0.0103093,0.0721649
736,0.00515464,0.0412371,0.170103,0.226804,0.314433,0.242268
737,0.015625,0.046875,0.28125,0.625,0.015625,0.015625
738,0.0804124,0.608247,0.00618557,0.00206186,0.270103,0.0329897
739,0.00169779,0.310696,0.0458404,0.00848896,0.00169779,0.631579
740,0.0344828,0.0344828,0.655172,0.172414,0.0344828,0.0689655
741,0.0991736,0.0330579,0.214876,0.636364,0.00826446,0.00826446
742,0.265306,0.0204082,0.346939,0.183673,0.0204082,0.163265
743,0.045203,0.0857934,0.156827,0.321956,0.293358,0.0968635
744,0.0022779,0.341686,0.113895,0.0159453,0.0022779,0.523918
745,0.607843,0.027451,0.0352941,0.235294,0.054902,0.0392157
746,0.00826446,0.121212,0.00275482,0.0110193,0.482094,0.374656
747,0.00687285,0.0618557,0.0206186,0.0171821,0.656357,0.237113
748,0.0288462,0.163462,0.326923,0.403846,0.0673077,0.00961538
749,0.0188679,0.150943,0.358491,0.245283,0.207547,0.0188679
750,0.0183486,0.0619266,0.00688073,0.043578,0.541284,0.327982
751,0.00233645,0.408879,0.00700935,0.00233645,0.00233645,0.577103
752,0.013289,0.329734,0.0548173,0.0398671,0.0141196,0.548173
753,0.0277778,0.0555556,0.333333,0.5,0.0555556,0.0277778
754,0.00485437,0.786408,0.169903,0.0291262,0.00485437,0.00485437
755,0.1,0.1,0.4,0.2,0.1,0.1
756,0.0286976,0.311258,0.0419426,0.0573951,0.00220751,0.558499
757,0.101562,0.0390625,0.460938,0.25,0.09375,0.0546875
758,0.507865,0.0988764,0.0966292,0.289888,0.00224719,0.00449438
759,0.1,0.1,0.3,0.3,0.1,0.1
760,0.0021322,0.41791,0.0298507,0.0021322,0.183369,0.364606
761,0.137931,0.0344828,0.37931,0.37931,0.0344828,0.0344828
762,0.0607143,0.414286,0.00357143,0.05,0.467857,0.00357143
763,0.00578035,0.0520231,0.121387,0.0462428,0.768786,0.00578035
764,0.0804769,0.071535,0.247392,0.104322,0.412817,0.0834575
765,0.003663,0.435897,0.00732601,0.018315,0.443223,0.0915751
766,0.00225734,0.444695,0.0361174,0.00902935,0.0293454,0.478555
767,0.000925069,0.334875,0.13691,0.0962072,0.000925069,0.430157
768,0.00131234,0.354331,0.124672,0.0787402,0.328084,0.112861
769,0.1,0.1,0.1,0.5,0.1,0.1
770,0.03125,0.03125,0.75,0.03125,0.03125,0.125
771,0.00384615,0.694872,0.0166667,0.0705128,0.00128205,0.212821
772,0.0570342,0.224335,0.0646388,0.0570342,0.547529,0.0494297
773,0.25,0.25,0.125,0.125,0.125,0.125
774,0.0333333,0.0333333,0.3,0.4,0.2,0.0333333
775,0.00699301,0.048951,0.013986,0.00699301,0.461538,0.461538
776,0.164948,0.0206186,0.597938,0.0824742,0.0103093,0.123711
777,0.00319489,0.0702875,0.121406,0.00638978,0.0734824,0.72524
778,0.0115607,0.529865,0.017341,0.00192678,0.017341,0.421965
779,0.0291611,0.265141,0.192463,0.08524,0.311799,0.116196
780,0.00164204,0.444992,0.0640394,0.0574713,0.0788177,0.353038
781,0.00343643,0.556701,0.00343643,0.00343643,0.00343643,0.429553
782,0.278947,0.00526316,0.3,0.389474,0.0210526,0.00526316
783,0.185185,0.232593,0.268148,0.0918519,0.00444444,0.217778
784,0.00230415,0.412442,0.016129,0.00230415,0.0852535,0.481567
785,0.0211082,0.28584,0.148637,0.208443,0.0105541,0.325418
786,0.00240385,0.0600962,0.0480769,0.0408654,0.00721154,0.841346
787,0.00135685,0.263229,0.0502035,0.0257802,0.00135685,0.658073
788,0.00684932,0.116438,0.349315,0.458904,0.00684932,0.0616438
789,0.0381679,0.0687023,0.557252,0.320611,0.00763359,0.00763359
790,0.00163666,0.268412,0.0392799,0.0605565,0.494272,0.135843
791,0.153846,0.0769231,0.0769231,0.384615,0.0769231,0.230769
792,0.00367647,0.485294,0.00367647,0.00367647,0.5,0.00367647
793,0.05,0.0666667,0.366667,0.433333,0.0333333,0.05
794,0.888372,0.00465116,0.0930233,0.00465116,0.00465116,0.00465116
795,0.00884956,0.495575,0.0619469,0.0973451,0.00884956,0.327434
796,0.00746269,0.0447761,0.00746269,0.00746269,0.5,0.432836
797,0.00211416,0.05074,0.0866808,0.270613,0.587738,0.00211416
798,0.115942,0.0434783,0.0869565,0.652174,0.0869565,0.0144928
799,0.0025,0.3475,0.21,0.075,0.0025,0.3625
800,0.04,0.04,0.04,0.56,0.28,0.04
801,0.0666667,0.0666667,0.0666667,0.666667,0.0666667,0.0666667
802,0.00330033,0.610561,0.00330033,0.00330033,0.00330033,0.376238
803,0.00762389,0.364676,0.177891,0.101652,0.0965693,0.251588
804,0.0666667,0.0666667,0.666667,0.0666667,0.0666667,0.0666667
805,0.0333333,0.0333333,0.433333,0.433333,0.0333333,0.0333333
806,0.0570919,0.64496,0.0205174,0.000892061,0.236396,0.0401427
807,0.00286533,0.541547,0.00286533,0.025788,0.275072,0.151862
808,0.00696864,0.533101,0.00348432,0.0383275,0.00348432,0.414634
809,0.0537313,0.402985,0.0134328,0.10597,0.3,0.123881
810,0.00302115,0.634441,0.00302115,0.00302115,0.00302115,0.353474
811,0.0114943,0.0114943,0.333333,0.609195,0.0229885,0.0114943
812,0.109091,0.163636,0.381818,0.272727,0.0181818,0.0545455
813,0.00081367,0.147274,0.0447518,0.0585842,0.572823,0.175753
814,0.0164512,0.419506,0.158637,0.0470035,0.105758,0.252644
815,0.00419287,0.0461216,0.21174,0.199161,0.331237,0.207547
816,0.00361011,0.483755,0.0469314,0.00361011,0.429603,0.032491
817,0.160839,0.034965,0.58042,0.167832,0.048951,0.00699301
818,0.111111,0.111111,0.333333,0.111111,0.222222,0.111111
819,0.027088,0.609481,0.0451467,0.00225734,0.160271,0.155756
820,0.00704225,0.0774648,0.0704225,0.00704225,0.140845,0.697183
821,0.000568828,0.489192,0.0790671,0.118885,0.0631399,0.249147
822,0.2,0.1,0.1,0.4,0.1,0.1
823,0.0526316,0.0526316,0.157895,0.631579,0.0526316,0.0526316
824,0.0344828,0.0689655,0.0344828,0.551724,0.0344828,0.275862
825,0.1,0.1,0.2,0.4,0.1,0.1
826,0.135922,0.038835,0.242718,0.543689,0.00970874,0.0291262
827,0.137931,0.0689655,0.103448,0.62069,0.0344828,0.0344828
828,0.757143,0.0142857,0.185714,0.0142857,0.0142857,0.0142857
829,0.558233,0.0682731,0.0963855,0.232932,0.0321285,0.0120482
830,0.0015949,0.594896,0.0749601,0.0111643,0.288676,0.0287081
831,0.0392157,0.0490196,0.411765,0.45098,0.00980392,0.0392157
832,0.0779221,0.201798,0.024975,0.0589411,0.0709291,0.565435
833,0.0491803,0.0163934,0.0327869,0.868852,0.0163934,0.0163934
834,0.00101937,0.229358,0.0224261,0.0203874,0.00101937,0.72579
835,0.125,0.125,0.25,0.25,0.125,0.125
836,0.0202703,0.540541,0.00337838,0.00675676,0.0878378,0.341216
837,0.00314465,0.946541,0.0408805,0.00314465,0.00314465,0.00314465
838,0.384615,0.153846,0.0769231,0.230769,0.0769231,0.0769231
839,0.0909091,0.0909091,0.272727,0.363636,0.0909091,0.0909091
840,0.0692384,0.296736,0.128586,0.0474777,0.0187933,0.439169
841,0.108159,0.0322581,0.565465,0.267552,0.0113852,0.0151803
842,0.00970874,0.440129,0.100324,0.00323625,0.0226537,0.423948
843,0.00729927,0.0510949,0.0145985,0.00729927,0.532847,0.386861
844,0.037037,0.037037,0.296296,0.037037,0.333333,0.259259
845,0.0769231,0.0307692,0.169231,0.676923,0.0153846,0.0307692
846,0.00340136,0.0816327,0.037415,0.0544218,0.00340136,0.819728
847,0.00342466,0.530822,0.00342466,0.00342466,0.232877,0.226027
848,0.0037037,0.122222,0.362963,0.148148,0.355556,0.00740741
849,0.00315457,0.570978,0.0189274,0.0189274,0.00315457,0.384858
850,0.111111,0.111111,0.333333,0.111111,0.222222,0.111111
851,0.0896226,0.726415,0.0424528,0.127358,0.00943396,0.00471698
852,0.517348,0.0269854,0.17579,0.189668,0.077872,0.0123362
853,0.316667,0.0166667,0.233333,0.4,0.0166667,0.0166667
854,0.004,0.1,0.032,0.18,0.064,0.62
855,0.0344828,0.0517241,0.293103,0.586207,0.0172414,0.0172414
856,0.00209644,0.578616,0.0125786,0.12369,0.0607966,0.222222
857,0.0446927,0.269553,0.0684358,0.0810056,0.532123,0.00418994
858,0.00115741,0.208333,0.127315,0.103009,0.00115741,0.559028
859,0.0209974,0.511811,0.0761155,0.0367454,0.194226,0.160105
860,0.00347222,0.53125,0.0347222,0.0173611,0.309028,0.104167
861,0.0740741,0.108932,0.0718954,0.0740741,0.248366,0.422658
862,0.00177305,0.492908,0.037234,0.106383,0.00177305,0.359929
863,0.0357853,0.652087,0.0139165,0.00198807,0.00198807,0.294235
864,0.00099108,0.31219,0.0654113,0.100099,0.339941,0.181368
865,0.0456491,0.507846,0.0627675,0.0385164,0.00713267,0.338088
866,0.00177305,0.446809,0.0319149,0.0230496,0.475177,0.0212766
867,0.00581395,0.0523256,0.174419,0.697674,0.0232558,0.0465116
868,0.375,0.0208333,0.3125,0.208333,0.0625,0.0208333
869,0.125,0.25,0.125,0.125,0.125,0.25
870,0.00295858,0.659763,0.0236686,0.00295858,0.00295858,0.307692
871,0.00486224,0.421394,0.0551053,0.0858995,0.220421,0.212318
872,0.117647,0.0588235,0.529412,0.176471,0.0588235,0.0588235
873,0.00323625,0.0647249,0.0744337,0.0291262,0.614887,0.213592
874,0.0285714,0.0285714,0.6,0.285714,0.0285714,0.0285714
875,0.462882,0.333333,0.0014556,0.0014556,0.0713246,0.129549
876,0.00623053,0.563863,0.00311526,0.0498442,0.330218,0.046729
877,0.169811,0.342318,0.0566038,0.0242588,0.374663,0.032345
878,0.142857,0.142857,0.285714,0.142857,0.142857,0.142857
879,0.0078125,0.046875,0.0078125,0.0078125,0.664062,0.265625
880,0.0560345,0.362069,0.0301724,0.00431034,0.00431034,0.543103
881,0.00262467,0.660542,0.0699913,0.111986,0.0927384,0.0621172
882,0.015919,0.335745,0.0709117,0.0607815,0.13314,0.383502
883,0.0769231,0.0384615,0.384615,0.423077,0.0384615,0.0384615
884,0.0021645,0.443723,0.0021645,0.0194805,0.0151515,0.517316
885,0.0341753,0.0460624,0.257058,0.350669,0.0742942,0.237741
886,0.00220751,0.578366,0.125828,0.169978,0.00883002,0.11479
887,0.1,0.2,0.3,0.3,0.05,0.05
888,0.0621762,0.0414508,0.409326,0.19171,0.290155,0.00518135
889,0.0245499,0.322422,0.0932897,0.11293,0.315876,0.130933
890,0.008,0.04,0.016,0.008,0.024,0.904
891,0.00228833,0.537757,0.0160183,0.155606,0.00915332,0.279176
892,0.362963,0.00740741,0.296296,0.318519,0.00740741,0.00740741
893,0.116279,0.0232558,0.209302,0.604651,0.0232558,0.0232558
894,0.0506512,0.0607815,0.0260492,0.0144718,0.182344,0.665702
895,0.00934579,0.0373832,0.635514,0.299065,0.00934579,0.00934579
896,0.0357143,0.142857,0.321429,0.357143,0.0714286,0.0714286
897,0.05,0.05,0.15,0.65,0.05,0.05
898,0.125,0.125,0.25,0.25,0.125,0.125
899,0.2,0.1,0.2,0.3,0.1,0.1
900,0.14553,0.4158,0.0706861,0.0686071,0.232848,0.0665281
901,0.00561798,0.214505,0.0546476,0.194076,0.0597549,0.471399
902,0.0720721,0.873874,0.0405405,0.0045045,0.0045045,0.0045045
903,0.0833333,0.0625,0.4375,0.375,0.0208333,0.0208333
904,0.0816327,0.576531,0.0357143,0.0459184,0.00510204,0.255102
905,0.0817814,0.225911,0.0987854,0.311741,0.259109,0.0226721
906,0.00251889,0.609572,0.0302267,0.0554156,0.00251889,0.299748
907,0.0155642,0.786548,0.00500278,0.00944969,0.000555864,0.182879
908,0.011378,0.447535,0.164349,0.0391909,0.00126422,0.336283
909,0.037037,0.037037,0.407407,0.296296,0.037037,0.185185
