CWE-310,CWE-79,CWE-94,CWE-200,CWE-16,CWE-89,CWE-264,CWE-79,CWE-17,CWE-264,CWE-255,CWE-134,CWE-17,NA,CWE-119,CWE-17,NA,CWE-119,CWE-22,CWE-287,CWE-255,CWE-89,CWE-79,CWE-119,CWE-94,CWE-79,CWE-264,NA,CWE-119,CWE-20,CWE-200,CWE-399,NA,CWE-77,CWE-264,CWE-310,CWE-22,CWE-20,CWE-352,NA
certif (0.110),script (0.118),remot (0.133),password (0.044),note (0.108),sql (0.117),remot (0.055),script (0.098),remot (0.055),file (0.090),remot (0.030),remot (0.053),remot (0.041),note (0.142),overflow (0.064),user (0.043),inform (0.247),offic (0.058),dot (0.094),remot (0.050),vector (0.065),sql (0.141),script (0.111),remot (0.042),file (0.094),remot (0.048),user (0.072),oracl (0.091),vulner (0.061),servic (0.063),remot (0.061),servic (0.050),note (0.076),remot (0.047),window (0.128),remot (0.039),file (0.077),servic (0.064),request (0.079),candid (0.214)
server (0.109),paramet (0.070),paramet (0.074),inform (0.043),issu (0.062),remot (0.065),user (0.044),web (0.064),caus (0.051),user (0.071),password (0.029),servic (0.046),arbitrari (0.030),candid (0.083),execut (0.062),kernel (0.041),note (0.169),vulner (0.051),file (0.073),cisco (0.027),vulner (0.059),paramet (0.084),vulner (0.057),overflow (0.040),upload (0.072),site (0.025),local (0.066),vulner (0.076),adob (0.058),remot (0.055),obtain (0.051),caus (0.050),inform (0.045),arbitrari (0.033),vulner (0.047),server (0.028),remot (0.063),caus (0.061),remot (0.052),refer (0.108)
android (0.058),site (0.059),file (0.072),sensit (0.039),vulner (0.037),arbitrari (0.063),authent (0.036),vulner (0.059),servic (0.051),local (0.060),user (0.027),execut (0.040),execut (0.028),issu (0.068),arbitrari (0.061),local (0.038),obtain (0.168),execut (0.048),directori (0.064),authent (0.023),unknown (0.051),remot (0.071),remot (0.055),caus (0.038),remot (0.059),web (0.022),privileg (0.049),vector (0.062),execut (0.050),denial (0.053),inform (0.049),remot (0.048),issu (0.043),file (0.031),server (0.047),doe (0.025),dot (0.061),denial (0.058),site (0.050),number (0.060)
doe (0.055),web (0.059),code (0.069),user (0.038),disput (0.027),execut (0.062),access (0.026),remot (0.057),denial (0.051),arbitrari (0.034),doe (0.019),caus (0.040),code (0.022),reason (0.045),buffer (0.061),caus (0.034),parti (0.168),code (0.048),paramet (0.063),user (0.022),remot (0.050),arbitrari (0.071),site (0.055),code (0.038),execut (0.057),script (0.021),gain (0.047),affect (0.059),arbitrari (0.049),caus (0.053),path (0.045),denial (0.047),oracl (0.038),execut (0.030),user (0.035),certif (0.022),directori (0.061),remot (0.055),vulner (0.049),reject (0.058)
spoof (0.055),vulner (0.059),arbitrari (0.068),obtain (0.038),fix (0.020),command (0.061),doe (0.024),arbitrari (0.055),vector (0.039),privileg (0.021),access (0.017),arbitrari (0.040),applic (0.021),number (0.040),code (0.059),servic (0.032),unknown (0.083),remot (0.046),remot (0.063),id (0.021),manag (0.032),execut (0.071),web (0.055),arbitrari (0.037),arbitrari (0.054),doe (0.018),overflow (0.042),remot (0.054),code (0.049),cisco (0.042),sensit (0.043),consumpt (0.019),claim (0.032),command (0.021),local (0.033),properli (0.014),arbitrari (0.060),crash (0.028),cross (0.049),accident (0.055)
man (0.055),remot (0.058),execut (0.067),file (0.036),vendor (0.018),vulner (0.060),bypass (0.022),site (0.054),vulner (0.031),overwrit (0.021),make (0.017),denial (0.039),java (0.020),reject (0.040),remot (0.058),denial (0.031),proven (0.083),arbitrari (0.045),travers (0.063),access (0.020),user (0.027),vulner (0.071),cross (0.055),execut (0.037),code (0.052),cross (0.015),buffer (0.042),unknown (0.053),memori (0.049),devic (0.033),error (0.041),request (0.017),comment (0.027),bypass (0.015),privileg (0.032),spoof (0.013),vulner (0.053),packet (0.022),csrf (0.045),remov (0.054)
middl (0.055),arbitrari (0.058),vulner (0.066),remot (0.035),exist (0.018),inject (0.060),restrict (0.017),inject (0.053),possibl (0.031),temporari (0.018),obtain (0.016),overflow (0.038),craft (0.020),vulner (0.029),base (0.036),function (0.027),sole (0.072),memori (0.035),arbitrari (0.062),bug (0.019),servic (0.021),inject (0.071),arbitrari (0.054),servic (0.037),vulner (0.037),file (0.015),execut (0.031),compon (0.050),corrupt (0.048),packet (0.031),messag (0.040),crash (0.017),previou (0.026),function (0.013),gold (0.028),http (0.013),travers (0.051),server (0.018),forgeri (0.045),prevent (0.054)
ssl (0.055),cross (0.058),path (0.027),store (0.030),state (0.013),paramet (0.057),administr (0.016),xss (0.050),impact (0.026),permiss (0.017),easier (0.016),buffer (0.037),doe (0.017),vector (0.028),long (0.032),memori (0.021),sourc (0.002),excel (0.034),vulner (0.060),arbitrari (0.017),impact (0.020),command (0.071),xss (0.054),denial (0.036),extens (0.022),craft (0.015),command (0.027),relat (0.048),differ (0.042),id (0.029),request (0.035),file (0.015),relat (0.025),user (0.012),gain (0.027),ssl (0.012),read (0.036),function (0.015),hijack (0.041),descript (0.054)
verifi (0.054),xss (0.057),earlier (0.022),access (0.025),report (0.013),user (0.017),properli (0.015),cross (0.049),code (0.025),gain (0.017),authent (0.013),code (0.036),vulner (0.017),overlap (0.026),stack (0.024),doe (0.016),portion (0.001),craft (0.030),includ (0.034),obtain (0.016),arbitrari (0.018),id (0.030),inject (0.052),craft (0.033),unrestrict (0.019),arbitrari (0.015),arbitrari (0.025),integr (0.037),servic (0.039),bug (0.028),paramet (0.031),entiti (0.015),research (0.025),code (0.012),directori (0.021),bypass (0.011),server (0.020),craft (0.014),authent (0.040),usag (0.054)
craft (0.053),inject (0.057),includ (0.021),local (0.025),origin (0.012),multipl (0.017),paramet (0.013),vector (0.022),chrome (0.025),directori (0.015),kei (0.011),long (0.029),file (0.016),affect (0.025),file (0.019),crash (0.013),issu (0.001),corrupt (0.028),read (0.029),manag (0.016),authent (0.018),index (0.023),vector (0.018),buffer (0.030),direct (0.018),vulner (0.015),long (0.025),confidenti (0.035),caus (0.038),craft (0.019),reveal (0.030),craft (0.014),reliabl (0.023),vulner (0.011),craft (0.021),man (0.011),paramet (0.017),daemon (0.010),user (0.030),note (0.054)
inform (0.052),multipl (0.022),multipl (0.019),web (0.022),parti (0.011),earlier (0.014),privileg (0.013),paramet (0.021),execut (0.024),creat (0.015),bypass (0.011),crash (0.024),vector (0.014),id (0.024),craft (0.016),craft (0.012),bid (0.000),file (0.028),execut (0.027),web (0.014),obtain (0.017),asp (0.019),paramet (0.017),file (0.027),access (0.017),bypass (0.014),root (0.023),user (0.030),denial (0.038),reload (0.012),file (0.027),server (0.014),vendor (0.022),doe (0.011),vista (0.019),middl (0.011),sequenc (0.013),request (0.010),administr (0.029),instead (0.051)
obtain (0.052),index (0.017),class (0.014),request (0.019),research (0.009),id (0.013),modifi (0.013),user (0.016),arbitrari (0.023),doe (0.011),local (0.010),possibl (0.024),properli (0.014),differ (0.023),function (0.015),privileg (0.012),analysi (0.000),word (0.027),local (0.026),request (0.013),inform (0.016),action (0.016),user (0.015),crash (0.025),authent (0.017),properli (0.013),vulner (0.020),avail (0.029),air (0.030),seri (0.011),instal (0.023),http (0.013),identifi (0.015),charact (0.011),file (0.018),session (0.011),web (0.012),applic (0.010),arbitrari (0.015),user (0.051)
sensit (0.052),search (0.013),index (0.011),root (0.018),vector (0.009),vector (0.013),gain (0.012),manag (0.015),crash (0.022),earlier (0.010),properli (0.009),server (0.023),earlier (0.013),report (0.020),multipl (0.012),properli (0.011),post (0.000),object (0.020),index (0.023),command (0.013),server (0.016),multipl (0.014),multipl (0.014),function (0.023),request (0.016),user (0.012),variabl (0.019),java (0.027),appl (0.030),softwar (0.010),direct (0.023),memori (0.013),advisori (0.014),properli (0.010),path (0.018),authent (0.010),earlier (0.012),doe (0.010),multipl (0.014),reason (0.051)
applic (0.052),earlier (0.013),global (0.011),read (0.018),product (0.008),authent (0.013),request (0.012),server (0.013),unknown (0.020),modifi (0.010),account (0.009),string (0.020),access (0.013),cover (0.020),control (0.012),vector (0.010),report (0.000),mac (0.017),sequenc (0.013),password (0.012),execut (0.015),earlier (0.013),modul (0.011),possibl (0.018),paramet (0.016),xss (0.011),code (0.017),earlier (0.024),remot (0.027),crash (0.010),invalid (0.014),function (0.010),obtain (0.014),paramet (0.009),kernel (0.016),user (0.010),user (0.012),earlier (0.010),vector (0.014),duplic (0.050)
mobil (0.003),action (0.010),root (0.011),database (0.016),privileg (0.008),index (0.010),arbitrari (0.011),multipl (0.012),memori (0.019),execut (0.009),inform (0.009),command (0.017),user (0.012),later (0.019),server (0.011),os (0.010),disclosur (0.000),properli (0.016),earlier (0.013),server (0.012),sensit (0.014),compon (0.007),authent (0.010),applic (0.017),user (0.015),inform (0.011),program (0.017),authent (0.022),craft (0.026),secur (0.009),server (0.013),doe (0.010),action (0.013),inject (0.009),search (0.015),obtain (0.010),request (0.010),memori (0.009),action (0.014),reserv (0.013)
common (0.003),asp (0.008),modul (0.010),control (0.016),doe (0.007),login (0.008),modul (0.011),redirect (0.011),applic (0.018),read (0.008),physic (0.008),earlier (0.014),updat (0.012),associ (0.018),heap (0.011),gain (0.010),result (0.000),document (0.014),multipl (0.009),administr (0.012),relat (0.013),modul (0.007),field (0.008),base (0.016),inject (0.015),explor (0.011),environ (0.014),server (0.021),vector (0.026),vulner (0.008),certain (0.011),user (0.010),disclosur (0.013),earlier (0.009),trojan (0.015),inform (0.009),overwrit (0.009),vulner (0.009),paramet (0.013),id (0.002)
valid (0.003),id (0.006),lib (0.008),server (0.016),error (0.007),asp (0.008),set (0.011),craft (0.009),free (0.016),program (0.008),forc (0.008),format (0.014),server (0.011),request (0.016),user (0.010),certain (0.010),descript (0.000),explor (0.014),modul (0.007),devic (0.011),access (0.011),cat (0.005),earlier (0.008),integ (0.015),earlier (0.012),domain (0.011),argument (0.014),updat (0.013),os (0.025),implement (0.008),earlier (0.010),larg (0.010),assign (0.013),shell (0.009),hors (0.015),make (0.009),creat (0.009),trigger (0.008),chang (0.011),sequenc (0.001)
arbitrari (0.002),field (0.006),regist (0.008),direct (0.015),includ (0.007),action (0.008),obtain (0.010),authent (0.008),corrupt (0.015),instal (0.007),appl (0.007),function (0.013),bypass (0.010),assign (0.015),earlier (0.009),guest (0.009),like (0.000),viewer (0.014),lang (0.006),firmwar (0.011),code (0.011),search (0.005),relat (0.007),heap (0.015),imag (0.011),window (0.010),earlier (0.013),suit (0.013),window (0.024),memori (0.008),demonstr (0.010),properli (0.009),purpos (0.012),viru (0.008),execut (0.014),access (0.009),path (0.008),null (0.008),session (0.009),syntax (0.001)
subject (0.002),modul (0.006),enabl (0.008),log (0.015),file (0.007),function (0.007),password (0.010),http (0.008),function (0.015),access (0.007),sensit (0.007),base (0.011),restrict (0.010),did (0.015),argument (0.008),possibl (0.009),avail (0.000),server (0.012),possibl (0.005),file (0.011),caus (0.011),script (0.005),messag (0.006),trigger (0.013),vector (0.008),execut (0.010),line (0.011),enterpris (0.011),explor (0.021),messag (0.008),index (0.009),applic (0.008),track (0.012),demonstr (0.008),applic (0.013),request (0.009),authent (0.008),connect (0.008),plugin (0.009),digit (0.001)
domain (0.002),user (0.005),function (0.005),gain (0.011),secur (0.007),password (0.006),vector (0.010),conduct (0.008),relat (0.014),log (0.007),server (0.007),vulner (0.011),method (0.009),individu (0.014),exe (0.008),driver (0.008),dib (0.000),format (0.012),languag (0.005),inform (0.011),denial (0.011),vector (0.005),page (0.006),memori (0.012),static (0.007),conduct (0.010),path (0.010),applic (0.010),web (0.021),sip (0.007),web (0.008),read (0.008),base (0.011),server (0.008),untrust (0.013),client (0.009),list (0.007),larg (0.008),web (0.008),exampl (0.001)
field (0.002),page (0.005),templat (0.005),privileg (0.009),code (0.007),field (0.006),intend (0.010),earlier (0.006),craft (0.014),root (0.007),login (0.007),request (0.011),privileg (0.008),withdrawn (0.014),vector (0.008),obtain (0.007),later (0.000),overflow (0.011),action (0.005),execut (0.011),data (0.011),view (0.004),tag (0.005),imag (0.011),directori (0.007),content (0.010),string (0.010),manag (0.010),site (0.021),manag (0.007),leak (0.006),relat (0.008),vagu (0.011),contain (0.007),remot (0.013),secur (0.008),command (0.007),properli (0.007),earlier (0.008),chang (0.001)
match (0.002),login (0.005),new (0.005),configur (0.009),result (0.006),search (0.006),read (0.008),id (0.005),doe (0.012),properli (0.006),session (0.007),user (0.010),authent (0.008),secur (0.013),paramet (0.007),inform (0.007),appear (0.000),trigger (0.011),compon (0.005),interfac (0.010),local (0.010),forum (0.004),function (0.005),appl (0.011),note (0.007),chrome (0.009),vector (0.009),database (0.009),acrobat (0.021),consumpt (0.007),page (0.006),extern (0.008),disput (0.010),craft (0.007),driver (0.013),easier (0.008),method (0.007),messag (0.007),manag (0.008),frequent (0.001)
free (0.002),possibl (0.004),disput (0.005),credenti (0.008),affect (0.006),modul (0.005),inform (0.008),open (0.005),properli (0.012),script (0.006),brute (0.007),multipl (0.008),web (0.008),identifi (0.013),window (0.007),net (0.007),base (0.000),access (0.010),page (0.005),doe (0.010),file (0.009),new (0.004),titl (0.004),valu (0.009),script (0.006),vector (0.009),remot (0.009),local (0.009),player (0.018),control (0.007),includ (0.006),contain (0.008),remot (0.009),variabl (0.007),arbitrari (0.012),cooki (0.008),control (0.006),certain (0.007),delet (0.007),protect (0.001)
air (0.001),plugin (0.004),compon (0.004),permiss (0.008),cross (0.006),quot (0.005),cooki (0.008),page (0.005),multipl (0.009),possibl (0.006),leverag (0.007),stack (0.008),obtain (0.008),split (0.013),command (0.007),sensit (0.007),refer (0.000),gold (0.010),disabl (0.005),craft (0.010),privileg (0.009),page (0.003),craft (0.004),earlier (0.008),administr (0.006),obtain (0.009),format (0.009),busi (0.009),flash (0.017),network (0.007),function (0.006),vulner (0.007),vulner (0.009),script (0.007),code (0.012),window (0.008),http (0.006),data (0.007),set (0.007),author (0.000)
game (0.001),email (0.003),page (0.004),download (0.008),differ (0.006),magic (0.005),permiss (0.008),cisco (0.005),os (0.009),function (0.006),function (0.007),http (0.007),relat (0.007),investig (0.012),string (0.006),vulner (0.007),origin (0.000),doe (0.009),quot (0.005),bypass (0.010),gain (0.008),categori (0.003),file (0.004),corrupt (0.008),content (0.005),page (0.008),file (0.009),differ (0.009),reader (0.015),port (0.007),directori (0.006),authent (0.007),overflow (0.008),header (0.007),work (0.011),connect (0.008),vector (0.006),consumpt (0.007),modul (0.007),block (0.000)
browser (0.001),path (0.003),absolut (0.004),administr (0.008),function (0.006),disabl (0.005),file (0.007),phish (0.005),handl (0.008),world (0.006),gener (0.007),applic (0.007),function (0.007),version (0.011),method (0.006),read (0.006),discov (0.000),window (0.009),magic (0.005),configur (0.010),multipl (0.007),list (0.003),error (0.004),multipl (0.007),leverag (0.005),restrict (0.008),function (0.008),product (0.009),crash (0.013),request (0.007),user (0.005),apach (0.007),inject (0.008),modifi (0.007),current (0.010),craft (0.008),multipl (0.006),window (0.007),unknown (0.006),typo (0.000)
net (0.001),info (0.003),web (0.004),earlier (0.008),exploit (0.006),manag (0.005),account (0.007),bug (0.005),implement (0.008),vulner (0.006),file (0.006),craft (0.007),secur (0.007),type (0.008),assist (0.006),relat (0.006),cancel (0.000),web (0.009),global (0.005),read (0.010),web (0.007),galleri (0.003),permiss (0.004),os (0.007),possibl (0.005),http (0.008),access (0.007),impact (0.008),applic (0.013),router (0.007),script (0.005),header (0.007),parti (0.008),sequenc (0.006),mode (0.010),restrict (0.007),execut (0.006),pointer (0.007),password (0.006),truncat (0.000)
forum (0.001),vector (0.003),vector (0.004),plaintext (0.007),inform (0.006),page (0.004),sensit (0.007),header (0.005),trigger (0.007),servic (0.005),proxim (0.006),messag (0.006),object (0.007),typo (0.008),request (0.006),file (0.006),half (0.000),pack (0.009),code (0.005),sensit (0.009),build (0.006),differ (0.003),edit (0.003),context (0.007),doe (0.005),appl (0.008),possibl (0.007),middlewar (0.007),list (0.011),earlier (0.007),asp (0.005),valu (0.007),sql (0.008),extens (0.006),memori (0.007),sensit (0.007),argument (0.006),user (0.006),modifi (0.006),contain (0.000)
properli (0.001),new (0.003),differ (0.004),data (0.006),boundari (0.006),possibl (0.004),check (0.007),applic (0.005),appl (0.007),command (0.005),lock (0.006),authent (0.005),android (0.006),wrong (0.007),manag (0.005),execut (0.006),upload (0.000),buffer (0.008),user (0.004),servic (0.009),applic (0.006),user (0.002),plugin (0.003),larg (0.007),action (0.005),sensit (0.008),modifi (0.006),fusion (0.007),compil (0.009),authent (0.006),http (0.005),arbitrari (0.006),lack (0.007),request (0.006),properli (0.007),arbitrari (0.007),absolut (0.005),number (0.006),add (0.006),coordin (0.000)
new (0.001),forum (0.003),server (0.004),world (0.006),clear (0.006),extens (0.004),earlier (0.006),secur (0.004),document (0.007),write (0.005),os (0.006),specifi (0.005),data (0.006),duplic (0.007),vulner (0.005),arbitrari (0.006),spoke (0.000),record (0.008),regist (0.004),privileg (0.008),secur (0.006),product (0.002),index (0.003),relat (0.006),modul (0.005),spoof (0.007),multipl (0.006),environ (0.005),android (0.008),traffic (0.006),possibl (0.005),refer (0.006),buffer (0.006),http (0.006),servic (0.007),address (0.007),craft (0.005),valu (0.006),page (0.006),refin (0.000)
radio (0.001),messag (0.003),script (0.004),readabl (0.006),incorrect (0.005),edit (0.003),edit (0.006),interfac (0.004),bound (0.007),run (0.005),vector (0.005),daemon (0.005),servic (0.006),user (0.007),packet (0.004),devic (0.006),withdrawn (0.000),free (0.008),control (0.004),secur (0.008),earlier (0.006),login (0.002),content (0.003),mac (0.006),plugin (0.004),origin (0.007),os (0.005),sun (0.005),mac (0.008),process (0.006),search (0.004),web (0.006),author (0.006),mail (0.006),differ (0.007),web (0.007),delet (0.004),loop (0.006),xss (0.006),phase (0.000)
verita (0.001),view (0.003),mod (0.004),directori (0.006),configur (0.005),shell (0.003),function (0.006),servic (0.004),mac (0.006),set (0.005),read (0.005),client (0.005),control (0.006),origin (0.007),client (0.004),access (0.005),idol (0.000),servic (0.008),download (0.004),unifi (0.008),bypass (0.006),pro (0.002),mail (0.003),depend (0.006),demonstr (0.004),access (0.007),option (0.005),web (0.004),safari (0.005),doe (0.006),tiki (0.004),trigger (0.006),bypass (0.006),argument (0.006),librari (0.006),valid (0.006),encod (0.004),port (0.005),account (0.006),tesla (0.000)
secur (0.001),comment (0.003),possibl (0.003),instal (0.005),sql (0.005),administr (0.003),action (0.006),administr (0.004),window (0.006),certain (0.005),valu (0.005),argument (0.005),local (0.006),caus (0.007),valu (0.004),code (0.005),hall (0.000),delet (0.008),enabl (0.004),gain (0.008),command (0.006),articl (0.002),properli (0.003),read (0.006),galleri (0.004),document (0.007),base (0.005),secur (0.004),free (0.005),adapt (0.005),modul (0.004),issu (0.006),clear (0.005),anti (0.006),demonstr (0.006),kei (0.006),possibl (0.004),infinit (0.005),script (0.005),edit (0.000)
magazin (0.001),queri (0.003),common (0.003),encrypt (0.005),possibl (0.005),includ (0.003),direct (0.006),login (0.003),element (0.006),remot (0.005),number (0.005),file (0.005),read (0.006),probabl (0.005),possibl (0.004),trigger (0.005),halo (0.000),handl (0.008),path (0.004),network (0.008),modifi (0.005),possibl (0.002),possibl (0.003),data (0.006),type (0.004),code (0.007),librari (0.005),core (0.003),overflow (0.005),modul (0.005),exist (0.004),earlier (0.006),execut (0.005),secur (0.006),doe (0.006),messag (0.006),write (0.004),invalid (0.005),victim (0.005),list (0.000)
lite (0.001),titl (0.002),plugin (0.003),authent (0.005),multipl (0.005),plugin (0.003),server (0.006),portal (0.003),engin (0.006),insecur (0.005),encrypt (0.005),heap (0.004),unknown (0.006),consult (0.005),servic (0.004),overflow (0.005),pretend (0.000),compat (0.007),templat (0.004),vector (0.008),control (0.005),portal (0.002),server (0.003),user (0.005),includ (0.004),data (0.007),server (0.005),servic (0.003),buffer (0.004),properli (0.005),id (0.004),data (0.005),code (0.005),detect (0.006),contain (0.005),network (0.006),manag (0.004),client (0.005),creat (0.005),twist (0.000)
librari (0.001),add (0.002),lang (0.003),backup (0.005),addit (0.005),email (0.003),delet (0.006),consol (0.003),browser (0.005),caus (0.004),devic (0.005),packet (0.004),inform (0.006),post (0.005),messag (0.004),pointer (0.005),oversea (0.000),convert (0.007),demonstr (0.003),earlier (0.008),differ (0.005),shop (0.002),extens (0.003),error (0.005),function (0.004),os (0.007),doe (0.005),embed (0.003),relat (0.003),user (0.005),version (0.004),demonstr (0.005),check (0.005),certain (0.005),free (0.004),intend (0.006),slash (0.004),authent (0.005),perform (0.005),aros (0.000)
earlier (0.001),manag (0.002),main (0.003),contain (0.005),execut (0.005),relat (0.003),chang (0.005),respons (0.003),data (0.005),writabl (0.004),window (0.005),window (0.004),net (0.006),relat (0.005),build (0.004),process (0.005),tea (0.000),pars (0.007),plugin (0.003),restrict (0.007),network (0.005),manag (0.002),view (0.003),window (0.005),manag (0.004),inject (0.006),unknown (0.005),librari (0.003),file (0.003),connect (0.005),configur (0.004),number (0.005),function (0.005),possibl (0.005),font (0.004),respons (0.006),function (0.003),length (0.005),id (0.004),pre (0.000)
modul (0.001),default (0.002),core (0.003),default (0.005),relat (0.005),class (0.003),requir (0.005),control (0.003),involv (0.005),server (0.004),manag (0.005),vector (0.004),sun (0.006),paramet (0.004),header (0.004),buffer (0.005),mathemat (0.000),user (0.006),authent (0.003),default (0.007),ration (0.005),default (0.002),search (0.003),player (0.005),folder (0.004),polici (0.006),properli (0.004),control (0.003),bypass (0.003),outag (0.005),valu (0.004),long (0.005),java (0.005),sql (0.005),elev (0.004),domain (0.005),archiv (0.003),send (0.005),conduct (0.004),subsum (0.000)
implement (0.001),edit (0.002),mambo (0.003),account (0.005),inject (0.004),forum (0.003),leverag (0.005),access (0.003),access (0.005),configur (0.004),data (0.005),web (0.004),command (0.005),intend (0.004),trigger (0.004),appl (0.005),pick (0.000),assist (0.006),theme (0.003),control (0.007),read (0.005),password (0.002),execut (0.003),vulner (0.004),multipl (0.004),function (0.006),specifi (0.004),data (0.003),classic (0.003),server (0.005),list (0.004),certain (0.005),pack (0.005),messag (0.005),object (0.004),servic (0.005),access (0.003),vector (0.005),server (0.004),consider (0.000)
remot (0.001),version (0.002),galleri (0.003),includ (0.005),cover (0.004),new (0.003),page (0.005),relat (0.002),read (0.004),vector (0.004),earlier (0.005),port (0.004),framework (0.005),content (0.004),integ (0.004),valu (0.005),tee (0.000),differ (0.006),id (0.002),vulner (0.007),sap (0.004),link (0.002),certain (0.003),length (0.004),index (0.004),safari (0.006),configur (0.004),technolog (0.002),continu (0.003),interfac (0.005),view (0.004),context (0.005),pre (0.005),string (0.005),valid (0.004),data (0.005),code (0.003),error (0.004),firmwar (0.003),creat (0.000)
bank (0.001),galleri (0.002),modifi (0.003),manag (0.005),later (0.004),code (0.003),creat (0.005),differ (0.002),object (0.004),window (0.004),gain (0.005),exe (0.004),class (0.005),appropri (0.004),player (0.004),earlier (0.005),rabbit (0.000),caus (0.005),log (0.002),http (0.006),administr (0.004),edit (0.002),handl (0.002),size (0.004),command (0.003),relat (0.006),environment (0.004),framework (0.002),restrict (0.002),switch (0.005),sql (0.003),handl (0.005),vector (0.005),local (0.005),locat (0.003),set (0.005),contain (0.003),handl (0.004),fixat (0.003),item (0.000)
manag (0.001),cat (0.002),site (0.003),document (0.004),program (0.004),agent (0.002),group (0.005),split (0.002),safari (0.004),packag (0.004),secur (0.005),larg (0.004),intend (0.005),decis (0.004),relat (0.003),write (0.005),teg (0.000),open (0.005),cooki (0.002),local (0.006),restrict (0.004),calendar (0.002),differ (0.002),bound (0.004),attach (0.003),element (0.006),directori (0.004),bundl (0.002),brows (0.002),unifi (0.005),lib (0.003),possibl (0.005),origin (0.005),read (0.005),manag (0.003),configur (0.005),window (0.003),possibl (0.004),new (0.003),delet (0.000)
storag (0.001),regist (0.002),manag (0.002),kei (0.004),identifi (0.004),cooki (0.002),certain (0.005),compon (0.002),overflow (0.004),restrict (0.004),certain (0.004),version (0.004),appl (0.005),determin (0.004),http (0.003),data (0.005),tel (0.000),denial (0.005),galleri (0.002),properli (0.006),storag (0.004),plugin (0.002),element (0.002),impact (0.004),modifi (0.003),object (0.006),malici (0.004),base (0.002),man (0.002),protocol (0.005),result (0.003),paramet (0.004),sandbox (0.005),program (0.004),function (0.003),header (0.005),modifi (0.003),process (0.004),cisco (0.003),cancel (0.000)
guid (0.001),list (0.002),base (0.002),weak (0.004),sourc (0.004),form (0.002),content (0.004),enterpris (0.002),pointer (0.004),process (0.004),servic (0.004),field (0.003),sensit (0.005),pool (0.004),certain (0.003),corrupt (0.005),avant (0.000),publish (0.005),script (0.002),softwar (0.006),asset (0.004),beta (0.002),attribut (0.002),stack (0.004),write (0.003),read (0.006),search (0.004),deploy (0.002),middl (0.002),http (0.005),determin (0.003),depend (0.004),arbitrari (0.004),authent (0.004),explor (0.003),vulner (0.005),root (0.003),demonstr (0.004),form (0.003),half (0.000)
photo (0.001),categori (0.002),forum (0.002),applic (0.004),occur (0.004),unknown (0.002),view (0.004),unknown (0.002),arrai (0.003),os (0.004),guess (0.004),trigger (0.003),gain (0.004),product (0.003),data (0.003),remot (0.004),sake (0.000),valid (0.004),manag (0.002),modifi (0.006),configur (0.004),cart (0.002),action (0.002),assist (0.004),server (0.003),header (0.005),pam (0.004),multipl (0.002),store (0.002),send (0.004),sourc (0.003),charact (0.004),class (0.004),content (0.004),overflow (0.003),verifi (0.005),applic (0.003),relat (0.004),index (0.003),upload (0.000)
client (0.001),file (0.002),header (0.002),possibl (0.004),sai (0.004),web (0.002),valu (0.004),content (0.002),web (0.003),relat (0.004),differ (0.004),charact (0.003),enterpris (0.004),public (0.003),web (0.003),handl (0.004),conceal (0.000),data (0.004),function (0.002),session (0.006),sun (0.004),classifi (0.001),comment (0.002),doe (0.004),avatar (0.003),demonstr (0.005),untrust (0.003),chain (0.002),unknown (0.002),firmwar (0.004),displai (0.003),express (0.004),report (0.004),restrict (0.004),exe (0.003),earlier (0.005),certain (0.003),file (0.004),bug (0.003),spoke (0.000)
slot (0.000),imag (0.002),view (0.002),hash (0.003),administr (0.004),queri (0.002),manag (0.004),field (0.002),heap (0.003),bypass (0.004),protect (0.004),log (0.003),implement (0.004),referenc (0.003),contain (0.003),applic (0.004),solid (0.000),heap (0.004),view (0.002),account (0.005),sql (0.004),event (0.001),form (0.002),media (0.004),properli (0.003),make (0.005),differ (0.003),suppli (0.002),base (0.002),enabl (0.004),forum (0.003),messag (0.004),doe (0.004),includ (0.004),list (0.003),appl (0.005),upload (0.003),read (0.004),devic (0.003),withdrawn (0.000)
web (0.000),calendar (0.002),refer (0.002),network (0.003),paramet (0.004),variabl (0.002),login (0.004),data (0.002),certain (0.003),group (0.003),screen (0.004),local (0.003),protect (0.004),multipl (0.003),field (0.003),panic (0.004),sniff (0.000),initi (0.004),list (0.002),commun (0.005),modul (0.003),comment (0.001),administr (0.002),properli (0.003),craft (0.003),certain (0.005),appl (0.003),outsid (0.002),possibl (0.002),session (0.004),templat (0.003),loop (0.004),known (0.004),directori (0.004),denial (0.003),relat (0.005),download (0.003),multipl (0.003),demonstr (0.003),idol (0.000)
pro (0.000),string (0.001),user (0.002),creat (0.003),version (0.004),server (0.002),node (0.004),request (0.002),buffer (0.003),sh (0.003),restrict (0.004),header (0.003),demonstr (0.004),specif (0.003),version (0.003),host (0.004),tew (0.000),base (0.004),differ (0.002),router (0.005),edit (0.003),mambo (0.001),theme (0.002),vector (0.003),set (0.003),request (0.005),stack (0.003),portal (0.002),heap (0.002),commun (0.004),portal (0.003),null (0.004),duplic (0.004),multipl (0.004),handl (0.003),conduct (0.005),servic (0.003),protocol (0.003),configur (0.003),hall (0.000)
bounci (0.000),keyword (0.001),theme (0.002),client (0.003),requir (0.004),differ (0.002),new (0.004),modul (0.002),file (0.003),chang (0.003),intend (0.004),certain (0.003),compon (0.004),earlier (0.003),product (0.003),null (0.004),circular (0.000),control (0.004),note (0.002),port (0.005),softwar (0.003),photo (0.001),involv (0.002),decod (0.003),bypass (0.003),mac (0.005),servic (0.003),grid (0.002),api (0.001),firewal (0.004),cart (0.003),vector (0.004),involv (0.004),web (0.004),multipl (0.003),issu (0.005),charact (0.003),kernel (0.003),option (0.003),halo (0.000)
