1,0.166667,0.333333,0.25,0.0833333,0.0833333,0.0833333
2,0.153846,0.0769231,0.153846,0.0769231,0.0769231,0.461538
3,0.0977444,0.0150376,0.308271,0.0300752,0.428571,0.120301
4,0.0617284,0.0576132,0.403292,0.0576132,0.0658436,0.353909
5,0.0454545,0.0454545,0.636364,0.181818,0.0454545,0.0454545
6,0.181818,0.0909091,0.272727,0.0909091,0.0909091,0.272727
7,0.128205,0.025641,0.25641,0.307692,0.025641,0.25641
8,0.168317,0.435644,0.00990099,0.00990099,0.0891089,0.287129
9,0.0263158,0.0263158,0.210526,0.0263158,0.394737,0.315789
10,0.555804,0.209821,0.0379464,0.0334821,0.0982143,0.0647321
11,0.05,0.35,0.05,0.05,0.05,0.45
12,0.235294,0.117647,0.411765,0.0588235,0.0588235,0.117647
13,0.0333333,0.0333333,0.0333333,0.0333333,0.166667,0.7
14,0.0222222,0.0222222,0.0666667,0.155556,0.0444444,0.688889
15,0.197772,0.0529248,0.356546,0.0167131,0.0529248,0.32312
16,0.206897,0.172414,0.0344828,0.0344828,0.0344828,0.517241
17,0.111111,0.111111,0.111111,0.111111,0.111111,0.444444
18,0.1,0.2,0.1,0.1,0.1,0.4
19,0.0666667,0.2,0.0666667,0.0666667,0.0666667,0.533333
20,0.0833333,0.166667,0.5,0.0833333,0.0833333,0.0833333
21,0.0333333,0.233333,0.0666667,0.0333333,0.2,0.433333
22,0.0666667,0.2,0.0666667,0.0666667,0.0666667,0.533333
23,0.0555556,0.518519,0.12963,0.0185185,0.0185185,0.259259
24,0.0344828,0.0344828,0.275862,0.0344828,0.137931,0.482759
25,0.0833333,0.0833333,0.0833333,0.0833333,0.0833333,0.583333
26,0.0782313,0.517007,0.119048,0.14966,0.00680272,0.129252
27,0.166667,0.0190476,0.152381,0.0904762,0.257143,0.314286
28,0.15,0.05,0.05,0.45,0.05,0.25
29,0.260638,0.0904255,0.260638,0.0691489,0.00531915,0.31383
30,0.285714,0.0714286,0.0714286,0.0714286,0.0714286,0.428571
31,0.0143885,0.0503597,0.352518,0.00719424,0.323741,0.251799
32,0.0243902,0.0243902,0.463415,0.0487805,0.195122,0.243902
33,0.815951,0.0797546,0.0122699,0.0552147,0.00306748,0.0337423
34,0.0217391,0.0217391,0.326087,0.217391,0.0217391,0.391304
35,0.182796,0.0896057,0.0752688,0.0681004,0.218638,0.365591
36,0.0483871,0.0967742,0.16129,0.225806,0.209677,0.258065
37,0.0149254,0.0149254,0.328358,0.0895522,0.104478,0.447761
38,0.0612813,0.0543175,0.220056,0.0306407,0.575209,0.0584958
39,0.109914,0.146552,0.196121,0.114224,0.0581897,0.375
40,0.0954198,0.019084,0.19084,0.0458015,0.469466,0.179389
41,0.0188679,0.0188679,0.641509,0.0377358,0.188679,0.0943396
42,0.188482,0.0418848,0.465969,0.0052356,0.0052356,0.293194
43,0.0153846,0.0923077,0.0615385,0.123077,0.0769231,0.630769
44,0.285714,0.0816327,0.265306,0.0204082,0.0204082,0.326531
45,0.0555556,0.0185185,0.527778,0.0462963,0.00925926,0.342593
46,0.0714286,0.0714286,0.0714286,0.142857,0.0714286,0.571429
47,0.105263,0.0263158,0.157895,0.0263158,0.0263158,0.657895
48,0.0385852,0.0128617,0.469453,0.022508,0.0996785,0.356913
49,0.037037,0.0666667,0.481481,0.0222222,0.0666667,0.325926
50,0.0833333,0.333333,0.333333,0.0833333,0.0833333,0.0833333
51,0.0769231,0.0769231,0.0769231,0.0769231,0.0769231,0.615385
52,0.131148,0.0819672,0.0655738,0.327869,0.0655738,0.327869
53,0.0833333,0.0833333,0.5,0.0833333,0.0833333,0.166667
54,0.157895,0.0526316,0.368421,0.0526316,0.0526316,0.315789
55,0.370629,0.111888,0.202797,0.0034965,0.0699301,0.241259
56,0.05,0.05,0.1,0.05,0.05,0.7
57,0.0666667,0.666667,0.0666667,0.0666667,0.0666667,0.0666667
58,0.404255,0.0212766,0.0212766,0.0851064,0.0212766,0.446809
59,0.1,0.2,0.1,0.1,0.1,0.4
60,0.047619,0.047619,0.285714,0.0952381,0.047619,0.47619
61,0.235294,0.1,0.194118,0.0411765,0.1,0.329412
62,0.1,0.1,0.1,0.1,0.1,0.5
63,0.04,0.04,0.32,0.12,0.04,0.44
64,0.0333333,0.0333333,0.3,0.0333333,0.0333333,0.566667
65,0.166667,0.0833333,0.0416667,0.0833333,0.125,0.5
66,0.0833333,0.0833333,0.25,0.0833333,0.0833333,0.416667
67,0.00961538,0.00961538,0.394231,0.00961538,0.125,0.451923
68,0.125,0.125,0.125,0.125,0.125,0.375
69,0.125,0.125,0.375,0.125,0.125,0.125
70,0.0555556,0.111111,0.222222,0.0555556,0.0555556,0.5
71,0.1,0.3,0.1,0.1,0.1,0.3
72,0.298246,0.00877193,0.429825,0.00877193,0.0701754,0.184211
73,0.0196078,0.372549,0.137255,0.117647,0.0588235,0.294118
74,0.0296053,0.0296053,0.180921,0.167763,0.358553,0.233553
75,0.0526316,0.421053,0.0526316,0.263158,0.0526316,0.157895
76,0.184211,0.105263,0.0789474,0.210526,0.0526316,0.368421
77,0.602649,0.00662252,0.238411,0.0397351,0.013245,0.0993377
78,0.0707071,0.010101,0.252525,0.040404,0.323232,0.30303
79,0.125,0.125,0.125,0.25,0.125,0.25
80,0.0769231,0.0769231,0.153846,0.307692,0.307692,0.0769231
81,0.164921,0.0968586,0.47644,0.0549738,0.0863874,0.120419
82,0.0606061,0.212121,0.333333,0.030303,0.30303,0.0606061
83,0.5,0.0675676,0.135135,0.0810811,0.0135135,0.202703
84,0.0740741,0.037037,0.555556,0.037037,0.037037,0.259259
85,0.0151515,0.030303,0.121212,0.0151515,0.30303,0.515152
86,0.0125,0.0125,0.1375,0.5875,0.1625,0.0875
87,0.0909091,0.363636,0.0909091,0.0909091,0.0909091,0.272727
88,0.0643275,0.0877193,0.116959,0.157895,0.397661,0.175439
89,0.00309598,0.00309598,0.188854,0.145511,0.00309598,0.656347
90,0.111111,0.111111,0.111111,0.111111,0.111111,0.444444
91,0.1,0.1,0.4,0.1,0.1,0.2
92,0.0909091,0.0909091,0.0909091,0.0909091,0.0909091,0.545455
93,0.0285714,0.0285714,0.428571,0.114286,0.114286,0.285714
94,0.0588235,0.352941,0.0588235,0.294118,0.0588235,0.176471
95,0.0714286,0.0714286,0.0714286,0.0714286,0.0714286,0.642857
96,0.0357143,0.821429,0.0357143,0.0357143,0.0357143,0.0357143
97,0.190476,0.142857,0.261905,0.0238095,0.0238095,0.357143
98,0.318182,0.136364,0.0909091,0.0454545,0.136364,0.272727
99,0.0909091,0.0909091,0.0909091,0.0909091,0.0909091,0.545455
100,0.05,0.05,0.05,0.05,0.1,0.7
101,0.125,0.025,0.15,0.45,0.025,0.225
102,0.26087,0.0434783,0.119565,0.0108696,0.0434783,0.521739
103,0.125,0.125,0.125,0.125,0.125,0.375
104,0.0909091,0.0909091,0.181818,0.0909091,0.181818,0.363636
105,0.285714,0.190476,0.047619,0.142857,0.047619,0.285714
106,0.0869565,0.0217391,0.452174,0.0956522,0.0434783,0.3
107,0.371681,0.00884956,0.230088,0.265487,0.0353982,0.0884956
108,0.392857,0.0357143,0.321429,0.0357143,0.0357143,0.178571
109,0.1,0.1,0.3,0.1,0.1,0.3
110,0.05,0.05,0.45,0.05,0.05,0.35
111,0.0266667,0.126667,0.32,0.413333,0.06,0.0533333
112,0.209924,0.0572519,0.179389,0.0419847,0.0458015,0.465649
113,0.384615,0.115385,0.269231,0.0384615,0.153846,0.0384615
114,0.104478,0.238806,0.0746269,0.0895522,0.0895522,0.402985
115,0.0377358,0.0188679,0.188679,0.377358,0.150943,0.226415
116,0.0434783,0.0434783,0.130435,0.0434783,0.0869565,0.652174
117,0.142857,0.285714,0.142857,0.142857,0.142857,0.142857
118,0.1,0.3,0.1,0.1,0.1,0.3
119,0.0944882,0.0787402,0.23622,0.102362,0.141732,0.346457
120,0.0769231,0.538462,0.0769231,0.0769231,0.0769231,0.153846
121,0.0833333,0.0833333,0.0833333,0.166667,0.333333,0.25
122,0.166667,0.0416667,0.166667,0.0416667,0.125,0.458333
123,0.0454545,0.0454545,0.0454545,0.0454545,0.272727,0.545455
124,0.142857,0.142857,0.285714,0.142857,0.142857,0.142857
125,0.00833333,0.00833333,0.2,0.183333,0.15,0.45
126,0.111111,0.111111,0.111111,0.111111,0.111111,0.444444
127,0.111111,0.277778,0.0555556,0.277778,0.0555556,0.222222
128,0.189542,0.202614,0.104575,0.20915,0.0784314,0.215686
129,0.0402685,0.00671141,0.671141,0.00671141,0.0402685,0.234899
130,0.172662,0.0827338,0.420863,0.0719424,0.00359712,0.248201
131,0.042735,0.0512821,0.324786,0.0683761,0.00854701,0.504274
132,0.25,0.125,0.125,0.125,0.125,0.25
133,0.0714286,0.0714286,0.0714286,0.0714286,0.0714286,0.642857
134,0.568862,0.149701,0.155689,0.011976,0.00598802,0.107784
135,0.0217391,0.152174,0.0434783,0.391304,0.0434783,0.347826
136,0.0909091,0.454545,0.181818,0.0909091,0.0909091,0.0909091
137,0.407407,0.0185185,0.203704,0.111111,0.0740741,0.185185
138,0.125,0.125,0.125,0.125,0.125,0.375
139,0.577778,0.111111,0.0666667,0.155556,0.0222222,0.0666667
140,0.111111,0.0277778,0.0833333,0.0277778,0.222222,0.527778
141,0.0120482,0.746988,0.0481928,0.0722892,0.0120482,0.108434
142,0.125,0.125,0.125,0.125,0.125,0.375
143,0.0571429,0.0857143,0.157143,0.142857,0.0428571,0.514286
144,0.0909091,0.0909091,0.0909091,0.0909091,0.0909091,0.545455
145,0.111111,0.111111,0.222222,0.111111,0.111111,0.333333
146,0.0909091,0.0909091,0.0909091,0.0909091,0.0909091,0.545455
147,0.0714286,0.0714286,0.0714286,0.0714286,0.0714286,0.642857
148,0.275862,0.103448,0.206897,0.137931,0.0344828,0.241379
149,0.139535,0.0813953,0.22093,0.0697674,0.0116279,0.476744
150,0.235294,0.0882353,0.0294118,0.176471,0.0294118,0.441176
151,0.0454545,0.0909091,0.0909091,0.136364,0.0454545,0.590909
152,0.4,0.0333333,0.233333,0.0333333,0.0333333,0.266667
153,0.0212766,0.0212766,0.191489,0.0212766,0.255319,0.489362
154,0.1,0.0333333,0.333333,0.0333333,0.1,0.4
155,0.0909091,0.0909091,0.363636,0.0909091,0.0909091,0.272727
156,0.192308,0.0128205,0.24359,0.025641,0.423077,0.102564
157,0.047619,0.047619,0.047619,0.047619,0.190476,0.619048
158,0.1,0.1,0.1,0.1,0.1,0.5
159,0.0454545,0.0454545,0.363636,0.0454545,0.272727,0.227273
160,0.0526316,0.157895,0.263158,0.263158,0.105263,0.157895
161,0.25,0.166667,0.0833333,0.0833333,0.0833333,0.333333
162,0.285714,0.0952381,0.261905,0.309524,0.0238095,0.0238095
163,0.0640569,0.0225386,0.0166074,0.888493,0.00711744,0.00118624
164,0.125,0.125,0.125,0.125,0.125,0.375
165,0.235294,0.0294118,0.176471,0.117647,0.0294118,0.411765
166,0.361702,0.0425532,0.148936,0.0212766,0.191489,0.234043
167,0.704918,0.122951,0.122951,0.00819672,0.00409836,0.0368852
168,0.661765,0.0294118,0.132353,0.0147059,0.147059,0.0147059
169,0.181818,0.0909091,0.0909091,0.0909091,0.0909091,0.454545
170,0.1,0.05,0.05,0.05,0.05,0.7
171,0.027027,0.162162,0.351351,0.108108,0.027027,0.324324
172,0.0769231,0.615385,0.0769231,0.0769231,0.0769231,0.0769231
173,0.0909091,0.545455,0.0909091,0.0909091,0.0909091,0.0909091
174,0.118421,0.0921053,0.361842,0.00657895,0.125,0.296053
175,0.0273684,0.0126316,0.122105,0.0463158,0.4,0.391579
176,0.0238095,0.0952381,0.261905,0.0714286,0.0952381,0.452381
177,0.0528634,0.22467,0.0528634,0.0352423,0.603524,0.030837
178,0.0344828,0.0344828,0.517241,0.0689655,0.275862,0.0689655
179,0.0588235,0.0294118,0.5,0.0294118,0.0882353,0.294118
180,0.131868,0.032967,0.263736,0.010989,0.043956,0.516484
181,0.340502,0.078853,0.0967742,0.207885,0.129032,0.146953
182,0.1,0.1,0.2,0.1,0.1,0.4
183,0.252874,0.0229885,0.183908,0.37931,0.0114943,0.149425
184,0.142857,0.0357143,0.571429,0.0714286,0.0357143,0.142857
185,0.176471,0.235294,0.117647,0.0588235,0.0588235,0.352941
186,0.0555556,0.0555556,0.222222,0.0555556,0.277778,0.333333
187,0.0615385,0.0153846,0.246154,0.0461538,0.184615,0.446154
188,0.142857,0.142857,0.0714286,0.0714286,0.0714286,0.5
189,0.0833333,0.0833333,0.0833333,0.0833333,0.0833333,0.583333
190,0.0899654,0.176471,0.480969,0.0553633,0.193772,0.00346021
191,0.0789474,0.0263158,0.447368,0.0263158,0.0263158,0.394737
192,0.142857,0.142857,0.142857,0.285714,0.142857,0.142857
193,0.1,0.3,0.1,0.1,0.1,0.3
194,0.0740741,0.111111,0.296296,0.185185,0.148148,0.185185
195,0.2,0.0666667,0.266667,0.266667,0.0666667,0.133333
196,0.0350877,0.122807,0.45614,0.175439,0.0175439,0.192982
197,0.225806,0.129032,0.129032,0.290323,0.0322581,0.193548
198,0.037037,0.037037,0.037037,0.185185,0.037037,0.666667
199,0.0862069,0.0517241,0.189655,0.103448,0.0172414,0.551724
200,0.097561,0.0365854,0.097561,0.0121951,0.304878,0.45122
201,0.117647,0.0588235,0.0588235,0.588235,0.0588235,0.117647
202,0.1,0.5,0.1,0.1,0.1,0.1
203,0.0833333,0.0833333,0.0833333,0.166667,0.0833333,0.5
204,0.222222,0.111111,0.111111,0.111111,0.111111,0.333333
205,0.0992366,0.0458015,0.274809,0.114504,0.0992366,0.366412
206,0.0909091,0.0909091,0.0909091,0.0909091,0.0909091,0.545455
207,0.153061,0.0102041,0.193878,0.0102041,0.316327,0.316327
208,0.0147059,0.205882,0.220588,0.0147059,0.0147059,0.529412
209,0.360656,0.0491803,0.196721,0.0491803,0.0163934,0.327869
210,0.170213,0.170213,0.425532,0.0212766,0.106383,0.106383
211,0.0238095,0.0238095,0.52381,0.166667,0.0238095,0.238095
212,0.0144928,0.666667,0.188406,0.0434783,0.0144928,0.0724638
213,0.225806,0.483871,0.0322581,0.0322581,0.0322581,0.193548
214,0.0666667,0.666667,0.0666667,0.0666667,0.0666667,0.0666667
215,0.107143,0.178571,0.321429,0.0357143,0.0357143,0.321429
216,0.0900901,0.0720721,0.189189,0.0810811,0.0990991,0.468468
217,0.0208333,0.0416667,0.1875,0.270833,0.0208333,0.458333
218,0.0666667,0.0666667,0.0666667,0.2,0.0666667,0.533333
219,0.1,0.133333,0.0333333,0.333333,0.166667,0.233333
220,0.125,0.125,0.125,0.375,0.125,0.125
221,0.0126582,0.0253165,0.379747,0.0253165,0.139241,0.417722
222,0.721739,0.0434783,0.0782609,0.0173913,0.0173913,0.121739
223,0.00757576,0.0606061,0.507576,0.0530303,0.227273,0.143939
224,0.05,0.75,0.05,0.05,0.05,0.05
225,0.1,0.1,0.1,0.1,0.1,0.5
226,0.0909091,0.0909091,0.515152,0.030303,0.030303,0.242424
227,0.105263,0.0526316,0.157895,0.0526316,0.263158,0.368421
228,0.787037,0.0648148,0.037037,0.00925926,0.00925926,0.0925926
229,0.166667,0.0416667,0.291667,0.0416667,0.0416667,0.416667
230,0.0125,0.3625,0.1125,0.0125,0.1125,0.3875
231,0.0327103,0.046729,0.359813,0.0140187,0.116822,0.429907
232,0.188679,0.160377,0.0660377,0.0943396,0.0377358,0.45283
233,0.0208333,0.0416667,0.416667,0.0625,0.0208333,0.4375
234,0.09375,0.21875,0.53125,0.03125,0.09375,0.03125
235,0.0221169,0.124803,0.0521327,0.0521327,0.745656,0.00315956
236,0.114286,0.0285714,0.171429,0.0285714,0.457143,0.2
237,0.125,0.125,0.25,0.125,0.125,0.25
238,0.0769231,0.0769231,0.461538,0.0769231,0.0769231,0.230769
239,0.380822,0.145205,0.178082,0.0410959,0.0931507,0.161644
240,0.05,0.05,0.1,0.05,0.05,0.7
241,0.333333,0.0555556,0.222222,0.0555556,0.0555556,0.277778
242,0.272727,0.0454545,0.0454545,0.0454545,0.227273,0.363636
243,0.00746269,0.0149254,0.477612,0.171642,0.186567,0.141791
244,0.0208333,0.0625,0.3125,0.0833333,0.208333,0.3125
245,0.0833333,0.166667,0.0833333,0.166667,0.0833333,0.416667
246,0.117647,0.333333,0.0980392,0.156863,0.137255,0.156863
247,0.0294118,0.75,0.0147059,0.102941,0.0147059,0.0882353
248,0.111111,0.111111,0.222222,0.111111,0.111111,0.333333
249,0.136364,0.511364,0.0681818,0.0113636,0.0340909,0.238636
250,0.1,0.5,0.1,0.1,0.1,0.1
251,0.2,0.1,0.025,0.025,0.05,0.6
252,0.751748,0.034965,0.0681818,0.0122378,0.0681818,0.0646853
253,0.025641,0.230769,0.410256,0.0512821,0.25641,0.025641
254,0.0625,0.6875,0.0625,0.0625,0.0625,0.0625
255,0.0287356,0.109195,0.235632,0.109195,0.0229885,0.494253
256,0.19403,0.0149254,0.343284,0.0895522,0.179104,0.179104
257,0.180328,0.196721,0.0163934,0.0327869,0.0163934,0.557377
258,0.0319149,0.0212766,0.414894,0.0851064,0.106383,0.340426
259,0.127072,0.00552486,0.132597,0.447514,0.0331492,0.254144
260,0.0833333,0.0416667,0.0416667,0.166667,0.0416667,0.625
261,0.0185185,0.0185185,0.277778,0.0185185,0.333333,0.333333
262,0.047619,0.047619,0.285714,0.047619,0.0952381,0.47619
263,0.0232558,0.0232558,0.0930233,0.186047,0.255814,0.418605
264,0.0196078,0.196078,0.254902,0.0196078,0.235294,0.27451
265,0.0642857,0.0428571,0.514286,0.0642857,0.0428571,0.271429
266,0.0181818,0.0181818,0.145455,0.454545,0.181818,0.181818
267,0.0833333,0.0833333,0.0833333,0.166667,0.0833333,0.5
268,0.0105263,0.0105263,0.210526,0.157895,0.273684,0.336842
269,0.037037,0.0740741,0.037037,0.111111,0.0740741,0.666667
270,0.285714,0.25,0.107143,0.0357143,0.107143,0.214286
271,0.0555556,0.111111,0.388889,0.0555556,0.111111,0.277778
272,0.0220588,0.102941,0.0735294,0.0588235,0.0735294,0.669118
273,0.211538,0.115385,0.0384615,0.0769231,0.0192308,0.538462
274,0.31,0.01,0.17,0.08,0.01,0.42
275,0.1,0.3,0.1,0.1,0.1,0.3
276,0.142857,0.142857,0.142857,0.142857,0.142857,0.285714
277,0.184783,0.0108696,0.478261,0.0978261,0.0108696,0.217391
278,0.107143,0.214286,0.214286,0.142857,0.0357143,0.285714
279,0.0149254,0.0746269,0.343284,0.223881,0.0298507,0.313433
280,0.0019084,0.70229,0.0744275,0.0209924,0.0591603,0.141221
281,0.296296,0.037037,0.222222,0.111111,0.111111,0.222222
282,0.25,0.05,0.05,0.05,0.2,0.4
283,0.255319,0.0212766,0.319149,0.0212766,0.0212766,0.361702
284,0.0125,0.1125,0.1,0.2375,0.1125,0.425
285,0.05,0.05,0.25,0.25,0.05,0.35
286,0.0196078,0.117647,0.117647,0.0196078,0.0196078,0.705882
287,0.0588235,0.0588235,0.294118,0.0588235,0.0588235,0.470588
288,0.596154,0.00480769,0.350962,0.00480769,0.00480769,0.0384615
289,0.0909091,0.363636,0.0909091,0.0909091,0.0909091,0.272727
290,0.123596,0.0449438,0.41573,0.011236,0.11236,0.292135
291,0.0153846,0.0153846,0.446154,0.0615385,0.230769,0.230769
292,0.0733945,0.110092,0.422018,0.0275229,0.0550459,0.311927
293,0.0588235,0.0588235,0.352941,0.117647,0.0588235,0.352941
294,0.056338,0.0140845,0.084507,0.028169,0.366197,0.450704
295,0.00280899,0.337079,0.16573,0.0533708,0.0561798,0.384831
296,0.391304,0.0434783,0.130435,0.304348,0.0434783,0.0869565
297,0.0769231,0.538462,0.153846,0.0769231,0.0769231,0.0769231
298,0.0714286,0.0714286,0.214286,0.428571,0.0714286,0.142857
299,0.0833333,0.0833333,0.0833333,0.0833333,0.0833333,0.583333
300,0.1,0.1,0.1,0.2,0.1,0.4
301,0.160804,0.100503,0.0904523,0.326633,0.0251256,0.296482
302,0.1,0.1,0.1,0.3,0.1,0.3
303,0.0153846,0.123077,0.169231,0.307692,0.0153846,0.369231
304,0.0222222,0.0222222,0.0888889,0.0222222,0.0444444,0.8
305,0.25,0.0833333,0.0833333,0.0833333,0.0833333,0.416667
306,0.0269058,0.044843,0.513453,0.044843,0.0650224,0.304933
307,0.168421,0.136842,0.136842,0.126316,0.0105263,0.421053
308,0.0285714,0.0571429,0.0285714,0.0571429,0.0285714,0.8
309,0.131579,0.0789474,0.5,0.0263158,0.131579,0.131579
310,0.114754,0.0163934,0.360656,0.0163934,0.0655738,0.42623
311,0.148387,0.0709677,0.283871,0.135484,0.122581,0.23871
312,0.0416667,0.0416667,0.416667,0.0416667,0.375,0.0833333
313,0.1,0.1,0.2,0.1,0.1,0.4
314,0.0863309,0.0359712,0.208633,0.115108,0.028777,0.52518
315,0.0285714,0.0285714,0.514286,0.0285714,0.0285714,0.371429
316,0.407609,0.163043,0.0978261,0.173913,0.0434783,0.11413
317,0.142857,0.142857,0.142857,0.285714,0.142857,0.142857
318,0.0915493,0.028169,0.161972,0.190141,0.00704225,0.521127
319,0.0416667,0.0416667,0.166667,0.0833333,0.0416667,0.625
320,0.00847458,0.00847458,0.661017,0.00847458,0.186441,0.127119
321,0.0555556,0.722222,0.0555556,0.0555556,0.0555556,0.0555556
322,0.335244,0.166189,0.131805,0.0458453,0.0229226,0.297994
323,0.0208333,0.0208333,0.25,0.25,0.0208333,0.4375
324,0.047619,0.761905,0.047619,0.047619,0.047619,0.047619
325,0.194872,0.0307692,0.430769,0.0153846,0.102564,0.225641
326,0.132353,0.0882353,0.25,0.0147059,0.205882,0.308824
327,0.0133333,0.0133333,0.533333,0.0533333,0.186667,0.2
328,0.0851064,0.0425532,0.340426,0.106383,0.184397,0.241135
329,0.016129,0.0241935,0.298387,0.0241935,0.0806452,0.556452
330,0.380952,0.047619,0.285714,0.047619,0.0952381,0.142857
331,0.0833333,0.0833333,0.0833333,0.0833333,0.0833333,0.583333
332,0.0212766,0.0957447,0.351064,0.0212766,0.180851,0.329787
333,0.0243902,0.0243902,0.317073,0.097561,0.195122,0.341463
334,0.105263,0.0263158,0.447368,0.0263158,0.0263158,0.368421
335,0.097561,0.219512,0.268293,0.0731707,0.0243902,0.317073
336,0.0625,0.0625,0.0625,0.0625,0.1875,0.5625
337,0.0416667,0.0416667,0.0833333,0.125,0.0416667,0.666667
338,0.2,0.16,0.22,0.01,0.08,0.33
339,0.0588235,0.0588235,0.0588235,0.0588235,0.117647,0.647059
340,0.0357143,0.178571,0.0357143,0.392857,0.0357143,0.321429
341,0.0113636,0.0113636,0.420455,0.136364,0.0454545,0.375
342,0.030303,0.0606061,0.363636,0.0909091,0.030303,0.424242
343,0.0413793,0.00689655,0.310345,0.0206897,0.303448,0.317241
344,0.008,0.008,0.232,0.016,0.392,0.344
345,0.0714286,0.0714286,0.214286,0.0714286,0.0714286,0.5
346,0.306569,0.0291971,0.124088,0.167883,0.0729927,0.29927
347,0.25,0.0833333,0.25,0.0833333,0.25,0.0833333
348,0.0546448,0.0601093,0.437158,0.0491803,0.00546448,0.393443
349,0.00574713,0.816092,0.00574713,0.0517241,0.00574713,0.114943
350,0.0192308,0.0384615,0.173077,0.173077,0.0384615,0.557692
351,0.0666667,0.0222222,0.155556,0.111111,0.0222222,0.622222
352,0.0810811,0.189189,0.297297,0.108108,0.027027,0.297297
353,0.0113636,0.0568182,0.25,0.0795455,0.181818,0.420455
354,0.0909091,0.0909091,0.272727,0.0909091,0.0909091,0.363636
355,0.233333,0.0444444,0.0888889,0.0444444,0.0333333,0.555556
356,0.49,0.04,0.01,0.01,0.09,0.36
357,0.172414,0.0344828,0.137931,0.0344828,0.0689655,0.551724
358,0.0909091,0.0909091,0.0909091,0.181818,0.0909091,0.454545
359,0.0588235,0.0588235,0.0588235,0.588235,0.0588235,0.176471
360,0.282258,0.403226,0.120968,0.0887097,0.0967742,0.00806452
361,0.05,0.05,0.15,0.05,0.1,0.6
362,0.0127119,0.0169492,0.0741525,0.065678,0.144068,0.686441
363,0.106952,0.00534759,0.144385,0.0106952,0.417112,0.315508
364,0.0769231,0.615385,0.0769231,0.0769231,0.0769231,0.0769231
365,0.0769231,0.0769231,0.0769231,0.0769231,0.0769231,0.615385
366,0.0909091,0.030303,0.181818,0.030303,0.151515,0.515152
367,0.015,0.015,0.89,0.025,0.03,0.025
368,0.0909091,0.0909091,0.0909091,0.0909091,0.0909091,0.545455
369,0.137931,0.275862,0.0344828,0.0344828,0.0344828,0.482759
370,0.170732,0.243902,0.365854,0.0243902,0.146341,0.0487805
371,0.0833333,0.0833333,0.0833333,0.166667,0.0833333,0.5
372,0.0909091,0.181818,0.0909091,0.0909091,0.0909091,0.454545
373,0.222222,0.111111,0.111111,0.111111,0.111111,0.333333
374,0.142857,0.142857,0.142857,0.142857,0.142857,0.285714
375,0.0117647,0.0117647,0.247059,0.0117647,0.141176,0.576471
376,0.186916,0.046729,0.570093,0.00934579,0.0747664,0.11215
377,0.0333333,0.0333333,0.6,0.0333333,0.2,0.1
378,0.272727,0.181818,0.0909091,0.0909091,0.0909091,0.272727
379,0.111111,0.111111,0.333333,0.222222,0.111111,0.111111
380,0.15,0.65,0.05,0.05,0.05,0.05
381,0.3,0.3,0.1,0.1,0.1,0.1
382,0.166667,0.0625,0.0833333,0.104167,0.0833333,0.5
383,0.0294118,0.294118,0.0294118,0.0294118,0.441176,0.176471
384,0.0864198,0.037037,0.234568,0.0123457,0.567901,0.0617284
385,0.0105263,0.231579,0.147368,0.273684,0.0105263,0.326316
386,0.0078125,0.0078125,0.382812,0.117188,0.0703125,0.414062
387,0.0588235,0.705882,0.0588235,0.0588235,0.0588235,0.0588235
388,0.0661157,0.00826446,0.429752,0.00826446,0.421488,0.0661157
389,0.125,0.0589623,0.0801887,0.0613208,0.00235849,0.67217
390,0.0751174,0.0156495,0.43662,0.0250391,0.247261,0.200313
391,0.00647249,0.239482,0.200647,0.203883,0.00323625,0.346278
392,0.1375,0.0625,0.2,0.1,0.0125,0.4875
393,0.1875,0.0625,0.0625,0.0625,0.0625,0.5625
394,0.111111,0.111111,0.111111,0.111111,0.111111,0.444444
395,0.0714286,0.0714286,0.285714,0.0714286,0.0714286,0.428571
396,0.147059,0.102941,0.191176,0.264706,0.0147059,0.279412
397,0.143617,0.12234,0.207447,0.132979,0.00531915,0.388298
398,0.0232558,0.0232558,0.534884,0.0232558,0.0232558,0.372093
399,0.243902,0.121951,0.243902,0.146341,0.0243902,0.219512
400,0.0526316,0.105263,0.105263,0.0526316,0.263158,0.421053
401,0.115385,0.179487,0.166667,0.0897436,0.0897436,0.358974
402,0.278481,0.0886076,0.126582,0.0126582,0.253165,0.240506
403,0.0769231,0.00769231,0.2,0.0615385,0.0769231,0.576923
404,0.0588235,0.0470588,0.270588,0.105882,0.176471,0.341176
405,0.746667,0.0826667,0.0853333,0.00266667,0.0666667,0.016
406,0.112554,0.047619,0.0519481,0.012987,0.251082,0.52381
407,0.269231,0.153846,0.0384615,0.0384615,0.307692,0.192308
408,0.150442,0.079646,0.176991,0.0973451,0.00884956,0.486726
409,0.0182025,0.9124,0.0295791,0.0113766,0.0113766,0.0170648
410,0.0277778,0.0277778,0.222222,0.0277778,0.361111,0.333333
411,0.0526316,0.0526316,0.368421,0.0526316,0.0526316,0.421053
412,0.0113636,0.681818,0.0227273,0.0340909,0.0113636,0.238636
413,0.413793,0.0344828,0.37931,0.0344828,0.0344828,0.103448
414,0.0411523,0.0102881,0.376543,0.0123457,0.335391,0.22428
415,0.0909091,0.0454545,0.0454545,0.0454545,0.227273,0.545455
416,0.0970874,0.038835,0.194175,0.00970874,0.631068,0.0291262
417,0.123762,0.0247525,0.351485,0.0148515,0.0643564,0.420792
