1,0.0833333,0.0833333,0.0833333,0.583333,0.0833333,0.0833333
2,0.0714286,0.142857,0.0714286,0.428571,0.214286,0.0714286
3,0.12,0.02,0.42,0.2,0.12,0.12
4,0.3,0.2,0.05,0.35,0.05,0.05
5,0.0709677,0.083871,0.393548,0.212903,0.141935,0.0967742
6,0.04,0.2,0.16,0.12,0.36,0.12
7,0.142857,0.142857,0.285714,0.142857,0.142857,0.142857
8,0.0128205,0.769231,0.0128205,0.102564,0.0897436,0.0128205
9,0.0588235,0.411765,0.0588235,0.352941,0.0588235,0.0588235
10,0.0621762,0.0414508,0.455959,0.253886,0.119171,0.0673575
11,0.0333333,0.333333,0.133333,0.433333,0.0333333,0.0333333
12,0.0277778,0.305556,0.194444,0.0555556,0.361111,0.0555556
13,0.03125,0.03125,0.8125,0.03125,0.0625,0.03125
14,0.0714286,0.214286,0.214286,0.357143,0.0714286,0.0714286
15,0.0625,0.6875,0.0625,0.0625,0.0625,0.0625
16,0.669903,0.0242718,0.092233,0.0873786,0.0485437,0.0776699
17,0.0526316,0.0526316,0.157895,0.263158,0.210526,0.263158
18,0.0571429,0.185714,0.414286,0.228571,0.0571429,0.0571429
19,0.0666667,0.0222222,0.0222222,0.377778,0.444444,0.0666667
20,0.0797872,0.111702,0.0904255,0.0851064,0.574468,0.0585106
21,0.0333333,0.4,0.0333333,0.1,0.0333333,0.4
22,0.0142857,0.0142857,0.414286,0.357143,0.0142857,0.185714
23,0.142857,0.285714,0.142857,0.142857,0.142857,0.142857
24,0.0821918,0.0958904,0.205479,0.479452,0.123288,0.0136986
25,0.0833333,0.0833333,0.25,0.0833333,0.0833333,0.416667
26,0.00792864,0.0654113,0.181368,0.126858,0.305253,0.313181
27,0.0144928,0.0724638,0.492754,0.231884,0.0434783,0.144928
28,0.293103,0.0344828,0.275862,0.189655,0.0344828,0.172414
29,0.047619,0.285714,0.142857,0.428571,0.047619,0.047619
30,0.0333333,0.0666667,0.3,0.366667,0.2,0.0333333
31,0.166667,0.0833333,0.0833333,0.333333,0.25,0.0833333
32,0.0344828,0.0344828,0.137931,0.275862,0.0344828,0.482759
33,0.208333,0.333333,0.125,0.25,0.0416667,0.0416667
34,0.0389016,0.0366133,0.248284,0.231121,0.413043,0.0320366
35,0.0384615,0.134615,0.211538,0.519231,0.0769231,0.0192308
36,0.0434783,0.0434783,0.391304,0.304348,0.0434783,0.173913
37,0.0769231,0.153846,0.153846,0.461538,0.0769231,0.0769231
38,0.176056,0.028169,0.126761,0.15493,0.133803,0.380282
39,0.0135135,0.0810811,0.432432,0.148649,0.27027,0.0540541
40,0.0714286,0.0714286,0.428571,0.285714,0.0714286,0.0714286
41,0.775824,0.0505495,0.0505495,0.0758242,0.0406593,0.00659341
42,0.00460829,0.958525,0.0230415,0.00460829,0.00460829,0.00460829
43,0.1,0.1,0.2,0.3,0.2,0.1
44,0.0769231,0.0769231,0.384615,0.153846,0.230769,0.0769231
45,0.125,0.375,0.125,0.125,0.125,0.125
46,0.0285714,0.0285714,0.314286,0.428571,0.171429,0.0285714
47,0.117021,0.0106383,0.446809,0.287234,0.0425532,0.0957447
48,0.0909091,0.0909091,0.0909091,0.545455,0.0909091,0.0909091
49,0.00943396,0.0849057,0.40566,0.320755,0.169811,0.00943396
50,0.0555556,0.0111111,0.611111,0.166667,0.0111111,0.144444
51,0.047619,0.142857,0.238095,0.47619,0.047619,0.047619
52,0.176471,0.0294118,0.411765,0.294118,0.0588235,0.0294118
53,0.00611621,0.492355,0.311927,0.0917431,0.0672783,0.030581
54,0.111111,0.111111,0.111111,0.222222,0.333333,0.111111
55,0.0625,0.0625,0.0625,0.5625,0.1875,0.0625
56,0.1,0.1,0.3,0.25,0.05,0.2
57,0.0555556,0.555556,0.166667,0.111111,0.0555556,0.0555556
58,0.125,0.125,0.375,0.125,0.125,0.125
59,0.125,0.125,0.375,0.125,0.125,0.125
60,0.230769,0.102564,0.320513,0.0641026,0.0128205,0.269231
61,0.0833333,0.416667,0.0833333,0.25,0.0833333,0.0833333
62,0.1,0.5,0.1,0.1,0.1,0.1
63,0.203125,0.0625,0.140625,0.390625,0.171875,0.03125
64,0.0384615,0.0384615,0.153846,0.5,0.230769,0.0384615
65,0.0769231,0.0769231,0.307692,0.307692,0.153846,0.0769231
66,0.111111,0.444444,0.111111,0.111111,0.111111,0.111111
67,0.157895,0.210526,0.368421,0.157895,0.0526316,0.0526316
68,0.0714286,0.0714286,0.357143,0.142857,0.0714286,0.285714
69,0.0444444,0.111111,0.166667,0.0666667,0.6,0.0111111
70,0.02,0.393333,0.153333,0.22,0.2,0.0133333
71,0.049505,0.118812,0.188119,0.128713,0.49505,0.019802
72,0.111111,0.111111,0.111111,0.444444,0.111111,0.111111
73,0.0588235,0.0588235,0.176471,0.470588,0.176471,0.0588235
74,0.0454545,0.272727,0.227273,0.0909091,0.272727,0.0909091
75,0.0322581,0.693548,0.0322581,0.0645161,0.016129,0.16129
76,0.0331126,0.089404,0.364238,0.268212,0.211921,0.0331126
77,0.262976,0.0795848,0.176471,0.0726644,0.349481,0.0588235
78,0.0277778,0.111111,0.527778,0.111111,0.0833333,0.138889
79,0.0714286,0.0714286,0.285714,0.142857,0.357143,0.0714286
80,0.1,0.05,0.05,0.6,0.15,0.05
81,0.117647,0.0588235,0.294118,0.0588235,0.117647,0.352941
82,0.0357143,0.107143,0.107143,0.428571,0.178571,0.142857
83,0.024055,0.109966,0.199313,0.353952,0.309278,0.00343643
84,0.301193,0.0397614,0.0884692,0.100398,0.0765408,0.393638
85,0.0714286,0.220779,0.376623,0.220779,0.0714286,0.038961
86,0.125,0.125,0.375,0.125,0.125,0.125
87,0.00413223,0.0454545,0.859504,0.0165289,0.0702479,0.00413223
88,0.030303,0.30303,0.212121,0.212121,0.212121,0.030303
89,0.0416667,0.416667,0.0416667,0.25,0.0416667,0.208333
90,0.0588235,0.0588235,0.294118,0.294118,0.0588235,0.235294
91,0.00505051,0.611111,0.0808081,0.212121,0.0858586,0.00505051
92,0.0833333,0.333333,0.333333,0.0833333,0.0833333,0.0833333
93,0.157895,0.315789,0.0526316,0.368421,0.0526316,0.0526316
94,0.0150376,0.0075188,0.924812,0.0075188,0.0300752,0.0150376
95,0.0833333,0.25,0.166667,0.25,0.166667,0.0833333
96,0.1,0.1,0.5,0.1,0.1,0.1
97,0.027027,0.135135,0.0540541,0.567568,0.135135,0.0810811
98,0.0454545,0.227273,0.0454545,0.590909,0.0454545,0.0454545
99,0.128049,0.00609756,0.268293,0.20122,0.0914634,0.304878
100,0.0416667,0.0416667,0.416667,0.333333,0.125,0.0416667
101,0.0909091,0.333333,0.30303,0.121212,0.030303,0.121212
102,0.0344828,0.275862,0.172414,0.344828,0.0344828,0.137931
103,0.0416667,0.166667,0.375,0.333333,0.0416667,0.0416667
104,0.125,0.375,0.125,0.125,0.125,0.125
105,0.0833333,0.583333,0.0833333,0.0833333,0.0833333,0.0833333
106,0.0555556,0.0555556,0.0555556,0.0555556,0.722222,0.0555556
107,0.05,0.107143,0.207143,0.192857,0.435714,0.00714286
108,0.0833333,0.5,0.0833333,0.0833333,0.0833333,0.166667
109,0.0769231,0.384615,0.230769,0.0769231,0.153846,0.0769231
110,0.0151515,0.0151515,0.257576,0.106061,0.30303,0.30303
111,0.142857,0.142857,0.285714,0.142857,0.142857,0.142857
112,0.0769231,0.538462,0.0769231,0.153846,0.0769231,0.0769231
113,0.190476,0.142857,0.238095,0.309524,0.0238095,0.0952381
114,0.0769231,0.153846,0.307692,0.230769,0.0769231,0.153846
115,0.208333,0.0416667,0.0416667,0.541667,0.0416667,0.125
116,0.1,0.5,0.1,0.1,0.1,0.1
117,0.225,0.25,0.175,0.1,0.0625,0.1875
118,0.0425532,0.0425532,0.255319,0.340426,0.234043,0.0851064
119,0.0555556,0.0555556,0.0555556,0.611111,0.0555556,0.166667
120,0.00922509,0.00738007,0.0387454,0.0867159,0.0405904,0.817343
121,0.725,0.0416667,0.0958333,0.0333333,0.0125,0.0916667
122,0.04,0.04,0.56,0.04,0.28,0.04
123,0.0434783,0.0434783,0.0869565,0.478261,0.130435,0.217391
124,0.0833333,0.583333,0.0833333,0.0833333,0.0833333,0.0833333
125,0.0510949,0.080292,0.416058,0.109489,0.328467,0.0145985
126,0.0121951,0.573171,0.0609756,0.207317,0.134146,0.0121951
127,0.111111,0.111111,0.111111,0.333333,0.111111,0.222222
128,0.1,0.1,0.4,0.1,0.2,0.1
129,0.331579,0.452632,0.0157895,0.0315789,0.0631579,0.105263
130,0.025,0.15,0.1,0.025,0.475,0.225
131,0.0555556,0.0555556,0.277778,0.166667,0.388889,0.0555556
132,0.0410959,0.0730594,0.47032,0.16895,0.191781,0.0547945
133,0.185185,0.333333,0.333333,0.0740741,0.037037,0.037037
134,0.0144928,0.0144928,0.304348,0.550725,0.101449,0.0144928
135,0.0285714,0.2,0.0857143,0.5,0.157143,0.0285714
136,0.111111,0.111111,0.111111,0.333333,0.222222,0.111111
137,0.4,0.1,0.2,0.1,0.1,0.1
138,0.0714286,0.0714286,0.0714286,0.357143,0.0714286,0.357143
139,0.0294118,0.647059,0.0294118,0.235294,0.0294118,0.0294118
140,0.0454545,0.0454545,0.727273,0.0454545,0.0909091,0.0454545
141,0.196774,0.0483871,0.1,0.206452,0.135484,0.312903
142,0.0909091,0.181818,0.181818,0.0909091,0.0909091,0.363636
143,0.125,0.125,0.125,0.25,0.125,0.25
144,0.125,0.375,0.125,0.125,0.125,0.125
145,0.027027,0.189189,0.405405,0.243243,0.027027,0.108108
146,0.0746269,0.0746269,0.208955,0.462687,0.164179,0.0149254
147,0.15,0.15,0.05,0.55,0.05,0.05
148,0.150538,0.397849,0.107527,0.215054,0.11828,0.0107527
149,0.125,0.125,0.25,0.25,0.125,0.125
150,0.0714286,0.0714286,0.0714286,0.642857,0.0714286,0.0714286
151,0.0384615,0.307692,0.5,0.0384615,0.0384615,0.0769231
152,0.04,0.12,0.32,0.04,0.36,0.12
153,0.222222,0.111111,0.222222,0.111111,0.111111,0.222222
154,0.037037,0.037037,0.111111,0.148148,0.296296,0.37037
155,0.142857,0.285714,0.142857,0.142857,0.142857,0.142857
156,0.111111,0.111111,0.333333,0.222222,0.111111,0.111111
157,0.153846,0.128205,0.294872,0.115385,0.0128205,0.294872
158,0.0238095,0.0047619,0.314286,0.0904762,0.4,0.166667
159,0.151515,0.030303,0.333333,0.212121,0.181818,0.0909091
160,0.037037,0.518519,0.296296,0.037037,0.0740741,0.037037
161,0.142857,0.142857,0.285714,0.142857,0.142857,0.142857
162,0.222222,0.388889,0.222222,0.0555556,0.0555556,0.0555556
163,0.0666667,0.666667,0.0666667,0.0666667,0.0666667,0.0666667
164,0.142857,0.285714,0.142857,0.142857,0.142857,0.142857
165,0.382353,0.0294118,0.294118,0.117647,0.147059,0.0294118
166,0.016129,0.0806452,0.129032,0.451613,0.193548,0.129032
167,0.0625,0.0520833,0.354167,0.416667,0.0520833,0.0625
168,0.027027,0.027027,0.351351,0.243243,0.297297,0.0540541
169,0.0851064,0.0212766,0.234043,0.361702,0.276596,0.0212766
170,0.0555556,0.333333,0.388889,0.111111,0.0555556,0.0555556
171,0.0243902,0.219512,0.0731707,0.195122,0.414634,0.0731707
172,0.106061,0.308081,0.0959596,0.176768,0.00505051,0.308081
173,0.00704225,0.00704225,0.330986,0.260563,0.267606,0.126761
174,0.124464,0.0257511,0.399142,0.248927,0.188841,0.0128755
175,0.473896,0.0321285,0.273092,0.196787,0.0200803,0.00401606
176,0.0103093,0.113402,0.175258,0.298969,0.360825,0.0412371
177,0.0416667,0.541667,0.0416667,0.125,0.208333,0.0416667
178,0.0133333,0.546667,0.0266667,0.2,0.2,0.0133333
179,0.0833333,0.583333,0.0833333,0.0833333,0.0833333,0.0833333
180,0.111111,0.111111,0.111111,0.444444,0.111111,0.111111
181,0.280952,0.0142857,0.319048,0.204762,0.17619,0.0047619
182,0.125,0.25,0.25,0.125,0.125,0.125
183,0.142857,0.285714,0.142857,0.142857,0.142857,0.142857
184,0.05,0.45,0.3,0.1,0.05,0.05
185,0.164384,0.0136986,0.136986,0.232877,0.219178,0.232877
186,0.0258621,0.0948276,0.525862,0.0689655,0.275862,0.00862069
187,0.0454545,0.590909,0.0909091,0.181818,0.0454545,0.0454545
188,0.0833333,0.583333,0.0833333,0.0833333,0.0833333,0.0833333
189,0.0454545,0.545455,0.272727,0.0454545,0.0454545,0.0454545
190,0.0588235,0.0588235,0.588235,0.0588235,0.117647,0.117647
191,0.0192308,0.115385,0.557692,0.173077,0.115385,0.0192308
192,0.047619,0.047619,0.285714,0.238095,0.285714,0.0952381
193,0.421525,0.139013,0.139013,0.197309,0.0044843,0.0986547
194,0.0117647,0.247059,0.176471,0.0117647,0.129412,0.423529
195,0.27673,0.138365,0.138365,0.415094,0.00628931,0.0251572
196,0.2,0.0666667,0.5,0.0333333,0.166667,0.0333333
197,0.0833333,0.583333,0.0833333,0.0833333,0.0833333,0.0833333
198,0.0178571,0.0178571,0.321429,0.125,0.428571,0.0892857
199,0.221239,0.0235988,0.135693,0.0855457,0.530973,0.00294985
200,0.102564,0.0128205,0.0897436,0.333333,0.333333,0.128205
201,0.363636,0.181818,0.0909091,0.181818,0.0909091,0.0909091
202,0.0833333,0.583333,0.0833333,0.0833333,0.0833333,0.0833333
203,0.0333333,0.4,0.333333,0.166667,0.0333333,0.0333333
204,0.0625,0.0625,0.4375,0.125,0.1875,0.125
205,0.50152,0.367781,0.0364742,0.0425532,0.0243161,0.0273556
206,0.307692,0.307692,0.153846,0.0769231,0.0769231,0.0769231
207,0.0508475,0.118644,0.220339,0.288136,0.186441,0.135593
208,0.311111,0.679012,0.00246914,0.00246914,0.00246914,0.00246914
209,0.2,0.0666667,0.0666667,0.4,0.2,0.0666667
210,0.037037,0.037037,0.37037,0.259259,0.259259,0.037037
211,0.0216606,0.0216606,0.462094,0.122744,0.33574,0.0361011
212,0.0153846,0.230769,0.230769,0.246154,0.230769,0.0461538
213,0.0131579,0.605263,0.105263,0.118421,0.144737,0.0131579
214,0.04,0.4,0.32,0.04,0.16,0.04
215,0.0666667,0.0666667,0.4,0.2,0.2,0.0666667
216,0.1,0.1,0.5,0.1,0.1,0.1
217,0.125,0.03125,0.21875,0.1875,0.0625,0.375
218,0.0833333,0.583333,0.0833333,0.0833333,0.0833333,0.0833333
219,0.0909091,0.0909091,0.0909091,0.545455,0.0909091,0.0909091
220,0.0666667,0.2,0.0666667,0.466667,0.133333,0.0666667
221,0.0769231,0.0769231,0.307692,0.0769231,0.384615,0.0769231
222,0.0434783,0.0434783,0.434783,0.347826,0.0434783,0.0869565
223,0.0123457,0.0123457,0.407407,0.197531,0.358025,0.0123457
224,0.027027,0.27027,0.378378,0.27027,0.027027,0.027027
225,0.07034,0.0339977,0.220399,0.113716,0.364596,0.196952
226,0.0588235,0.264706,0.117647,0.117647,0.176471,0.264706
227,0.036,0.136,0.276,0.124,0.072,0.356
228,0.28,0.04,0.12,0.12,0.4,0.04
229,0.0833333,0.583333,0.0833333,0.0833333,0.0833333,0.0833333
230,0.1,0.1,0.1,0.4,0.2,0.1
231,0.0769231,0.0769231,0.615385,0.0769231,0.0769231,0.0769231
232,0.0367647,0.0183824,0.360294,0.511029,0.0588235,0.0147059
233,0.0526316,0.105263,0.421053,0.105263,0.0526316,0.263158
234,0.03125,0.3125,0.375,0.125,0.125,0.03125
235,0.909548,0.0251256,0.0376884,0.00251256,0.0226131,0.00251256
236,0.0625,0.5,0.25,0.0625,0.0625,0.0625
237,0.0434783,0.0108696,0.11413,0.13587,0.690217,0.00543478
238,0.0169492,0.0169492,0.372881,0.271186,0.305085,0.0169492
239,0.0588235,0.588235,0.0588235,0.176471,0.0588235,0.0588235
240,0.0714286,0.0714286,0.0714286,0.0714286,0.642857,0.0714286
241,0.138462,0.0153846,0.230769,0.338462,0.2,0.0769231
242,0.111111,0.333333,0.111111,0.111111,0.222222,0.111111
243,0.111111,0.111111,0.444444,0.111111,0.111111,0.111111
244,0.0833333,0.0833333,0.333333,0.166667,0.25,0.0833333
245,0.337705,0.0131148,0.134426,0.127869,0.134426,0.252459
246,0.0192308,0.0961538,0.615385,0.0192308,0.192308,0.0576923
247,0.167539,0.0052356,0.0157068,0.0680628,0.109948,0.633508
248,0.142857,0.142857,0.142857,0.285714,0.142857,0.142857
249,0.0294118,0.0882353,0.441176,0.294118,0.117647,0.0294118
250,0.142857,0.285714,0.142857,0.142857,0.142857,0.142857
251,0.0875161,0.209781,0.123552,0.491634,0.0682111,0.019305
252,0.012987,0.025974,0.428571,0.038961,0.480519,0.012987
253,0.111111,0.111111,0.444444,0.111111,0.111111,0.111111
254,0.0169492,0.135593,0.372881,0.0847458,0.372881,0.0169492
255,0.125,0.125,0.375,0.125,0.125,0.125
256,0.0833333,0.583333,0.0833333,0.0833333,0.0833333,0.0833333
257,0.025641,0.435897,0.128205,0.307692,0.0769231,0.025641
258,0.102113,0.00352113,0.21831,0.140845,0.464789,0.0704225
259,0.0232558,0.255814,0.116279,0.465116,0.116279,0.0232558
260,0.0113636,0.397727,0.261364,0.0568182,0.113636,0.159091
261,0.0555556,0.222222,0.333333,0.0555556,0.0555556,0.277778
262,0.387168,0.0486726,0.050885,0.0685841,0.294248,0.150442
263,0.0833333,0.583333,0.0833333,0.0833333,0.0833333,0.0833333
264,0.0227273,0.0681818,0.318182,0.272727,0.257576,0.0606061
265,0.0454545,0.0909091,0.363636,0.227273,0.227273,0.0454545
266,0.00952381,0.047619,0.27619,0.314286,0.32381,0.0285714
267,0.0333333,0.0166667,0.516667,0.0333333,0.1,0.3
268,0.1,0.3,0.3,0.1,0.1,0.1
269,0.117409,0.0121457,0.506073,0.178138,0.133603,0.0526316
270,0.192308,0.192308,0.384615,0.153846,0.0384615,0.0384615
271,0.030303,0.010101,0.353535,0.161616,0.333333,0.111111
272,0.0420168,0.0420168,0.277311,0.428571,0.176471,0.0336134
273,0.111111,0.111111,0.333333,0.222222,0.111111,0.111111
274,0.1,0.1,0.4,0.1,0.1,0.2
275,0.0909091,0.0909091,0.181818,0.0909091,0.181818,0.363636
276,0.125,0.375,0.125,0.125,0.125,0.125
277,0.111111,0.0555556,0.166667,0.444444,0.166667,0.0555556
278,0.0769231,0.0769231,0.0769231,0.615385,0.0769231,0.0769231
279,0.125,0.125,0.125,0.375,0.125,0.125
280,0.0666667,0.0666667,0.0666667,0.533333,0.2,0.0666667
281,0.0769231,0.538462,0.0769231,0.153846,0.0769231,0.0769231
282,0.0645161,0.16129,0.0322581,0.0322581,0.258065,0.451613
283,0.0769231,0.538462,0.0769231,0.153846,0.0769231,0.0769231
284,0.0434783,0.434783,0.0869565,0.217391,0.173913,0.0434783
285,0.0377358,0.0943396,0.377358,0.169811,0.245283,0.0754717
286,0.125,0.375,0.125,0.125,0.125,0.125
287,0.0136986,0.0684932,0.164384,0.260274,0.260274,0.232877
288,0.0769231,0.0769231,0.461538,0.230769,0.0769231,0.0769231
289,0.142857,0.285714,0.142857,0.142857,0.142857,0.142857
290,0.0042735,0.0598291,0.376068,0.303419,0.222222,0.034188
291,0.0769231,0.538462,0.153846,0.0769231,0.0769231,0.0769231
292,0.473684,0.0526316,0.25,0.197368,0.0131579,0.0131579
293,0.0666667,0.0666667,0.0666667,0.666667,0.0666667,0.0666667
294,0.0769231,0.346154,0.461538,0.0384615,0.0384615,0.0384615
295,0.0333333,0.233333,0.2,0.4,0.1,0.0333333
296,0.125,0.0625,0.25,0.4375,0.0625,0.0625
297,0.00826446,0.123967,0.173554,0.38843,0.264463,0.0413223
298,0.0227273,0.25,0.113636,0.136364,0.227273,0.25
299,0.047619,0.315476,0.178571,0.309524,0.0952381,0.0535714
300,0.0588235,0.0588235,0.529412,0.117647,0.0588235,0.176471
301,0.272727,0.0909091,0.0909091,0.363636,0.0909091,0.0909091
302,0.0666667,0.0666667,0.533333,0.0666667,0.0666667,0.2
303,0.0328947,0.125,0.671053,0.0855263,0.0657895,0.0197368
304,0.0393258,0.00561798,0.38764,0.264045,0.202247,0.101124
305,0.1875,0.0401786,0.183036,0.169643,0.330357,0.0892857
306,0.111111,0.111111,0.222222,0.111111,0.333333,0.111111
307,0.0833333,0.0833333,0.5,0.166667,0.0833333,0.0833333
308,0.0330579,0.231405,0.247934,0.247934,0.140496,0.0991736
309,0.0384615,0.153846,0.423077,0.269231,0.0769231,0.0384615
310,0.03125,0.03125,0.5,0.15625,0.25,0.03125
311,0.439024,0.097561,0.219512,0.00813008,0.0731707,0.162602
312,0.0588235,0.0588235,0.0588235,0.705882,0.0588235,0.0588235
313,0.116071,0.0535714,0.241071,0.258929,0.258929,0.0714286
314,0.111111,0.444444,0.111111,0.111111,0.111111,0.111111
315,0.0192308,0.134615,0.211538,0.173077,0.326923,0.134615
316,0.0365854,0.054878,0.143293,0.054878,0.631098,0.0792683
317,0.109091,0.254545,0.127273,0.472727,0.0181818,0.0181818
318,0.141176,0.305882,0.211765,0.176471,0.152941,0.0117647
319,0.111111,0.111111,0.444444,0.111111,0.111111,0.111111
320,0.04,0.04,0.32,0.32,0.24,0.04
321,0.0909091,0.0227273,0.272727,0.363636,0.113636,0.136364
322,0.0561224,0.0629252,0.153061,0.267007,0.129252,0.331633
323,0.04,0.28,0.36,0.24,0.04,0.04
324,0.0166667,0.0166667,0.683333,0.0833333,0.1,0.1
325,0.125,0.125,0.375,0.125,0.125,0.125
326,0.226131,0.0251256,0.708543,0.00502513,0.0301508,0.00502513
327,0.00314465,0.116352,0.503145,0.216981,0.13522,0.0251572
328,0.0588235,0.0294118,0.558824,0.235294,0.0882353,0.0294118
329,0.142857,0.285714,0.142857,0.142857,0.142857,0.142857
330,0.0714286,0.0714286,0.214286,0.357143,0.0714286,0.214286
331,0.0410959,0.0136986,0.671233,0.246575,0.0136986,0.0136986
332,0.0625,0.0625,0.3125,0.125,0.375,0.0625
333,0.04,0.48,0.32,0.04,0.04,0.08
334,0.0285714,0.371429,0.228571,0.285714,0.0571429,0.0285714
335,0.210526,0.0037594,0.0263158,0.729323,0.0225564,0.0075188
336,0.1,0.1,0.1,0.4,0.2,0.1
337,0.0666667,0.0666667,0.666667,0.0666667,0.0666667,0.0666667
338,0.0258065,0.716129,0.0774194,0.148387,0.0258065,0.00645161
339,0.05,0.05,0.3,0.45,0.1,0.05
340,0.16129,0.0322581,0.354839,0.193548,0.225806,0.0322581
341,0.0454545,0.227273,0.363636,0.272727,0.0454545,0.0454545
342,0.148148,0.0740741,0.296296,0.333333,0.037037,0.111111
343,0.125,0.375,0.125,0.125,0.125,0.125
344,0.506234,0.074813,0.0872818,0.15586,0.0810474,0.0947631
345,0.109375,0.00520833,0.572917,0.125,0.09375,0.09375
346,0.125,0.125,0.375,0.125,0.125,0.125
347,0.0091135,0.01657,0.0886495,0.265949,0.588235,0.031483
348,0.05,0.05,0.7,0.05,0.05,0.1
349,0.0555556,0.0555556,0.444444,0.277778,0.0555556,0.111111
350,0.04,0.6,0.08,0.12,0.12,0.04
351,0.235294,0.212418,0.25817,0.186275,0.0522876,0.0555556
352,0.05,0.05,0.5,0.1,0.25,0.05
353,0.0454545,0.272727,0.545455,0.0454545,0.0454545,0.0454545
354,0.0465116,0.465116,0.0232558,0.395349,0.0232558,0.0465116
355,0.0357143,0.0357143,0.428571,0.428571,0.0357143,0.0357143
356,0.0909091,0.454545,0.0909091,0.0909091,0.181818,0.0909091
357,0.08,0.08,0.26,0.18,0.36,0.04
358,0.08,0.6,0.02,0.16,0.12,0.02
359,0.111111,0.111111,0.111111,0.444444,0.111111,0.111111
360,0.025,0.05,0.55,0.125,0.225,0.025
361,0.1,0.1,0.1,0.3,0.3,0.1
362,0.0909091,0.0909091,0.181818,0.454545,0.0909091,0.0909091
363,0.0357143,0.107143,0.142857,0.464286,0.0357143,0.214286
364,0.0357143,0.535714,0.0357143,0.0357143,0.285714,0.0714286
365,0.0588235,0.0588235,0.470588,0.294118,0.0588235,0.0588235
366,0.353448,0.0603448,0.189655,0.211207,0.0689655,0.116379
367,0.0769231,0.0769231,0.538462,0.153846,0.0769231,0.0769231
368,0.0434783,0.217391,0.0869565,0.565217,0.0434783,0.0434783
369,0.0172414,0.12069,0.344828,0.137931,0.362069,0.0172414
370,0.139344,0.0491803,0.344262,0.180328,0.245902,0.0409836
371,0.0769231,0.0769231,0.461538,0.153846,0.153846,0.0769231
372,0.125,0.375,0.125,0.125,0.125,0.125
373,0.049505,0.237624,0.168317,0.366337,0.168317,0.00990099
374,0.142857,0.285714,0.142857,0.142857,0.142857,0.142857
375,0.0769231,0.538462,0.0769231,0.153846,0.0769231,0.0769231
376,0.03125,0.03125,0.46875,0.21875,0.21875,0.03125
377,0.0833333,0.0833333,0.5,0.166667,0.0833333,0.0833333
378,0.125,0.0833333,0.0208333,0.208333,0.541667,0.0208333
379,0.738854,0.0700637,0.0955414,0.044586,0.044586,0.00636943
380,0.1,0.1,0.1,0.4,0.2,0.1
381,0.0833333,0.583333,0.0833333,0.0833333,0.0833333,0.0833333
382,0.0833333,0.270833,0.145833,0.118056,0.326389,0.0555556
383,0.0675676,0.425676,0.236486,0.135135,0.0743243,0.0608108
384,0.03125,0.0625,0.34375,0.28125,0.25,0.03125
385,0.523288,0.00684932,0.145205,0.115068,0.167123,0.0424658
386,0.183183,0.015015,0.0930931,0.138138,0.0960961,0.474474
387,0.125,0.125,0.125,0.125,0.375,0.125
388,0.138889,0.194444,0.416667,0.222222,0.0138889,0.0138889
389,0.0227273,0.477273,0.159091,0.295455,0.0227273,0.0227273
390,0.0212766,0.702128,0.0851064,0.106383,0.0638298,0.0212766
391,0.0125,0.15,0.2125,0.4875,0.1125,0.025
392,0.0526316,0.315789,0.0526316,0.473684,0.0526316,0.0526316
393,0.239583,0.144345,0.119048,0.241071,0.129464,0.126488
394,0.025641,0.384615,0.333333,0.205128,0.025641,0.025641
395,0.04,0.08,0.28,0.2,0.28,0.12
396,0.142857,0.428571,0.0357143,0.285714,0.0714286,0.0357143
397,0.158218,0.0721966,0.0522273,0.124424,0.222734,0.3702
398,0.0555556,0.0555556,0.333333,0.222222,0.277778,0.0555556
399,0.0326087,0.0978261,0.641304,0.152174,0.0108696,0.0652174
400,0.126984,0.047619,0.126984,0.428571,0.174603,0.0952381
401,0.0815451,0.0128755,0.261803,0.240343,0.214592,0.188841
402,0.0434783,0.0434783,0.434783,0.217391,0.217391,0.0434783
403,0.04,0.04,0.28,0.48,0.08,0.08
404,0.142857,0.142857,0.142857,0.285714,0.142857,0.142857
405,0.0294118,0.147059,0.0882353,0.352941,0.352941,0.0294118
406,0.0909091,0.0909091,0.454545,0.181818,0.0909091,0.0909091
407,0.0357143,0.642857,0.0357143,0.214286,0.0357143,0.0357143
408,0.0454545,0.272727,0.5,0.0909091,0.0454545,0.0454545
409,0.0675676,0.0810811,0.22973,0.391892,0.162162,0.0675676
410,0.125,0.25,0.125,0.25,0.125,0.125
411,0.125,0.375,0.125,0.125,0.125,0.125
412,0.111111,0.111111,0.222222,0.111111,0.111111,0.333333
413,0.416667,0.0833333,0.0833333,0.25,0.0833333,0.0833333
414,0.0169492,0.135593,0.288136,0.0169492,0.254237,0.288136
415,0.0714286,0.0714286,0.214286,0.0714286,0.5,0.0714286
416,0.0588235,0.0294118,0.0588235,0.235294,0.588235,0.0294118
417,0.0416667,0.215278,0.270833,0.180556,0.194444,0.0972222
418,0.05,0.05,0.6,0.15,0.1,0.05
419,0.0555556,0.0277778,0.361111,0.240741,0.287037,0.0277778
420,0.1,0.1,0.3,0.1,0.3,0.1
421,0.0714286,0.0142857,0.428571,0.0714286,0.4,0.0142857
422,0.0434783,0.73913,0.0434783,0.0434783,0.0869565,0.0434783
423,0.00757576,0.590909,0.212121,0.0606061,0.121212,0.00757576
424,0.0419075,0.263006,0.384393,0.200867,0.0968208,0.0130058
425,0.0625,0.4375,0.0625,0.3125,0.0625,0.0625
426,0.1,0.1,0.4,0.2,0.1,0.1
427,0.732283,0.00787402,0.165354,0.0393701,0.00787402,0.0472441
428,0.2,0.111111,0.311111,0.0888889,0.111111,0.177778
429,0.0784314,0.176471,0.151961,0.220588,0.303922,0.0686275
430,0.0588235,0.0588235,0.117647,0.588235,0.117647,0.0588235
431,0.796029,0.00722022,0.0758123,0.0830325,0.0361011,0.00180505
432,0.636364,0.0227273,0.272727,0.0227273,0.0227273,0.0227273
433,0.0909091,0.181818,0.272727,0.181818,0.181818,0.0909091
434,0.263158,0.0526316,0.526316,0.0526316,0.0526316,0.0526316
435,0.0722892,0.0361446,0.337349,0.168675,0.373494,0.0120482
436,0.09375,0.65625,0.03125,0.0625,0.125,0.03125
437,0.0666667,0.533333,0.0666667,0.0666667,0.0666667,0.2
438,0.0833333,0.0833333,0.166667,0.5,0.0833333,0.0833333
439,0.0526316,0.0526316,0.0526316,0.421053,0.368421,0.0526316
440,0.0769231,0.538462,0.153846,0.0769231,0.0769231,0.0769231
441,0.0833333,0.583333,0.0833333,0.0833333,0.0833333,0.0833333
442,0.142857,0.142857,0.142857,0.142857,0.285714,0.142857
443,0.0555556,0.666667,0.0555556,0.111111,0.0555556,0.0555556
444,0.0909091,0.0909091,0.545455,0.0909091,0.0909091,0.0909091
445,0.0172414,0.189655,0.310345,0.310345,0.0344828,0.137931
446,0.0377358,0.0377358,0.45283,0.301887,0.0943396,0.0754717
447,0.111111,0.222222,0.111111,0.222222,0.222222,0.111111
448,0.1,0.1,0.2,0.4,0.1,0.1
449,0.0882353,0.132353,0.352941,0.102941,0.308824,0.0147059
450,0.125,0.125,0.25,0.125,0.25,0.125
451,0.15,0.4,0.05,0.3,0.05,0.05
452,0.285714,0.142857,0.142857,0.142857,0.142857,0.142857
453,0.19802,0.019802,0.237624,0.306931,0.148515,0.0891089
454,0.0909091,0.0606061,0.121212,0.545455,0.0606061,0.121212
455,0.0980392,0.0980392,0.362745,0.284314,0.147059,0.00980392
456,0.0106383,0.0106383,0.361702,0.276596,0.329787,0.0106383
457,0.111111,0.444444,0.111111,0.111111,0.111111,0.111111
458,0.0833333,0.0833333,0.5,0.0833333,0.166667,0.0833333
459,0.0416667,0.208333,0.541667,0.0416667,0.125,0.0416667
460,0.0833333,0.583333,0.0833333,0.0833333,0.0833333,0.0833333
461,0.142857,0.0714286,0.0714286,0.357143,0.0714286,0.285714
462,0.443787,0.12426,0.0769231,0.278107,0.0710059,0.00591716
463,0.6,0.09,0.05,0.07,0.05,0.14
464,0.03125,0.03125,0.25,0.34375,0.3125,0.03125
465,0.125,0.375,0.125,0.125,0.125,0.125
466,0.08,0.2,0.04,0.16,0.48,0.04
467,0.0625,0.3125,0.25,0.25,0.0625,0.0625
468,0.234568,0.358025,0.148148,0.17284,0.0740741,0.0123457
469,0.00961538,0.807692,0.00961538,0.134615,0.0288462,0.00961538
470,0.0909091,0.0909091,0.0909091,0.545455,0.0909091,0.0909091
471,0.125,0.25,0.125,0.25,0.125,0.125
472,0.0416667,0.208333,0.125,0.375,0.208333,0.0416667
473,0.21544,0.10772,0.125673,0.152603,0.165171,0.233393
474,0.0714286,0.0714286,0.0714286,0.5,0.214286,0.0714286
475,0.416667,0.00925926,0.203704,0.00925926,0.12037,0.240741
476,0.0625,0.625,0.125,0.0625,0.0625,0.0625
477,0.099359,0.798077,0.025641,0.0480769,0.025641,0.00320513
478,0.149733,0.0320856,0.320856,0.181818,0.203209,0.112299
479,0.111111,0.5,0.0555556,0.111111,0.166667,0.0555556
480,0.153846,0.0384615,0.0769231,0.307692,0.384615,0.0384615
481,0.0625,0.0625,0.3125,0.1875,0.3125,0.0625
482,0.111111,0.111111,0.333333,0.111111,0.222222,0.111111
483,0.1,0.1,0.1,0.5,0.1,0.1
484,0.0121951,0.0121951,0.329268,0.304878,0.195122,0.146341
485,0.0353698,0.123794,0.294212,0.234727,0.245981,0.0659164
486,0.1,0.3,0.05,0.1,0.4,0.05
487,0.130435,0.0434783,0.347826,0.0434783,0.304348,0.130435
488,0.0138889,0.736111,0.111111,0.111111,0.0138889,0.0138889
489,0.0405405,0.265766,0.310811,0.265766,0.112613,0.0045045
490,0.0714286,0.0714286,0.0714286,0.357143,0.357143,0.0714286
491,0.0526316,0.157895,0.105263,0.526316,0.0526316,0.105263
492,0.0833333,0.583333,0.0833333,0.0833333,0.0833333,0.0833333
493,0.0217391,0.0217391,0.23913,0.434783,0.0869565,0.195652
494,0.0714286,0.285714,0.0714286,0.428571,0.0714286,0.0714286
495,0.0714286,0.0714286,0.0714286,0.642857,0.0714286,0.0714286
496,0.762195,0.00609756,0.128049,0.054878,0.00609756,0.0426829
497,0.125,0.25,0.125,0.25,0.125,0.125
498,0.0666667,0.266667,0.133333,0.133333,0.333333,0.0666667
499,0.0666667,0.333333,0.0666667,0.333333,0.133333,0.0666667
500,0.0385093,0.0956522,0.202484,0.0521739,0.453416,0.157764
501,0.0715596,0.0293578,0.198165,0.376147,0.240367,0.0844037
502,0.0212766,0.0212766,0.255319,0.382979,0.0638298,0.255319
503,0.0659253,0.650516,0.0333598,0.115171,0.110405,0.0246227
504,0.0131579,0.0921053,0.282895,0.243421,0.322368,0.0460526
505,0.0666667,0.0666667,0.466667,0.266667,0.0666667,0.0666667
506,0.0833333,0.25,0.416667,0.0833333,0.0833333,0.0833333
507,0.142857,0.285714,0.142857,0.142857,0.142857,0.142857
508,0.111111,0.111111,0.333333,0.222222,0.111111,0.111111
509,0.1,0.1,0.2,0.4,0.1,0.1
510,0.0416667,0.291667,0.0416667,0.416667,0.166667,0.0416667
511,0.037037,0.037037,0.296296,0.296296,0.296296,0.037037
512,0.0909091,0.0909091,0.363636,0.181818,0.181818,0.0909091
