1,0.416667,0.1875,0.125,0.229167,0.0208333,0.0208333,0,Bug-7e87982c-360a-48ad-aeb3-75d962502e5e,1361603656464
2,0.2,0.0285714,0.685714,0.0285714,0.0285714,0.0285714,2,Bug-8ec2bc71-9dfd-4fcf-9bdc-36eac3a570d3,1317106483665
3,0.09689,0.0442584,0.155502,0.196172,0.415072,0.0921053,4,Bug-3661c2b7-1292-4124-8de7-fd967c433ef6,1373618001487
4,0.142857,0.047619,0.285714,0.047619,0.047619,0.428571,5,Bug-a8030052-8f6e-4649-9e3f-16138de8ee59,1394528454660
5,0.153846,0.307692,0.0769231,0.0769231,0.230769,0.153846,1,Bug-66fbf153-362d-4ab6-ba36-347871bddb44,1389827817006
6,0.375,0.125,0.125,0.125,0.125,0.125,0,Bug-c7aa819e-8edd-43d1-bcec-1440e1f95afa,1363068833877
7,0.375,0.125,0.125,0.125,0.125,0.125,0,Bug-f1fddfd9-bcfb-4c01-9ae3-41b7a84417d4,1390497995126
8,0.0952381,0.047619,0.428571,0.047619,0.0952381,0.285714,2,Bug-01f90753-d8b6-454a-8248-79d435c36933,1388995385419
9,0.0769231,0.230769,0.461538,0.0769231,0.0769231,0.0769231,2,Bug-deb7af81-7db2-44e7-bb4d-0cdfd70ddf75,1363072362297
10,0.375,0.125,0.125,0.125,0.125,0.125,0,Bug-d79cbdeb-e10e-4b11-a63d-b33167989525,1367012966148
11,0.157895,0.0263158,0.552632,0.0263158,0.0263158,0.210526,2,Bug-2956e736-f489-4415-aa4a-bdb908f6c40c,1386840823412
12,0.125,0.0416667,0.0416667,0.25,0.0416667,0.5,5,Bug-c14142f6-629a-4500-8dfd-336d0436c5da,1387356485414
13,0.333333,0.166667,0.0333333,0.116667,0.2,0.15,0,Bug-d7102c69-7180-496c-b8a7-a0da88cb3206,1300317963605
14,0.571429,0.142857,0.0714286,0.0714286,0.0714286,0.0714286,0,Bug-d847b152-638a-42e3-867b-2c2110f5c270,1391595338809
15,0.222222,0.111111,0.111111,0.111111,0.111111,0.333333,5,Bug-a23999c9-ef66-4735-83a7-7c577a4c0a86,1390422605729
16,0.153846,0.0153846,0.0153846,0.0153846,0.0153846,0.784615,5,Bug-fa6b589f-29a5-49a4-ba5d-c6ff15c51046,1276856819177
17,0.375,0.125,0.125,0.125,0.125,0.125,0,Bug-1fc8355e-c86c-4c87-b141-756f9aab5b63,1384940913739
18,0.339623,0.0188679,0.150943,0.188679,0.0943396,0.207547,0,Bug-5b6dd6f7-61ff-45b8-96d2-ea60bf835a7c,1300663377679
19,0.333333,0.111111,0.111111,0.222222,0.111111,0.111111,0,Bug-d96966bd-d8f0-4a83-9099-82159f4f6a3d,1386585695399
20,0.353383,0.0075188,0.135338,0.0902256,0.0075188,0.406015,5,Bug-25b57017-2443-4ce0-aa8d-23b71d070154,1364411973367
21,0.422886,0.159204,0.343284,0.00497512,0.0199005,0.0497512,0,Bug-a17caa90-c5be-40ad-9636-23465ca5bc6a,1384337594669
22,0.5,0.1,0.1,0.1,0.1,0.1,0,Bug-6f113c9c-e0e1-4720-8598-bad30841f292,1246539851501
23,0.555556,0.0555556,0.111111,0.166667,0.0555556,0.0555556,0,Bug-a5ef1dfa-4657-472a-874e-e60364f87425,1358763142863
24,0.457447,0.0478723,0.0904255,0.255319,0.00531915,0.143617,0,Bug-d95d8cee-9fae-4c2b-a97d-d2d6011d8fdb,1364479673348
25,0.0606061,0.030303,0.636364,0.030303,0.0606061,0.181818,2,Bug-2715865c-5cc6-493b-a2f4-eb7ce57e0810,1355476573506
26,0.531915,0.0212766,0.0212766,0.170213,0.0212766,0.234043,0,Bug-30eeb974-f997-4886-9ae1-9370a1307d8f,1378390938369
27,0.72,0.04,0.04,0.12,0.04,0.04,0,Bug-46775cc8-02f6-4eb2-b8d3-2e4fe3a9e4b7,1390424440678
28,0.0875,0.1125,0.275,0.1625,0.35,0.0125,4,Bug-cf30695e-bce7-423f-9a96-9b6cc6cddd6a,1383638999013
29,0.5,0.1,0.1,0.1,0.1,0.1,0,Bug-88653a13-ee2d-4d99-a9c3-8dc7c7ed9777,1389354012420
30,0.375,0.125,0.125,0.125,0.125,0.125,0,Bug-8ce4fce6-e897-41e3-b565-4e14d2803c1f,1385643578220
31,0.666667,0.0666667,0.0666667,0.0666667,0.0666667,0.0666667,0,Bug-a1195122-21f3-4f80-8ac2-5593d2c32973,1395759738243
32,0.375,0.125,0.125,0.125,0.125,0.125,0,Bug-2fc2e7f3-5b72-43e4-9d50-b8c49d2e71a8,1256848354216
33,0.375,0.125,0.125,0.125,0.125,0.125,0,Bug-d00dc09c-e1c9-4883-9a7f-48427c0c1733,1321445555640
34,0.375,0.125,0.125,0.125,0.125,0.125,0,Bug-f545f963-8f93-4e42-9563-3b8254641b0e,1380007655125
35,0.216667,0.0166667,0.133333,0.133333,0.233333,0.266667,5,Bug-0bf64d6f-272a-4315-9e8e-0db1e172809d,1300453948717
36,0.363636,0.272727,0.0909091,0.0909091,0.0909091,0.0909091,0,Bug-66c62969-c3d4-43f3-953b-48a2ea6037a5,1377380680477
37,0.25,0.416667,0.0833333,0.0833333,0.0833333,0.0833333,1,Bug-31a7444a-3d75-4ff2-92d2-aa004c9e4775,1389189075263
38,0.375,0.125,0.125,0.125,0.125,0.125,0,Bug-945ee71c-7500-4a53-9971-944d0ccb22ac,1382617833983
39,0.00233645,0.261682,0.401869,0.175234,0.156542,0.00233645,2,Bug-55a5fa1c-f52c-4a92-802f-a26e43031c59,1395775955022
40,0.0483871,0.0215054,0.817204,0.00537634,0.00537634,0.102151,2,Bug-bc6d22f8-13ea-4618-9ebd-ef48d3f891f1,1391608066491
41,0.125,0.125,0.125,0.375,0.125,0.125,3,Bug-e726eeb8-b8fe-4cab-a8c2-bcb50f4aa398,1364102771097
42,0.470588,0.0588235,0.0588235,0.294118,0.0588235,0.0588235,0,Bug-912cc38b-8554-4409-bd83-bffc33102213,1383576516440
43,0.444444,0.111111,0.111111,0.111111,0.111111,0.111111,0,Bug-75b37b1a-1796-4753-bb4a-44c1f3cc6864,1316719600503
44,0.0769231,0.362637,0.0549451,0.230769,0.241758,0.032967,1,Bug-07f61ca4-edc0-449c-b654-823505604f1e,1385732987932
45,0.2,0.46,0.02,0.1,0.04,0.18,1,Bug-92b2af7b-5dd3-4044-8644-5f20400881f0,1392820491967
46,0.538462,0.0769231,0.025641,0.025641,0.025641,0.307692,0,Bug-26a6e9d3-5d94-4322-a337-71f4701e0242,1374680162433
47,0.5,0.1,0.1,0.1,0.1,0.1,0,Bug-f386fcfa-0c0e-40a7-8580-7c5b67ae12d7,1395927457087
48,0.0625,0.0208333,0.208333,0.208333,0.395833,0.104167,4,Bug-b305ece9-f720-4b52-a0b7-3166d30a21e3,1222450257502
49,0.375,0.125,0.125,0.125,0.125,0.125,0,Bug-f6efefe0-99a2-43dc-922a-e7236b03eb95,1374397580598
50,0.285714,0.142857,0.142857,0.142857,0.142857,0.142857,0,Bug-3b0421af-8358-4596-81b9-65df8f0018be,1369849166182
51,0.363636,0.0909091,0.0909091,0.0909091,0.181818,0.181818,0,Bug-fad9eaaf-9c2a-4b57-8f10-1467c94a2447,1387961983121
52,0.2,0.4,0.1,0.1,0.1,0.1,1,Bug-50dfbe85-d995-489c-8ff0-9218144cd690,1335234415446
53,0.375,0.125,0.125,0.125,0.125,0.125,0,Bug-3cedb2a2-79cc-4d17-8ca5-e1255b872973,1352986423504
54,0.148936,0.0992908,0.0992908,0.468085,0.0070922,0.177305,3,Bug-f2d740fe-71a0-43af-84f5-f7e26478ba38,1390410199952
55,0.15,0.0833333,0.25,0.0666667,0.0666667,0.383333,5,Bug-a36ae0bb-c8fe-4160-9d7c-c6b7ec09a09f,1363881211062
56,0.181818,0.363636,0.0909091,0.181818,0.0909091,0.0909091,1,Bug-ede95c68-7938-45d6-89cf-81bd6dd960f6,1350386579871
57,0.375,0.125,0.125,0.125,0.125,0.125,0,Bug-0fd03ec3-f588-4bca-8c55-658c4184d3a3,1224063615725
58,0.272727,0.0909091,0.0909091,0.0909091,0.0909091,0.363636,5,Bug-6618e6f2-821e-43ce-9328-2706a4ceb442,1322051394933
59,0.375,0.125,0.125,0.125,0.125,0.125,0,Bug-593dfad5-63c1-4440-9ea2-3379fac9e0c9,1371982987083
60,0.588235,0.117647,0.0588235,0.117647,0.0588235,0.0588235,0,Bug-dcc3128c-554d-476b-9d0a-cb54ba488a5a,1386531774214
61,0.318182,0.0227273,0.227273,0.0227273,0.0909091,0.318182,0,Bug-2c92999b-c466-431c-8ad6-23e2260e5ef1,1372427790037
62,0.5,0.1,0.1,0.1,0.1,0.1,0,Bug-b6fad838-cbb9-4cad-9055-e3264faab115,1321527997561
63,0.285714,0.142857,0.142857,0.142857,0.142857,0.142857,0,Bug-d384f869-6565-4f67-8466-b84fcc046c9e,1386839861918
64,0.030303,0.151515,0.181818,0.545455,0.0606061,0.030303,3,Bug-ef77a935-aec8-4d53-9974-4179524a9713,1378933929072
65,0.5,0.1,0.1,0.1,0.1,0.1,0,Bug-5d1281d7-768d-4995-98d6-64eef3a75f66,1410877803833
66,0.47619,0.047619,0.047619,0.047619,0.047619,0.333333,0,Bug-5896a8e3-7985-4f62-a130-8445ecff7955,1394180318903
67,0.470588,0.0588235,0.0588235,0.176471,0.0588235,0.176471,0,Bug-6866dc57-98ed-4f2b-a1b1-74d172d34225,1291215709620
68,0.380952,0.333333,0.047619,0.0952381,0.047619,0.0952381,0,Bug-f6a0fa99-66cf-48dd-9ff5-3027f3d2a2b1,1383918514304
69,0.272727,0.409091,0.181818,0.0454545,0.0454545,0.0454545,1,Bug-f2e274fe-665e-44b2-a6fc-441f8428209f,1364895872318
70,0.202381,0.047619,0.452381,0.0833333,0.0119048,0.202381,2,Bug-1f918ff6-307a-446f-a89d-31af29e7cca1,1360048268028
71,0.252252,0.045045,0.0045045,0.108108,0.0765766,0.513514,5,Bug-ab04e660-bdae-4556-9b42-c268e1b9ba75,1337110722038
72,0.375,0.208333,0.0833333,0.208333,0.0416667,0.0833333,0,Bug-29019fed-2257-473d-aacf-74c464a62dc0,1394180524630
73,0.156463,0.115646,0.142857,0.353741,0.0340136,0.197279,3,Bug-792243c4-f186-4a20-9c51-ace445f34ce2,1307418599896
74,0.181818,0.034965,0.0769231,0.412587,0.160839,0.132867,3,Bug-d4eab63b-6a6b-4757-a5ab-eebe41922c3d,1390920805668
75,0.2,0.5,0.0333333,0.0833333,0.0666667,0.116667,1,Bug-4adc8864-23b1-4d20-93af-cebd248004f7,1404988401152
76,0.137931,0.103448,0.0689655,0.37931,0.275862,0.0344828,3,Bug-7ba2147c-0a69-43ab-a57a-df4b55e79788,1392709062677
77,0.153846,0.307692,0.0769231,0.307692,0.0769231,0.0769231,1,Bug-caa36bc5-8db3-40e8-b265-cbb0184b3617,1353611700571
78,0.309524,0.261905,0.142857,0.142857,0.0238095,0.119048,0,Bug-d85a5611-cdc7-44c7-8de4-181350b36947,1380390370473
79,0.15,0.55,0.15,0.05,0.05,0.05,1,Bug-0f6c5a28-08fa-4419-ae08-fec0003d2b22,1224063270892
80,0.25,0.125,0.125,0.125,0.125,0.25,0,Bug-7138b4b8-1ff4-436b-a8ee-032456431838,1406015809834
81,0.157895,0.526316,0.105263,0.105263,0.0526316,0.0526316,1,Bug-6b9bef23-a048-4f36-a864-56167a8fe1eb,1361367053236
82,0.5,0.1,0.1,0.1,0.1,0.1,0,Bug-49a0e6e8-9437-409c-8fa3-9c0f650e0140,1362522493331
83,0.333333,0.111111,0.111111,0.111111,0.222222,0.111111,0,Bug-b4105f24-8844-489f-9bd6-45348fef15b2,1395751806119
84,0.0315789,0.00526316,0.715789,0.0421053,0.0578947,0.147368,2,Bug-f3235ed7-ea99-406c-a154-69cf0e2de237,1392914374335
85,0.241379,0.172414,0.0344828,0.0344828,0.0344828,0.482759,5,Bug-1d0d3739-548a-4ecc-ac6a-7856119f593e,1384861142800
86,0.529412,0.0588235,0.117647,0.176471,0.0588235,0.0588235,0,Bug-c707016f-2af6-4c51-a5a8-05ba135fc89d,1311606469563
87,0.46875,0.03125,0.078125,0.09375,0.046875,0.28125,0,Bug-18b699eb-00b7-4590-a775-ea9b1a0ddede,1363859946161
88,0.262295,0.0163934,0.0163934,0.213115,0.0163934,0.47541,5,Bug-ac8bac45-e775-4d8e-a372-45f850d4fe26,1409621503667
89,0.285714,0.142857,0.142857,0.142857,0.142857,0.142857,0,Bug-7dd04673-e24f-4daa-8a93-56ae596b16e9,1381415666299
90,0.307692,0.307692,0.153846,0.0769231,0.0769231,0.0769231,0,Bug-1b1a0931-2d47-485b-9c15-11550ac8a022,1380110797543
91,0.105263,0.0526316,0.157895,0.578947,0.0526316,0.0526316,3,Bug-58e1bf3c-3af8-440d-8b9b-2252e41c71e4,1391272177774
92,0.5,0.1,0.1,0.1,0.1,0.1,0,Bug-def03fba-ed3e-4ae3-9f0d-0b5260b89e75,1405690896580
93,0.097561,0.341463,0.0243902,0.146341,0.146341,0.243902,1,Bug-b88b7b97-614d-4878-9b0f-1f0f26b7a8d8,1409070187978
94,0.405405,0.27027,0.027027,0.108108,0.027027,0.162162,0,Bug-fe8eda8e-134f-437d-8846-f09bfee5fa39,1294378573222
95,0.375,0.125,0.125,0.125,0.125,0.125,0,Bug-066f15b2-7d78-426c-a762-90504ff065c8,1406526299627
96,0.206731,0.0240385,0.288462,0.0961538,0.0817308,0.302885,5,Bug-4b07ced6-7acd-47fa-aa4a-b772227e4dfb,1313424430021
97,0.333333,0.047619,0.142857,0.190476,0.190476,0.0952381,0,Bug-67337d17-6220-4b60-aff3-2fbbe31e1c9b,1388849401034
98,0.375,0.125,0.125,0.125,0.125,0.125,0,Bug-aabc3e36-b531-41bb-80c5-d0d5ec678a54,1390424240817
99,0.5,0.1,0.1,0.1,0.1,0.1,0,Bug-2f302885-4cb0-485a-8dd2-414cc39ab20e,1395749558200
100,0.375,0.125,0.125,0.125,0.125,0.125,0,Bug-2e863db8-a735-44fa-a513-074909265538,1410373511439
101,0.2,0.171429,0.0285714,0.342857,0.228571,0.0285714,3,Bug-bee1260c-3bb1-42c6-9fec-1374a3f3f0d1,1393423333395
102,0.0693642,0.0809249,0.0751445,0.138728,0.479769,0.156069,4,Bug-21925b90-0680-4f9e-9099-0c0b9b33eac3,1387376809015
103,0.375,0.125,0.125,0.125,0.125,0.125,0,Bug-04a0a50d-a997-4711-9f2b-b1ce30cdea79,1380287473411
104,0.583333,0.0833333,0.0833333,0.0833333,0.0833333,0.0833333,0,Bug-f909dad9-445d-49ef-9b2b-eac1b3894bfa,1358336859632
105,0.583333,0.0416667,0.208333,0.0833333,0.0416667,0.0416667,0,Bug-53f7d9cb-4808-4654-8a02-f2c199105910,1382621082613
106,0.526316,0.0526316,0.157895,0.105263,0.0526316,0.105263,0,Bug-a5a714b0-2c9a-4f56-9dcf-f224468200af,1349424389479
107,0.328125,0.140625,0.015625,0.328125,0.015625,0.171875,0,Bug-4d9104fb-9bcc-4f72-a231-39b06060789a,1374156637875
108,0.4,0.285714,0.0285714,0.0857143,0.0285714,0.171429,0,Bug-7aa97e66-ac59-497f-841c-c21236c6a622,1351758460640
109,0.5,0.0416667,0.0833333,0.0416667,0.0416667,0.291667,0,Bug-d0605c06-6f54-49b6-b938-930d68f95798,1360046942535
110,0.0204082,0.265306,0.0204082,0.22449,0.0204082,0.44898,5,Bug-195d3da5-9853-491e-b0a0-c9cdf07ad66c,1330242846373
111,0.375,0.125,0.125,0.125,0.125,0.125,0,Bug-ef122d3d-3422-4381-8393-d1588ee6275a,1380275982567
112,0.5,0.0833333,0.0833333,0.166667,0.0833333,0.0833333,0,Bug-299c6780-ee57-414f-8886-e2c454c80986,1393433985309
113,0.326531,0.0204082,0.0204082,0.204082,0.0204082,0.408163,5,Bug-069a3c8c-2054-4764-bdb1-79153936bc62,1406017317268
114,0.6875,0.0625,0.0625,0.0625,0.0625,0.0625,0,Bug-1b88479e-ec75-4c58-8000-585d269c2f7e,1378947192461
115,0.0833333,0.0833333,0.166667,0.25,0.0833333,0.333333,5,Bug-2074d0d8-1aa8-4675-9054-5a011728ad10,1398360866319
116,0.25,0.125,0.125,0.25,0.125,0.125,0,Bug-028ac00f-0f90-427d-923d-d9bfa59491a0,1365064906804
117,0.375,0.125,0.125,0.125,0.125,0.125,0,Bug-10f90a16-1df1-45b6-ad8d-7f5dca004f80,1348368474989
118,0.174312,0.00917431,0.00917431,0.119266,0.155963,0.53211,5,Bug-34551483-f4f7-4036-b616-960df8cc5fd5,1386133559672
119,0.0680851,0.0510638,0.365957,0.00425532,0.497872,0.012766,4,Bug-5d33abee-4007-4c1a-8078-29c5ab54057c,1381480778764
120,0.354839,0.0322581,0.0967742,0.0645161,0.0322581,0.419355,5,Bug-225d09fb-f2e9-4f9a-a5c2-0b92776ed2fb,1396528952184
121,0.285714,0.142857,0.142857,0.142857,0.142857,0.142857,0,Bug-f6ed4d53-55e7-4ce2-9f24-8c98146af8ce,1381517443698
122,0.25,0.125,0.25,0.125,0.125,0.125,0,Bug-c197ef99-8e38-481f-8ace-f3339b43a59a,1384171622100
123,0.333333,0.0555556,0.166667,0.0555556,0.0555556,0.333333,0,Bug-e690fa2c-18e4-4f78-aa56-a9bb3aa7a7c2,1314784959968
124,0.0769231,0.0576923,0.125,0.269231,0.442308,0.0288462,4,Bug-6ece4779-83ff-47b1-b2f6-c54a3322dea6,1385978375896
125,0.0793651,0.222222,0.031746,0.349206,0.190476,0.126984,3,Bug-fcc6d13f-9d28-422f-86ed-351e627c4e6b,1365654008124
126,0.619048,0.047619,0.047619,0.190476,0.047619,0.047619,0,Bug-b0dd80c2-761b-4086-992b-10efa134ee14,1350002163299
127,0.025,0.025,0.475,0.175,0.25,0.05,2,Bug-534c96eb-8a68-43c6-8e81-298ad6cf9469,1407333652000
128,0.0149254,0.141791,0.261194,0.0149254,0.559701,0.00746269,4,Bug-b7537778-7897-47ad-a8fc-30ec2a0b5943,1398359492114
129,0.0555556,0.111111,0.666667,0.0555556,0.0555556,0.0555556,2,Bug-a5f021f2-1b2c-4992-ac31-65fbdfb0fb05,1365678576735
130,0.454545,0.0909091,0.0909091,0.181818,0.0909091,0.0909091,0,Bug-7c02c0cd-316c-4b96-9c76-14af0a9a15de,1393430209646
131,0.375,0.125,0.125,0.125,0.125,0.125,0,Bug-76bf0736-8a9c-431c-91e3-c440ebd9058e,1394705908871
132,0.3,0.1,0.3,0.1,0.1,0.1,0,Bug-e867eebc-239a-4e80-ad3a-c71d96744c86,1409841092255
133,0.32,0.08,0.04,0.2,0.04,0.32,0,Bug-4426f5ae-0595-4b80-ba16-f8fbd1e4e7e3,1329690273224
134,0.444444,0.111111,0.111111,0.111111,0.111111,0.111111,0,Bug-f292231d-7d04-4e37-8f67-a51a266674de,1394695079627
135,0.519231,0.115385,0.211538,0.115385,0.0192308,0.0192308,0,Bug-18159feb-b382-48bf-8832-adc2f7ef01ce,1382619949034
136,0.159763,0.0236686,0.431953,0.0887574,0.130178,0.16568,2,Bug-88a94a95-bef2-4d35-822b-6981b635f74b,1392060821963
137,0.0545455,0.0181818,0.0181818,0.272727,0.345455,0.290909,4,Bug-7dcec49f-6c62-43bd-bd45-3e3b068f8650,1389354190840
138,0.153846,0.0769231,0.0769231,0.0769231,0.538462,0.0769231,4,Bug-4d948835-317d-4c89-ae6e-c792ca27cff2,1369727482090
139,0.308642,0.358025,0.0123457,0.0987654,0.0617284,0.160494,1,Bug-ee954b1d-2e72-4782-9e26-90629934aa86,1363880030699
140,0.5,0.1,0.1,0.1,0.1,0.1,0,Bug-6cb76f46-82f8-4e93-9571-d6a96d3602c3,1373982575210
141,0.423729,0.152542,0.0169492,0.152542,0.186441,0.0677966,0,Bug-b5de71b7-9a6a-4d2c-8a19-54c9309ac221,1342047798886
142,0.214286,0.357143,0.214286,0.0714286,0.0714286,0.0714286,1,Bug-5dbc1a03-bed5-4848-a1e3-919bb5785838,1367841864821
143,0.583333,0.0833333,0.0833333,0.0833333,0.0833333,0.0833333,0,Bug-e85b2f27-6471-4e3b-83ab-842a88418748,1352849026113
144,0.48,0.04,0.24,0.08,0.04,0.12,0,Bug-aa971dea-2c42-4bb0-833a-85f33fe15298,1297955678812
145,0.186047,0.0232558,0.0232558,0.581395,0.0232558,0.162791,3,Bug-a43612ae-882d-4df8-9638-e38207b6ac1f,1366746239360
146,0.25,0.0192308,0.0961538,0.442308,0.0384615,0.153846,3,Bug-7e6b6541-48b6-43ec-8400-fa8b490faa2d,1246995137094
147,0.375,0.125,0.125,0.125,0.125,0.125,0,Bug-52a5736c-3ddf-42a4-91ce-45e413c77de2,1390424709241
148,0.285714,0.142857,0.142857,0.142857,0.142857,0.142857,0,Bug-658f0c9a-e3b0-4de0-813e-cb4b865fcab1,1251296423834
149,0.375,0.125,0.125,0.125,0.125,0.125,0,Bug-7276fde0-c7ad-48f1-8667-8ae85009278a,1389344900167
150,0.125,0.125,0.125,0.25,0.125,0.25,3,Bug-9b437a3c-72d8-4123-80eb-9db3204c6cfd,1402641486929
151,0.5,0.207317,0.0121951,0.219512,0.0121951,0.0487805,0,Bug-b9819958-0238-48ad-a226-29e0bc717bd9,1401872500874
152,0.046875,0.125,0.015625,0.15625,0.5625,0.09375,4,Bug-9456179a-d1f2-4f5f-ba2b-95713a374f2f,1384508337405
153,0.375,0.125,0.125,0.125,0.125,0.125,0,Bug-172d1e6a-7413-44f4-b00a-b28bcc030c24,1348781577909
154,0.15,0.65,0.05,0.05,0.05,0.05,1,Bug-7b0cec10-eb8b-4e55-97b2-bbf981bc5d29,1321436843075
155,0.344828,0.0344828,0.0344828,0.517241,0.0344828,0.0344828,3,Bug-0497054e-2a8e-42ea-ad42-decd9abbfac7,1403613522749
156,0.285714,0.142857,0.142857,0.142857,0.142857,0.142857,0,Bug-dd156c80-10f3-4a8a-8128-735643d25c03,1380637928196
157,0.0820896,0.00746269,0.537313,0.208955,0.149254,0.0149254,2,Bug-ed48d19f-c2b1-43c4-8446-92fa02e0219d,1394975752233
158,0.264368,0.0344828,0.126437,0.471264,0.0114943,0.091954,3,Bug-7ab05291-7869-400f-8faf-5829e0444403,1397395548754
159,0.572519,0.00763359,0.00763359,0.114504,0.152672,0.145038,0,Bug-89d53210-bd74-4be9-8611-10cfc572d82f,1311069491462
160,0.545455,0.0909091,0.0909091,0.0909091,0.0909091,0.0909091,0,Bug-eb6fe05d-bc36-41fb-ace4-4b339c8e826e,1384935558393
161,0.0909091,0.0909091,0.0909091,0.454545,0.0909091,0.181818,3,Bug-e7a8ce14-790d-4fa2-a4c2-f01b9412a78b,1326994532022
162,0.166667,0.0833333,0.166667,0.25,0.0833333,0.25,3,Bug-3fc414e8-a837-4ca0-a36a-9d0fb3878ebe,1332351081002
163,0.37037,0.037037,0.148148,0.0740741,0.222222,0.148148,0,Bug-0b58ba4f-540e-4910-a056-47d305a8fdf1,1370874950247
164,0.0679887,0.203966,0.00283286,0.614731,0.107649,0.00283286,3,Bug-22b3f9ba-414f-4271-99c2-b4e105eeff38,1393572750205
165,0.0833333,0.25,0.333333,0.166667,0.0833333,0.0833333,2,Bug-f721de84-ec85-42ed-98e0-2e25cc7798ab,1398365855993
166,0.075,0.175,0.1,0.375,0.025,0.25,3,Bug-b5efe03c-7b6d-4ade-a762-a2964f8268ee,1406616156418
167,0.461538,0.0769231,0.0769231,0.153846,0.153846,0.0769231,0,Bug-4bcaadff-df40-412d-baf0-fe770a571235,1343952257732
168,0.142857,0.0714286,0.142857,0.142857,0.428571,0.0714286,4,Bug-59e1321c-6c14-48c5-a410-dbdaae07741c,1311236259352
169,0.177215,0.00632911,0.322785,0.139241,0.00632911,0.348101,5,Bug-2960ddb1-48b4-440a-a040-06167a7148cb,1337110428259
170,0.261905,0.190476,0.0238095,0.238095,0.261905,0.0238095,0,Bug-252baebb-62d6-4afc-bb09-becbcedae3d5,1374744639982
171,0.170213,0.0425532,0.234043,0.361702,0.148936,0.0425532,3,Bug-b14e5ead-1dfa-47b8-b9e2-8a030a6b9b26,1409154766658
172,0.625,0.0416667,0.0416667,0.125,0.0416667,0.125,0,Bug-6062adcd-c066-47ef-813f-7fb57d506ed4,1323807005553
173,0.206612,0.0909091,0.107438,0.239669,0.0578512,0.297521,5,Bug-1283a8ad-f0c0-4228-bd54-2a8ce5858d4a,1401110202124
174,0.238095,0.402116,0.0952381,0.201058,0.0529101,0.010582,1,Bug-9de23f72-525f-4cef-9a78-f9097cdd5e20,1384902400722
175,0.0769231,0.153846,0.384615,0.153846,0.153846,0.0769231,2,Bug-811f4cfa-063a-46cd-9768-3e6779384151,1381645865495
176,0.375,0.125,0.125,0.125,0.125,0.125,0,Bug-04e6f2cc-eb6b-4cdb-ac2e-d7283248f949,1360653669450
177,0.099537,0.108796,0.0694444,0.0740741,0.0509259,0.597222,5,Bug-d16416f1-4187-4be5-a46f-9b5b64935106,1379539902497
178,0.285714,0.0357143,0.0357143,0.428571,0.178571,0.0357143,3,Bug-0c7a2c4a-fc07-4a5e-a42d-57c4cde23e47,1395858155762
179,0.393939,0.242424,0.0909091,0.030303,0.212121,0.030303,0,Bug-6e1de953-ab6f-4804-a69e-b40e2e6a03e7,1353071478990
180,0.184615,0.169231,0.00769231,0.0692308,0.138462,0.430769,5,Bug-75d91d7e-ef19-48bb-b2ad-f7e45107be8d,1369861545431
181,0.111111,0.222222,0.111111,0.333333,0.111111,0.111111,3,Bug-ac01e3c3-75a9-466a-9b09-77fdf8c8126e,1408714789547
182,0.608696,0.0434783,0.0434783,0.217391,0.0434783,0.0434783,0,Bug-573fd542-39f0-4470-b31f-54b555e8e087,1296503686865
183,0.375,0.125,0.125,0.125,0.125,0.125,0,Bug-cd92c06d-dd4f-496c-8e87-58c291e10e98,1402672245851
184,0.232323,0.505051,0.010101,0.151515,0.0909091,0.010101,1,Bug-916dc3ac-60f5-429c-9469-b7dab8b27d88,1328185804540
185,0.0588235,0.117647,0.647059,0.0588235,0.0588235,0.0588235,2,Bug-8aaef7c6-37ba-4679-8fdc-f2b3d4b04790,1402490267494
186,0.307692,0.025641,0.025641,0.487179,0.025641,0.128205,3,Bug-8000d9a0-5d8c-4743-a9e8-206f8172eda6,1371565558436
187,0.470588,0.0588235,0.235294,0.117647,0.0588235,0.0588235,0,Bug-58ae02e9-27a0-48e8-9e44-76af6e65a5c2,1408896336827
188,0.0769231,0.153846,0.461538,0.153846,0.0769231,0.0769231,2,Bug-5515eeb7-7a03-4deb-94c6-da7c8ceb37f8,1382985338444
189,0.222222,0.555556,0.037037,0.111111,0.037037,0.037037,1,Bug-87935ad7-fa60-493b-8f96-f5afe5b19bf1,1389003869615
190,0.0285714,0.628571,0.0285714,0.114286,0.142857,0.0571429,1,Bug-3ba8aa96-6532-4cf1-879d-4dbe4b2e95ad,1321344467196
191,0.0769231,0.230769,0.461538,0.0769231,0.0769231,0.0769231,2,Bug-5d4281ae-63d3-4045-880c-58676ca240c1,1222294666567
192,0.285714,0.142857,0.142857,0.142857,0.142857,0.142857,0,Bug-b2bf6e01-9ee7-40bb-9b16-84538861d28f,1374738249297
193,0.411765,0.0588235,0.0588235,0.117647,0.0588235,0.294118,0,Bug-f91175ee-a5aa-4b46-84bf-13b792f74ca7,1394120341546
194,0.363636,0.0909091,0.0909091,0.272727,0.0909091,0.0909091,0,Bug-3a985395-02cd-425c-bbff-ea8ddb763f03,1343329073503
195,0.0769231,0.153846,0.461538,0.153846,0.0769231,0.0769231,2,Bug-c0842ec4-6796-4735-9a76-034644492802,1305718220056
196,0.375,0.125,0.125,0.125,0.125,0.125,0,Bug-c9367527-9569-4989-bc6b-fabf80fed1b3,1377182173999
197,0.177778,0.0222222,0.103704,0.12963,0.0259259,0.540741,5,Bug-bb88254b-8baa-4205-ab9d-bc069bdd69cd,1330202568848
198,0.131783,0.0232558,0.00775194,0.372093,0.379845,0.0852713,4,Bug-c629dc87-1380-41f8-b988-8d1e37729a29,1354017903152
199,0.238095,0.047619,0.047619,0.380952,0.047619,0.238095,3,Bug-801d7d9e-1e48-4a01-ba8f-e494803e5890,1352985284152
200,0.0769231,0.384615,0.307692,0.0769231,0.0769231,0.0769231,1,Bug-7c0bad20-d40b-436f-afdf-1b1d0b33f2b7,1355419527954
201,0.285714,0.142857,0.142857,0.142857,0.142857,0.142857,0,Bug-a9e64858-d4ab-4674-bc5c-01bd1263e18a,1321433359332
202,0.272727,0.0454545,0.0454545,0.5,0.0454545,0.0909091,3,Bug-1debe243-c98d-4479-a8a5-a4fb16dcca56,1405532435307
203,0.375,0.125,0.125,0.125,0.125,0.125,0,Bug-38339701-bc37-40ef-8812-9303b420a637,1397657339245
204,0.5,0.1,0.1,0.1,0.1,0.1,0,Bug-3f35088d-930b-477e-854f-ec37e56f288a,1385734971127
205,0.240506,0.0126582,0.316456,0.0379747,0.253165,0.139241,2,Bug-6e031c24-3cf9-478d-b3b6-55fb5783240d,1354146266078
206,0.363636,0.181818,0.0909091,0.0909091,0.0909091,0.181818,0,Bug-8c848977-a8e2-44d1-b2b0-695903bcab6f,1409712090600
207,0.136364,0.193182,0.227273,0.0454545,0.170455,0.227273,2,Bug-2c5db3fd-dd30-41f8-872b-5a8a11c67e59,1257084391534
208,0.0052356,0.287958,0.0052356,0.314136,0.267016,0.120419,3,Bug-1e59d755-6ca2-4e34-91c8-0690cac3b2d0,1379406211554
209,0.402299,0.16092,0.206897,0.130268,0.0727969,0.0268199,0,Bug-4f60e1c9-ae2f-4726-86d4-96f440e640a9,1406024596977
210,0.375,0.125,0.125,0.125,0.125,0.125,0,Bug-9e42290a-9518-40ac-9e48-04032dbef64d,1271930485400
211,0.421053,0.263158,0.0526316,0.0526316,0.157895,0.0526316,0,Bug-f69ce9f9-b863-4caa-97fa-dd76bc79dbb2,1363397140114
212,0.447761,0.0447761,0.208955,0.0597015,0.0149254,0.223881,0,Bug-b77b5669-ee55-47ad-828c-7605c74a8cc8,1390801791273
213,0.454545,0.0909091,0.181818,0.0909091,0.0909091,0.0909091,0,Bug-2602b19e-ea47-494b-9d87-1088758fd99c,1402577292134
214,0.333333,0.0416667,0.0416667,0.375,0.125,0.0833333,3,Bug-b894f31f-a670-4f1a-b395-0ca568e48e78,1371549570501
215,0.375546,0.0305677,0.227074,0.0655022,0.0262009,0.275109,0,Bug-980ff9fb-d867-4485-9b91-9c42909eef41,1386839606043
216,0.5,0.1,0.1,0.1,0.1,0.1,0,Bug-2afbbb02-0252-4dd0-8228-1f095d4dc2ec,1405436095790
217,0.107692,0.107692,0.107692,0.169231,0.138462,0.369231,5,Bug-afc16ea8-2501-4da2-af32-5574fc454279,1315257555205
218,0.205882,0.147059,0.5,0.0882353,0.0294118,0.0294118,2,Bug-b78d569c-4a8f-45b3-8d88-5db08c944510,1396707611324
219,0.0909091,0.0802139,0.192513,0.229947,0.368984,0.0374332,4,Bug-07a903c1-28e6-4298-8e5b-93866291421b,1334842095909
220,0.192771,0.301205,0.168675,0.216867,0.0722892,0.0481928,1,Bug-5868c73b-0b58-4577-8ffe-8c9376d795e2,1408621841567
221,0.538462,0.0384615,0.0384615,0.0769231,0.0384615,0.269231,0,Bug-f7bc720e-a871-47fd-96cd-efea06261f89,1374106920237
222,0.375,0.125,0.125,0.125,0.125,0.125,0,Bug-7fccaac1-fb6b-4090-ac94-276a799c6ac4,1384092886095
223,0.29661,0.245763,0.0932203,0.245763,0.0677966,0.0508475,0,Bug-9a718fcd-9559-4eed-bf0c-aa3c5a494e5b,1384158432620
224,0.074896,0.554785,0.177531,0.0721221,0.106796,0.0138696,1,Bug-254d7682-fb1f-47dd-ae24-dfb7ce87b275,1384530765158
225,0.375,0.125,0.125,0.125,0.125,0.125,0,Bug-03e1e9d7-2f85-4e03-b445-f1844b114fba,1401223545994
226,0.2,0.0666667,0.0666667,0.266667,0.0666667,0.333333,5,Bug-31cd601a-093f-4764-91f0-267f2623f7ef,1386325865966
227,0.111111,0.222222,0.111111,0.111111,0.222222,0.222222,1,Bug-bd05d909-eb06-44ab-88fc-a961c5c8c27f,1390411437839
228,0.047619,0.047619,0.047619,0.190476,0.190476,0.47619,5,Bug-c4a44f96-7c5c-4491-a9ce-13156eb7c44b,1317211670366
229,0.0384615,0.0384615,0.0384615,0.807692,0.0384615,0.0384615,3,Bug-e310ea5a-6e62-4b26-89f7-711fa75cff40,1387554051456
230,0.333333,0.166667,0.0333333,0.3,0.0333333,0.133333,0,Bug-ce46e814-3538-4595-b26e-bbf8f470e2e8,1394451550375
231,0.263158,0.131579,0.210526,0.315789,0.0526316,0.0263158,3,Bug-242eef04-4c43-4bdc-ab3e-c035758b2190,1242037616005
232,0.285714,0.142857,0.142857,0.142857,0.142857,0.142857,0,Bug-6ed6dcb9-b302-4e76-8e83-43002a79f545,1388679446165
233,0.5,0.0833333,0.0833333,0.0833333,0.0833333,0.166667,0,Bug-bb0aaa46-10c4-4096-90a9-e423e1654fff,1294568509445
234,0.0394265,0.0645161,0.387097,0.09319,0.283154,0.132616,2,Bug-c33ff08c-54e1-46f1-b622-86100ec0e4cd,1378136949657
235,0.0384615,0.192308,0.615385,0.0769231,0.0384615,0.0384615,2,Bug-8c82365c-74bf-47d4-91e2-d493af31e1ca,1406701855219
236,0.205479,0.260274,0.0136986,0.328767,0.0684932,0.123288,3,Bug-c484c643-0676-4490-87aa-70d61c843052,1373297810091
237,0.714286,0.047619,0.047619,0.047619,0.047619,0.0952381,0,Bug-2a367f45-fd9c-44b8-afe4-665d6f4fd331,1334323394974
238,0.214286,0.0238095,0.0238095,0.47619,0.0238095,0.238095,3,Bug-adf73ba7-6fcc-4b7e-836b-79bb3a2f23c8,1351315857004
239,0.113821,0.0203252,0.735772,0.0365854,0.00406504,0.0894309,2,Bug-38ac417e-9acc-4309-a2e9-72db7ef2bbd5,1394362494651
240,0.444444,0.0277778,0.0277778,0.416667,0.0555556,0.0277778,0,Bug-d8191226-eaad-4068-b230-f27f82967fee,1355240606313
241,0.238095,0.333333,0.047619,0.047619,0.0952381,0.238095,1,Bug-94bdb359-df8e-488f-a3bf-8c2070e1c538,1389812276377
242,0.206897,0.0689655,0.206897,0.0689655,0.0862069,0.362069,5,Bug-35555788-7140-478e-bb03-91551137c043,1386840486776
243,0.214286,0.0714286,0.142857,0.0714286,0.428571,0.0714286,4,Bug-f00f848a-98eb-4503-a5b8-30d15055ac8b,1306394638343
244,0.246753,0.025974,0.0649351,0.181818,0.038961,0.441558,5,Bug-a3fdef36-68fd-40e4-beec-e1ec2afeef78,1397404367776
245,0.160458,0.100287,0.381089,0.0229226,0.0687679,0.266476,2,Bug-97fe3651-ef70-4e6b-ade9-9546199ace7d,1389968239629
246,0.25,0.0833333,0.166667,0.0833333,0.166667,0.25,0,Bug-9daea34b-c05c-45c8-ab13-38f81aaba69a,1337671714347
247,0.125,0.25,0.25,0.125,0.125,0.125,1,Bug-7e607a0e-213c-4198-ba3f-3273652becf5,1409135446574
248,0.0546358,0.089404,0.278146,0.0397351,0.514901,0.0231788,4,Bug-ea9ad0bd-69c6-4bd8-a61f-f7558a197636,1409140296881
249,0.0526316,0.368421,0.0526316,0.263158,0.210526,0.0526316,1,Bug-a3ae1a6e-74ff-46cf-add9-5ded7f2334fe,1358216882915
250,0.0967742,0.0698925,0.00537634,0.231183,0.354839,0.241935,4,Bug-7266b11f-8084-458d-96ac-b6301545445d,1279530149504
251,0.327273,0.218182,0.309091,0.0181818,0.109091,0.0181818,0,Bug-c4635511-1ecf-499b-8218-6b35d7a9715e,1402666407011
252,0.423077,0.0384615,0.0384615,0.307692,0.0384615,0.153846,0,Bug-c317640d-4bf8-4f73-aba1-dd117873e5f1,1383648957781
253,0.0666667,0.0666667,0.0666667,0.6,0.0666667,0.133333,3,Bug-9adf1d21-38a3-47d2-9bf7-ac3085691298,1389764867958
254,0.152542,0.101695,0.322034,0.338983,0.0508475,0.0338983,3,Bug-ca90ae16-afe4-44fb-8bc5-6c65cd27852e,1379870565318
255,0.583333,0.0833333,0.0833333,0.0833333,0.0833333,0.0833333,0,Bug-b82a69eb-f63b-4823-970a-0b395a7e42e6,1355402491940
256,0.26087,0.113043,0.591304,0.00869565,0.0173913,0.00869565,2,Bug-da2fc856-9622-4a0d-8381-a6e153b8ebd3,1256632328613
257,0.428571,0.285714,0.0714286,0.0714286,0.0714286,0.0714286,0,Bug-b7373be9-86f8-4bf4-9b6b-b72af4000cd3,1364711441214
258,0.609589,0.00684932,0.136986,0.0410959,0.00684932,0.19863,0,Bug-fa16f60d-c7f9-4188-9cc0-28fc40738a54,1362527051102
259,0.103448,0.448276,0.206897,0.0344828,0.103448,0.103448,1,Bug-8d1078a7-f1ff-4cab-bcfc-fd4956423036,1303229403846
260,0.119792,0.00520833,0.0104167,0.151042,0.0833333,0.630208,5,Bug-349dac43-0779-49bb-8bfe-f2850574df28,1251440764368
261,0.0731707,0.146341,0.0487805,0.634146,0.0731707,0.0243902,3,Bug-30dd9f1a-3af7-4e98-8676-6e6a999ad494,1405940379228
262,0.214286,0.142857,0.0714286,0.285714,0.214286,0.0714286,3,Bug-7b95b15a-f6d2-4af2-afc3-56e498427caa,1333433840344
263,0.212644,0.505747,0.00574713,0.155172,0.0862069,0.0344828,1,Bug-7f96dde8-2dfb-4c0e-a8f1-f85a4c64e75f,1323469838197
264,0.266667,0.466667,0.0666667,0.0666667,0.0666667,0.0666667,1,Bug-48a746ea-e24a-42b2-b69e-2e75a3aa647b,1393790747918
265,0.375,0.125,0.125,0.125,0.125,0.125,0,Bug-f7a6f2f6-2e5b-44da-834f-f3cfc03d2e54,1385118232300
266,0.444444,0.111111,0.111111,0.111111,0.111111,0.111111,0,Bug-9623ceca-c6eb-44ab-958c-2b4ee56c2da0,1340290035381
267,0.705882,0.0294118,0.0294118,0.0588235,0.0294118,0.147059,0,Bug-29b48b9e-bc85-4450-8ce5-85f5a1f326f6,1385382353203
268,0.304348,0.0217391,0.0217391,0.282609,0.0652174,0.304348,0,Bug-53e64d8c-fed6-49de-9b9f-a65a6e295bfb,1389815146705
269,0.0185185,0.0925926,0.296296,0.444444,0.037037,0.111111,3,Bug-07a48e15-b55f-44b2-a7ee-98953df2265d,1382741069003
270,0.375,0.0625,0.1875,0.25,0.0625,0.0625,0,Bug-56dadebb-c198-409d-b985-9f82cacdb9b3,1407219387484
271,0.0769231,0.0769231,0.0769231,0.615385,0.0769231,0.0769231,3,Bug-568bf9af-944b-4427-9a05-0008b36c9ed7,1386358250744
272,0.222222,0.333333,0.111111,0.111111,0.111111,0.111111,1,Bug-9ef686c4-6b4a-412a-b812-7afbef666cd4,1387353948836
273,0.3125,0.0625,0.0625,0.25,0.0625,0.25,0,Bug-4af75b70-fde2-47e9-b6d8-ca336da24e57,1350478642007
274,0.333333,0.0151515,0.0909091,0.166667,0.151515,0.242424,0,Bug-fccb4283-1df8-4a61-b4f5-7fb4c5fb1318,1390424884771
275,0.307692,0.384615,0.0769231,0.0769231,0.0769231,0.0769231,1,Bug-860699a6-8593-483b-89c3-bf3aca337cbb,1391609887906
276,0.375,0.125,0.125,0.125,0.125,0.125,0,Bug-461f66df-44c2-43a5-a5a5-525f4085ec8d,1381565312814
277,0.375,0.125,0.125,0.125,0.125,0.125,0,Bug-2dbc371e-5951-4c4f-83a8-ee16ae6e0381,1391264368689
278,0.483871,0.0107527,0.0322581,0.139785,0.0537634,0.27957,0,Bug-9c58c7f5-9aff-4dd8-90d6-15d36e4bbe3c,1338390565130
279,0.0677966,0.0677966,0.0169492,0.40678,0.237288,0.20339,3,Bug-0bfa2f07-eee6-4275-9f0e-8e713a609b61,1221218445778
280,0.461538,0.0769231,0.0769231,0.0769231,0.0769231,0.230769,0,Bug-1c7e8037-5af6-4076-951f-2872e1cb81ce,1363729708729
281,0.357143,0.0714286,0.0714286,0.0714286,0.0714286,0.357143,0,Bug-1ba2f493-aaff-4bd9-86fe-b0b63c5767ab,1322163452686
282,0.261905,0.178571,0.190476,0.130952,0.0119048,0.22619,0,Bug-756a91d8-16f5-43af-b580-16c2432661f5,1377849561135
283,0.294118,0.0294118,0.117647,0.411765,0.0588235,0.0882353,3,Bug-ee8e6b5d-10be-4aa5-be64-1137fd0bd100,1408541499388
284,0.25,0.05,0.05,0.55,0.05,0.05,3,Bug-49232180-4a84-4c2b-9b04-ffe7db52c806,1406321743018
285,0.375,0.125,0.125,0.125,0.125,0.125,0,Bug-d9eec34a-510c-4f20-a223-512fbc84e078,1402793094210
286,0.285714,0.142857,0.142857,0.142857,0.142857,0.142857,0,Bug-5dc711c6-2290-40a8-8a87-8837d2143c44,1322489312669
287,0.375,0.125,0.125,0.125,0.125,0.125,0,Bug-9a47784b-aab6-4651-a52b-1c5bdbc17fd7,1397274341836
288,0.65,0.05,0.05,0.15,0.05,0.05,0,Bug-fa618127-f2be-4f22-b3d4-33adcf093e42,1311174335477
289,0.375,0.125,0.125,0.125,0.125,0.125,0,Bug-70bd59e9-8d40-451c-9e79-a308030c54ea,1364939102218
290,0.615385,0.0769231,0.0769231,0.0769231,0.0769231,0.0769231,0,Bug-716b6fa7-fae1-4c43-b6c9-b35bb739317c,1387538132045
291,0.125,0.125,0.125,0.125,0.125,0.375,5,Bug-6c2722d3-7c2c-4d1a-8ed5-d5562a37df03,1362520742422
292,0.333333,0.111111,0.111111,0.222222,0.111111,0.111111,0,Bug-5344c044-d99e-43cf-9735-1b2a5cc055ec,1357253869976
293,0.25,0.375,0.0625,0.1875,0.0625,0.0625,1,Bug-7ba635fe-a12e-412d-a39a-75500f61c069,1396937687142
294,0.666667,0.0952381,0.047619,0.047619,0.047619,0.0952381,0,Bug-6e23ba57-76c9-4f66-b5df-7ea4c108d15f,1405407982756
295,0.272727,0.454545,0.0606061,0.0909091,0.030303,0.0909091,1,Bug-7959839d-c069-47d3-969f-df758768da1f,1387349233419
296,0.186047,0.0232558,0.209302,0.232558,0.0232558,0.325581,5,Bug-46af50eb-c428-4f5a-a794-0fe11357db0c,1375431335798
297,0.128205,0.25641,0.102564,0.461538,0.025641,0.025641,3,Bug-ee178b74-aa27-4574-b1ae-5d7def6acf68,1385677016080
298,0.313725,0.0196078,0.0196078,0.0196078,0.0196078,0.607843,5,Bug-8af69663-1fb7-42ef-af90-0a604e556a96,1409043065887
299,0.166667,0.0833333,0.0833333,0.5,0.0833333,0.0833333,3,Bug-975f0901-66ac-47c8-bc85-1a50a3c7a03c,1385038674510
300,0.15,0.025,0.025,0.2,0.025,0.575,5,Bug-f4bb817b-4ab4-44ac-82f4-316ef229ad4a,1405953287363
301,0.302326,0.0232558,0.0930233,0.395349,0.0232558,0.162791,3,Bug-7e758d83-cd35-4831-8066-9f076a4193d0,1352984867426
302,0.65,0.05,0.05,0.05,0.05,0.15,0,Bug-96159001-d922-46b9-9ac2-0bf282b116a1,1380287611065
303,0.375,0.125,0.125,0.125,0.125,0.125,0,Bug-ddab5201-d198-431e-9509-99ea082e0c1f,1348756144481
304,0.111111,0.222222,0.222222,0.222222,0.111111,0.111111,1,Bug-fc777758-05fb-4216-b2b3-3460ef2281b8,1405695010258
305,0.618098,0.0337423,0.0889571,0.0506135,0.0368098,0.171779,0,Bug-b031ee4a-46d0-4d51-9ef3-1d8d359f022d,1395854629177
306,0.275,0.225,0.225,0.025,0.1,0.15,0,Bug-c6fe3383-7a15-4171-b268-99a2783f1e3f,1402522166088
307,0.3,0.5,0.05,0.05,0.05,0.05,1,Bug-178f1f49-b974-4cb0-af69-dbbedf1115f5,1364466223606
308,0.266667,0.466667,0.0666667,0.0666667,0.0666667,0.0666667,1,Bug-d8d1ddd7-406e-485c-a968-9268e6526ee4,1382955102272
309,0.6,0.05,0.05,0.2,0.05,0.05,0,Bug-055c46af-6fc3-479e-96ee-9004a3586945,1383425577562
310,0.444444,0.111111,0.111111,0.111111,0.111111,0.111111,0,Bug-b842e1c3-5fd9-48f7-996b-d78da8218759,1407213997086
311,0.444444,0.111111,0.111111,0.111111,0.111111,0.111111,0,Bug-1e489a08-a9a7-45e6-9c95-7ae30c366e8a,1369056578845
312,0.391304,0.246377,0.318841,0.0144928,0.0144928,0.0144928,0,Bug-c7e5d7fc-4353-4484-baf4-393135fd4bc8,1204121371791
313,0.375,0.125,0.125,0.125,0.125,0.125,0,Bug-9301b0a4-cfd9-4fd8-9c8d-7961875793e9,1317845867768
314,0.307692,0.307692,0.0769231,0.153846,0.0769231,0.0769231,0,Bug-bf83c6a8-a2d9-4067-b6d6-a73a6c70daf4,1387622290810
315,0.5,0.1,0.1,0.1,0.1,0.1,0,Bug-9efbed44-f76b-44c2-b932-a43397bf855c,1392984841256
316,0.21875,0.03125,0.03125,0.65625,0.03125,0.03125,3,Bug-da948331-3258-411d-97f6-e4a6adc8014b,1353056962517
317,0.444444,0.111111,0.111111,0.111111,0.111111,0.111111,0,Bug-00d33e50-db68-49ba-a6a8-90d2968c349c,1367833603565
318,0.285714,0.142857,0.142857,0.142857,0.142857,0.142857,0,Bug-d7695d4b-a8d2-442e-bb0a-25753546c5af,1281002478149
319,0.444444,0.0277778,0.111111,0.305556,0.0277778,0.0833333,0,Bug-17aef50b-026f-44d1-8295-045280ed4bee,1290188514822
320,0.196078,0.0196078,0.176471,0.509804,0.0392157,0.0588235,3,Bug-b17ac852-a88c-44bd-9047-e961d631dec8,1389967924500
321,0.136364,0.0227273,0.0227273,0.511364,0.0113636,0.295455,3,Bug-53dcb092-4044-48cf-ba7a-55b015f6b107,1390408907605
322,0.285714,0.142857,0.142857,0.142857,0.142857,0.142857,0,Bug-85676adc-993f-4af9-ac8b-fe713bebc806,1345820810462
323,0.0397351,0.218543,0.298013,0.0596026,0.317881,0.0662252,4,Bug-d90923be-c3ad-4850-ab4a-f5dbc21fe36c,1404569723464
324,0.431373,0.117647,0.196078,0.0392157,0.137255,0.0784314,0,Bug-dfb41f46-a427-41ef-9d48-804f00046ae5,1407512044897
325,0.0930233,0.0930233,0.0232558,0.186047,0.0232558,0.581395,5,Bug-42e1d626-c8c3-4a44-a5db-1eceb1eab5ad,1355159100910
326,0.0740741,0.0123457,0.308642,0.0123457,0.271605,0.320988,5,Bug-10c429e6-e654-4978-8150-0711a726ded2,1377158890677
327,0.388889,0.0555556,0.0555556,0.0555556,0.0555556,0.388889,0,Bug-491434d4-6d3a-458f-9b4b-edfcab491f95,1364594541234
328,0.4,0.12,0.12,0.28,0.04,0.04,0,Bug-6faf9d47-9642-492a-8981-36e891e8054a,1359442237123
329,0.583333,0.0833333,0.0833333,0.0833333,0.0833333,0.0833333,0,Bug-0d01aa1f-2928-46fc-a0d5-18c48fdc7df2,1389374865950
330,0.736111,0.0138889,0.0416667,0.111111,0.0833333,0.0138889,0,Bug-a81c6edb-bcdb-4669-ac6b-b9c4956398fe,1190063821377
331,0.5,0.1,0.1,0.1,0.1,0.1,0,Bug-eb27948c-0f76-45a7-8529-8fddabbc242f,1376898446231
332,0.536585,0.0731707,0.146341,0.0243902,0.0243902,0.195122,0,Bug-d6c54dc3-bf0e-433e-b406-f52aa1fb25ff,1361362115137
333,0.25,0.125,0.125,0.125,0.125,0.25,0,Bug-e35caee3-f11a-4fde-af39-f3f74e2d12ba,1407237668328
334,0.03125,0.15625,0.125,0.40625,0.03125,0.25,3,Bug-eb12b3f1-acb0-411a-afe6-97d752337162,1361052990824
335,0.536232,0.0869565,0.0289855,0.246377,0.0144928,0.0869565,0,Bug-72dc17c4-51a9-48ca-88c8-1a8f48d1822c,1385467089590
336,0.25,0.416667,0.0833333,0.0833333,0.0833333,0.0833333,1,Bug-5e3b660d-de36-4f56-876a-65e6b444a767,1380390107574
337,0.357143,0.0714286,0.0714286,0.0714286,0.0714286,0.357143,0,Bug-712b3144-c154-4c6a-9288-cf885bae1273,1382907037845
338,0.35,0.05,0.05,0.2,0.05,0.3,0,Bug-43e07759-edf2-47c3-92c0-b2d9e100b8dd,1277469854355
339,0.484848,0.030303,0.181818,0.030303,0.030303,0.242424,0,Bug-3e4819f0-aeba-402e-8fe3-6e5c16ef72a6,1389790179381
340,0.285714,0.142857,0.142857,0.142857,0.142857,0.142857,0,Bug-6176773c-8aeb-436f-8b6c-7e4fa76598e3,1376640307554
341,0.027027,0.0540541,0.837838,0.027027,0.027027,0.027027,2,Bug-667594d6-065a-47ed-8698-ddba72bcf897,1375272982143
342,0.434783,0.26087,0.0434783,0.0434783,0.0434783,0.173913,0,Bug-5a0fd11b-bef1-47d0-baa6-1fa5fc8a44d7,1405501726335
343,0.375,0.125,0.125,0.125,0.125,0.125,0,Bug-a1618fc8-9b27-4c01-968f-e775aaabe00f,1409336859872
344,0.0679612,0.436893,0.00970874,0.165049,0.271845,0.0485437,1,Bug-7360c20f-6c1c-4e7e-a84f-ccdc65226b79,1321437447942
345,0.107143,0.0357143,0.0714286,0.392857,0.0357143,0.357143,3,Bug-cc3806b1-a43b-472c-8105-5ec2ef1c9014,1321457078525
346,0.133333,0.0222222,0.333333,0.466667,0.0222222,0.0222222,3,Bug-455f2b93-c61f-44a9-9754-521e9f4a321e,1359362116186
347,0.434783,0.0434783,0.0434783,0.173913,0.173913,0.130435,0,Bug-7b180267-7b11-4757-9885-03e2334afabf,1398371065593
348,0.560976,0.0243902,0.0487805,0.121951,0.097561,0.146341,0,Bug-d3ffe00f-d6b3-448e-8217-8db11e9a0aed,1375449401900
349,0.131148,0.0491803,0.655738,0.0163934,0.131148,0.0163934,2,Bug-fdd9c9ea-d1a0-4c48-a9bb-d3ee49660b5b,1405623291617
350,0.219512,0.219512,0.097561,0.146341,0.0243902,0.292683,5,Bug-958e61ca-fc1a-4028-8b38-dc3d2a73dae6,1395239765354
351,0.375,0.125,0.125,0.125,0.125,0.125,0,Bug-7a9d2183-9133-45d7-ab66-197053ae4998,1380560031910
352,0.375,0.125,0.125,0.125,0.125,0.125,0,Bug-89615a19-0364-4cee-a4ff-1e0f5aea0426,1378051316243
353,0.375,0.125,0.125,0.125,0.125,0.125,0,Bug-1482b1c8-768f-4bca-b997-227324f56a62,1399985142995
354,0.09375,0.125,0.0104167,0.291667,0.166667,0.3125,5,Bug-5dd7e6be-b624-48ba-99f6-92571ccdda47,1382391928866
355,0.0972222,0.402778,0.0277778,0.430556,0.0138889,0.0277778,3,Bug-87034609-d2e5-45f2-b3b5-ac197cbc20e1,1275583360304
356,0.511278,0.0075188,0.0300752,0.278195,0.0075188,0.165414,0,Bug-d8bc88b0-fa68-4cc9-b0df-ee3f75f83f14,1393853567473
357,0.25,0.0108696,0.0108696,0.23913,0.0108696,0.478261,5,Bug-728e4f4f-c87e-4bac-963e-e3f5104571df,1406044187143
358,0.142857,0.142857,0.142857,0.142857,0.142857,0.285714,5,Bug-bc67ab35-ee2f-4cfc-9317-9fc7189412a9,1365699794019
359,0.049505,0.306931,0.00990099,0.445545,0.148515,0.039604,3,Bug-36dd7559-2cc6-4d1a-87e4-86bb41a30436,1277223498200
360,0.0769231,0.230769,0.461538,0.0769231,0.0769231,0.0769231,2,Bug-502b0c36-75d0-4876-9634-710d457e32ea,1326448620167
361,0.0714286,0.357143,0.0714286,0.142857,0.0714286,0.285714,1,Bug-fa71b036-3a55-46f0-8b47-58db49c6c7db,1364510833565
362,0.107692,0.0153846,0.169231,0.246154,0.184615,0.276923,5,Bug-fe864416-647b-4515-bc17-b794b2362bfc,1359101477977
363,0.285714,0.142857,0.142857,0.142857,0.142857,0.142857,0,Bug-3c827c59-9bc6-4f1d-a332-5964a4527743,1389809829031
364,0.391304,0.0434783,0.0434783,0.26087,0.217391,0.0434783,0,Bug-3abc1d53-cb6b-4765-aa02-ca91ba665e19,1373025836705
365,0.142857,0.142857,0.142857,0.142857,0.142857,0.285714,5,Bug-a55d041d-de1c-4cda-9e58-bd2766207f7d,1386155504015
366,0.235294,0.294118,0.0588235,0.294118,0.0588235,0.0588235,1,Bug-bfa05e11-23f7-43d7-8229-2cb8abdcb1a9,1389812159929
367,0.375,0.125,0.125,0.125,0.125,0.125,0,Bug-c23e99cf-5846-465c-beb7-ef30bb04d7db,1223876967922
368,0.75,0.05,0.05,0.05,0.05,0.05,0,Bug-feca7bfe-6a15-4b93-9c4e-ea7240c56313,1383302399592
369,0.487805,0.268293,0.0243902,0.0243902,0.0487805,0.146341,0,Bug-a6d76ca8-7b79-431b-b597-ac46baff99ac,1406711969226
370,0.5,0.1,0.1,0.1,0.1,0.1,0,Bug-b1782eda-3950-450d-bb3d-5e7d0f5ce736,1340176109483
371,0.288889,0.0222222,0.0444444,0.355556,0.266667,0.0222222,3,Bug-1b6f0055-f65d-4c65-8569-fd6ef618ea2e,1393575836534
372,0.25,0.25,0.125,0.125,0.125,0.125,0,Bug-1f5d684d-b342-423a-a707-7e81e5cc0f4c,1364304253394
373,0.138462,0.276923,0.123077,0.0307692,0.215385,0.215385,1,Bug-f555837c-b335-4ca1-83c4-4586edccea06,1360761767032
374,0.304348,0.434783,0.0108696,0.108696,0.0108696,0.130435,1,Bug-2524f3f6-a03d-4fa0-9852-67f0aa8bab65,1380614549788
375,0.375,0.125,0.125,0.125,0.125,0.125,0,Bug-4423b08b-788c-47a8-94d3-1480bd586cca,1368809866687
376,0.583333,0.0833333,0.0833333,0.0833333,0.0833333,0.0833333,0,Bug-e47aeec7-4773-4ae9-87cc-7369f07da3d4,1377177036251
377,0.150943,0.113208,0.0660377,0.59434,0.0660377,0.00943396,3,Bug-d29e4b3d-c3b9-42b9-beb4-b724ce4f170b,1407222757903
378,0.117647,0.0588235,0.647059,0.0588235,0.0588235,0.0588235,2,Bug-dd2d7af9-98bd-412d-ac2f-d913d69d930a,1331571711360
379,0.283582,0.30597,0.0746269,0.238806,0.00746269,0.0895522,1,Bug-02dd470f-2f18-49a0-86b7-35fef8704ee0,1397575273609
380,0.0625,0.375,0.0625,0.1875,0.0625,0.25,1,Bug-e794d124-1e96-4ff7-91a1-64c2c5f939d7,1405679081310
381,0.15,0.1,0.25,0.3,0.05,0.15,3,Bug-dd142ace-e298-4e5c-bb28-ebcf96ab110d,1394287273341
382,0.375,0.125,0.125,0.125,0.125,0.125,0,Bug-4d61f487-2816-4304-b9ed-a4be1f0277ea,1378471871866
383,0.5,0.00925926,0.12963,0.231481,0.0740741,0.0555556,0,Bug-e1f69f94-aa43-44e0-8c06-d48d29641bce,1396959648525
384,0.0787671,0.126712,0.0616438,0.280822,0.390411,0.0616438,4,Bug-3b22e498-849f-41e7-84fd-566a150d9c78,1272360455475
385,0.333333,0.151515,0.030303,0.333333,0.0606061,0.0909091,0,Bug-f9c69518-1c9f-493d-bc31-10c69bb7133e,1329840428918
386,0.533333,0.0666667,0.0666667,0.2,0.0666667,0.0666667,0,Bug-3bf5846a-fa72-4846-9146-7aadd9a516ad,1409142490026
387,0.147059,0.0882353,0.176471,0.235294,0.0588235,0.294118,5,Bug-56bf6500-85ac-4adc-94c3-9dbc6869422c,1331671095984
388,0.218487,0.0756303,0.12605,0.193277,0.00840336,0.378151,5,Bug-600601aa-a66c-4659-8d9d-39afdfb0498c,1300317089638
389,0.15,0.05,0.05,0.35,0.35,0.05,3,Bug-85504934-6b14-402c-8565-8664c30d6a71,1400265559067
390,0.5,0.1,0.1,0.1,0.1,0.1,0,Bug-7b09223f-6628-4701-9aa7-5553886a5c44,1405425637223
391,0.173494,0.0216867,0.120482,0.289157,0.0168675,0.378313,5,Bug-c335a1fa-2cfc-4ad1-a0cd-eee908a517d5,1378454871101
392,0.236842,0.0263158,0.0789474,0.131579,0.5,0.0263158,4,Bug-9845af9c-f7e5-4e0b-b70f-06747071ad78,1378044952969
393,0.692308,0.0384615,0.0384615,0.115385,0.0384615,0.0769231,0,Bug-3c11c03c-9644-44cd-9023-6cf4e5f03f73,1294780304415
394,0.0625,0.0125,0.2,0.0125,0.65,0.0625,4,Bug-94c9b858-f6b3-4bd9-a743-ec894b1e6f32,1397395683639
395,0.307692,0.0769231,0.0769231,0.384615,0.0769231,0.0769231,3,Bug-15e04bc5-175b-4f74-a74a-16b6b9528395,1377452687276
396,0.473684,0.0526316,0.0526316,0.0526316,0.0526316,0.315789,0,Bug-42af680a-f691-4212-b415-d22671c9f6c8,1409651831684
397,0.243094,0.038674,0.0441989,0.524862,0.0662983,0.0828729,3,Bug-05bb7e0d-841b-4189-ab31-2e1228774a1f,1391790272387
398,0.28,0.2,0.08,0.2,0.04,0.2,0,Bug-f299362f-026d-4142-a21f-8b0755a8d147,1405341345904
399,0.0948276,0.284483,0.0517241,0.155172,0.387931,0.0258621,4,Bug-869fbc38-11b0-443b-95f1-962c29315bab,1396187906778
400,0.814815,0.037037,0.037037,0.037037,0.037037,0.037037,0,Bug-27c2884b-c7cc-4f96-ad1b-d67a545012e5,1313589111289
401,0.125,0.172078,0.204545,0.26461,0.189935,0.0438312,3,Bug-9503f31b-b3fe-491f-b93f-210433496dc5,1376209062825
402,0.5,0.1,0.1,0.1,0.1,0.1,0,Bug-e5735dff-d961-495d-a2bf-836e5cec9bb3,1358815199323
403,0.2,0.444444,0.0111111,0.233333,0.0111111,0.1,1,Bug-6e543d27-e112-4670-8195-a2165b7465b6,1360893243659
404,0.439024,0.0243902,0.0243902,0.243902,0.121951,0.146341,0,Bug-3750bca5-f5ea-4e86-8684-2bf9df411912,1391790019440
405,0.3,0.1,0.1,0.1,0.1,0.3,0,Bug-9150d56c-1e37-4e01-879d-50de4a50e529,1368821703114
406,0.375,0.125,0.125,0.125,0.125,0.125,0,Bug-c2478fbd-1d23-4886-986d-383a99c4e643,1375449621637
407,0.0551724,0.0896552,0.0551724,0.682759,0.0482759,0.0689655,3,Bug-6939c6a9-0417-453d-88af-8b79079548d5,1391671193206
408,0.282609,0.0217391,0.0217391,0.0652174,0.0217391,0.586957,5,Bug-9fb00ae0-bc82-4062-b91a-20c38b319441,1312895031412
409,0.454545,0.0909091,0.0909091,0.0909091,0.181818,0.0909091,0,Bug-d85241b9-2bcb-4ac1-a4ea-9c34cfc949bb,1410261715041
410,0.4,0.0666667,0.0666667,0.0666667,0.0666667,0.333333,0,Bug-eccd7b8b-e26f-47aa-b765-9194af45abd7,1381480398730
411,0.25,0.125,0.25,0.125,0.125,0.125,0,Bug-7268b306-a55d-4a3e-8cd9-0a965f7260ca,1393552412769
412,0.302326,0.0232558,0.139535,0.302326,0.0232558,0.209302,0,Bug-b5be4c6e-f7ad-4055-b350-761e7f3e16e8,1319106519663
413,0.168,0.312,0.016,0.272,0.056,0.176,1,Bug-2e284b3e-2bd4-4d32-91e8-1b3bd04bca2a,1351990061188
414,0.257143,0.0714286,0.0714286,0.542857,0.0214286,0.0357143,3,Bug-fe71b751-f20f-454d-92a7-dbcbab61441a,1406013228057
415,0.375,0.125,0.125,0.125,0.125,0.125,0,Bug-1f5327af-fdbe-4730-8f99-c094fbafcb5e,1351256163976
416,0.0909091,0.0909091,0.727273,0.030303,0.030303,0.030303,2,Bug-6d70e7c7-0089-4a79-8d73-b2ba5f6c58c6,1381960821213
417,0.454545,0.0909091,0.181818,0.0909091,0.0909091,0.0909091,0,Bug-a79cc59f-d4ad-41fb-b0d4-3175fbc9e5d6,1364121958242
418,0.15625,0.28125,0.03125,0.28125,0.199219,0.0507812,1,Bug-f7a5c280-8eaf-4a30-a83c-2511daee8e03,1380617002740
419,0.375,0.125,0.125,0.125,0.125,0.125,0,Bug-ef62beeb-fe6c-4e59-8d0b-6cd77fb1a855,1294847073162
420,0.375,0.125,0.125,0.125,0.125,0.125,0,Bug-ceccdc53-8963-499e-ada8-be111b6badeb,1374845293783
421,0.571429,0.238095,0.047619,0.047619,0.047619,0.047619,0,Bug-0a2de78d-a119-40b2-b696-6451a2ef74c8,1386156028720
422,0.181818,0.0545455,0.2,0.436364,0.0181818,0.109091,3,Bug-78634515-c0a3-44d7-afc6-f14bf80f9c9e,1371409574986
