1,0.166667,0.333333,0.25,0.0833333,0.0833333,0.0833333,1,Bug-c5d15936-1638-426e-ab60-7e1c8aac5bcd,1379975196375
2,0.153846,0.0769231,0.153846,0.0769231,0.0769231,0.461538,5,Bug-2f8da7da-dfa4-4702-86a6-d17767f8fa1f,1365179521375
3,0.0977444,0.0150376,0.308271,0.0300752,0.428571,0.120301,4,Bug-f57eb891-db38-4dd1-8b22-52f7694a6d1a,1391155924048
4,0.0617284,0.0576132,0.403292,0.0576132,0.0658436,0.353909,2,Bug-e80ac961-2965-4398-a9a6-6107c3e9fd58,1375831119928
5,0.0454545,0.0454545,0.636364,0.181818,0.0454545,0.0454545,2,Bug-1929a769-8fa3-4a61-865b-705a89fb2f0c,1383082847719
6,0.181818,0.0909091,0.272727,0.0909091,0.0909091,0.272727,2,Bug-2b2e36e1-5585-4661-85e9-e673739446db,1384089827126
7,0.128205,0.025641,0.25641,0.307692,0.025641,0.25641,3,Bug-58855a5e-1f68-4c24-b5c6-19d275f310ba,1401970839096
8,0.168317,0.435644,0.00990099,0.00990099,0.0891089,0.287129,1,Bug-93badd5d-0d45-4996-9324-3d8d6bc07308,1407492803330
9,0.0263158,0.0263158,0.210526,0.0263158,0.394737,0.315789,4,Bug-33a19b3e-23fe-4577-aca1-1c801bba58d4,1408093974487
10,0.555804,0.209821,0.0379464,0.0334821,0.0982143,0.0647321,0,Bug-fd1c20a5-ee71-4e9c-9ef9-d245a8046d50,1387802783588
11,0.05,0.35,0.05,0.05,0.05,0.45,5,Bug-651b33a7-375c-4a27-b59c-9ad33af7fe35,1374562364050
12,0.235294,0.117647,0.411765,0.0588235,0.0588235,0.117647,2,Bug-6f7a1113-dbbf-4c9a-96ed-6d828c1841f3,1352966589763
13,0.0333333,0.0333333,0.0333333,0.0333333,0.166667,0.7,5,Bug-8201db51-6835-43e8-80b9-20547e9cc52f,1384871583448
14,0.0222222,0.0222222,0.0666667,0.155556,0.0444444,0.688889,5,Bug-96d50f78-2698-40b8-af91-f927a0066fe9,1372862682773
15,0.197772,0.0529248,0.356546,0.0167131,0.0529248,0.32312,2,Bug-f0444bd2-b053-42ea-8430-0d386c3ed198,1387297121959
16,0.206897,0.172414,0.0344828,0.0344828,0.0344828,0.517241,5,Bug-1d7bc7a6-8458-47ad-9be0-15959fd26e4a,1390511662436
17,0.111111,0.111111,0.111111,0.111111,0.111111,0.444444,5,Bug-cfdd7c89-117c-41b6-92f5-045a5d7b627c,1378709671924
18,0.1,0.2,0.1,0.1,0.1,0.4,5,Bug-ff24c1eb-4b3d-483a-95b6-d506269ef28a,1403802052444
19,0.0666667,0.2,0.0666667,0.0666667,0.0666667,0.533333,5,Bug-adb17726-0189-47bc-bdff-7486a21fbcd8,1385621084791
20,0.0833333,0.166667,0.5,0.0833333,0.0833333,0.0833333,2,Bug-4f17833b-c509-489d-bcbd-97de5029785c,1406045154120
21,0.0333333,0.233333,0.0666667,0.0333333,0.2,0.433333,5,Bug-d8340297-7f8e-40ab-8601-557277049ad8,1409125033998
22,0.0666667,0.2,0.0666667,0.0666667,0.0666667,0.533333,5,Bug-d96bca04-e6fa-498f-ab32-296db9dc704a,1378461323290
23,0.0555556,0.518519,0.12963,0.0185185,0.0185185,0.259259,1,Bug-25c14b90-ca86-4364-9513-cdf6b03bc5d0,1397200244518
24,0.0344828,0.0344828,0.275862,0.0344828,0.137931,0.482759,5,Bug-f5d069ab-7759-4996-a6ff-11b0d7c1cdbb,1390994761751
25,0.0833333,0.0833333,0.0833333,0.0833333,0.0833333,0.583333,5,Bug-56c9a85b-2374-4dfa-b120-32c05cc0363a,1382367910413
26,0.0782313,0.517007,0.119048,0.14966,0.00680272,0.129252,1,Bug-6e4398fb-b28b-42dc-9b71-988e6c2ab401,1400230980251
27,0.166667,0.0190476,0.152381,0.0904762,0.257143,0.314286,5,Bug-bc26299e-6849-4d48-a961-d8ec98c59104,1388665877604
28,0.15,0.05,0.05,0.45,0.05,0.25,3,Bug-74c6b62f-6719-44ab-8f99-7030cdd5d801,1393922972728
29,0.260638,0.0904255,0.260638,0.0691489,0.00531915,0.31383,5,Bug-209d6588-2ac9-4150-8102-d39338b5cd26,1401983888120
30,0.285714,0.0714286,0.0714286,0.0714286,0.0714286,0.428571,5,Bug-112d2d26-df16-490c-8a77-b2a474c17e3c,1398988039692
31,0.0143885,0.0503597,0.352518,0.00719424,0.323741,0.251799,2,Bug-a87627b3-be9f-4a2f-ad9e-93947d7f9e09,1409867665625
32,0.0243902,0.0243902,0.463415,0.0487805,0.195122,0.243902,2,Bug-97f8673d-f494-4ac4-8dd0-a1428788f6d6,1385420424265
33,0.815951,0.0797546,0.0122699,0.0552147,0.00306748,0.0337423,0,Bug-f80346ca-afd0-4bf8-9536-7a7241e5bdbe,1359983445380
34,0.0217391,0.0217391,0.326087,0.217391,0.0217391,0.391304,5,Bug-922601d8-b612-4b36-8ec2-f62d7c428203,1384765523740
35,0.182796,0.0896057,0.0752688,0.0681004,0.218638,0.365591,5,Bug-f11736e8-7c92-495a-a6cd-cc817ac3807c,1377530502098
36,0.0483871,0.0967742,0.16129,0.225806,0.209677,0.258065,5,Bug-f581a2b0-1d84-428b-a7aa-cfbb5223b3a8,1404122547960
37,0.0149254,0.0149254,0.328358,0.0895522,0.104478,0.447761,5,Bug-8ec69876-6c7f-46d7-a7a7-d28bb9cfd882,1398874661584
38,0.0612813,0.0543175,0.220056,0.0306407,0.575209,0.0584958,4,Bug-a0250a4b-623b-4fe6-a12f-2fdb56a79a27,1376468747917
39,0.109914,0.146552,0.196121,0.114224,0.0581897,0.375,5,Bug-f54f3838-30ee-4292-a010-988be58c302f,1402586947978
40,0.0954198,0.019084,0.19084,0.0458015,0.469466,0.179389,4,Bug-1082bd75-8fed-47d8-aa1c-6f24d99bfeb0,1376061467988
41,0.0188679,0.0188679,0.641509,0.0377358,0.188679,0.0943396,2,Bug-3f361631-f158-471a-8b1f-ce240ece022b,1398265660201
42,0.188482,0.0418848,0.465969,0.0052356,0.0052356,0.293194,2,Bug-c703c7cd-1277-4728-9046-67f57597724e,1396007172946
43,0.0153846,0.0923077,0.0615385,0.123077,0.0769231,0.630769,5,Bug-a969c2ae-a7fe-4079-b104-2c9d44b519e7,1408995303386
44,0.285714,0.0816327,0.265306,0.0204082,0.0204082,0.326531,5,Bug-33bbe6d3-71e7-4799-985c-7700b109630b,1395911536003
45,0.0555556,0.0185185,0.527778,0.0462963,0.00925926,0.342593,2,Bug-b6385735-0a9d-4f1d-b057-a73c161b6b29,1183386840515
46,0.0714286,0.0714286,0.0714286,0.142857,0.0714286,0.571429,5,Bug-d1f91a2a-5ad3-4ddc-ace2-bdc6f69ba008,1382011035388
47,0.105263,0.0263158,0.157895,0.0263158,0.0263158,0.657895,5,Bug-e6127faa-ec9a-4add-9d2b-3309a834e619,1380281660448
48,0.0385852,0.0128617,0.469453,0.022508,0.0996785,0.356913,2,Bug-8c23e694-766b-49f2-97b3-1cfc39162452,1375179941575
49,0.037037,0.0666667,0.481481,0.0222222,0.0666667,0.325926,2,Bug-41791c05-9652-4145-a704-c97d717da43f,1404747297588
50,0.0833333,0.333333,0.333333,0.0833333,0.0833333,0.0833333,1,Bug-9a771613-b1cd-493d-b85c-fbd2b15771b1,1381758416370
51,0.0769231,0.0769231,0.0769231,0.0769231,0.0769231,0.615385,5,Bug-89a1b77f-7e2b-4e40-8ad3-09490d0ba42f,1401265915887
52,0.131148,0.0819672,0.0655738,0.327869,0.0655738,0.327869,3,Bug-bc7c72a6-e9c7-439d-ba1c-03c6be093b68,1376470656678
53,0.0833333,0.0833333,0.5,0.0833333,0.0833333,0.166667,2,Bug-c4a28bd3-f6f1-4352-b207-422b0a2632cf,1378749287234
54,0.157895,0.0526316,0.368421,0.0526316,0.0526316,0.315789,2,Bug-245aec65-840d-498d-81dd-de592438f94f,1385068896231
55,0.370629,0.111888,0.202797,0.0034965,0.0699301,0.241259,0,Bug-92f3c421-7ba2-4c82-8dbb-633048c8e656,1392296460279
56,0.05,0.05,0.1,0.05,0.05,0.7,5,Bug-bdd99da5-c532-42fc-9fca-e6bf5faba395,1343747926984
57,0.0666667,0.666667,0.0666667,0.0666667,0.0666667,0.0666667,1,Bug-208c354c-dd0c-4853-aefa-a9a0bfdf9799,1399961182143
58,0.404255,0.0212766,0.0212766,0.0851064,0.0212766,0.446809,5,Bug-7650d69e-43ac-4d56-950b-bb68ff3fc517,1348767797918
59,0.1,0.2,0.1,0.1,0.1,0.4,5,Bug-f6282b45-38c4-4fb5-87ea-2cbe9e023914,1379408331871
60,0.047619,0.047619,0.285714,0.0952381,0.047619,0.47619,5,Bug-3b0e9941-2e1c-4464-a37c-afbffc9928bc,1378333513699
61,0.235294,0.1,0.194118,0.0411765,0.1,0.329412,5,Bug-aa14f026-730b-4f60-b827-15bc86589da6,1379936269054
62,0.1,0.1,0.1,0.1,0.1,0.5,5,Bug-5aa6f86d-a62e-49a6-aee2-c68de6785ec5,1377854786711
63,0.04,0.04,0.32,0.12,0.04,0.44,5,Bug-43e106e8-1e74-49da-ac5f-0816b3991f0f,1391787917701
64,0.0333333,0.0333333,0.3,0.0333333,0.0333333,0.566667,5,Bug-ed80ae58-c95e-417e-950a-11e729c26686,1395658255847
65,0.166667,0.0833333,0.0416667,0.0833333,0.125,0.5,5,Bug-cfc336ec-bae0-401d-91af-eff7646ce658,1392732959461
66,0.0833333,0.0833333,0.25,0.0833333,0.0833333,0.416667,5,Bug-a94331c5-ad1a-4808-9009-f23ced00b541,1242657005037
67,0.00961538,0.00961538,0.394231,0.00961538,0.125,0.451923,5,Bug-9cbfef0b-d317-455e-a1da-402610c1f23e,1402501725541
68,0.125,0.125,0.125,0.125,0.125,0.375,5,Bug-6ff0ca58-4044-4a6d-8fc7-75e692342836,1397746139653
69,0.125,0.125,0.375,0.125,0.125,0.125,2,Bug-d9256cff-132e-405a-a003-5014e0d28628,1397627420580
70,0.0555556,0.111111,0.222222,0.0555556,0.0555556,0.5,5,Bug-1a693758-b5bb-4d5b-8e9a-da0b240b6edb,1349074785695
71,0.1,0.3,0.1,0.1,0.1,0.3,1,Bug-a57f4a30-11ba-49d5-953e-4330061faae0,1403865634610
72,0.298246,0.00877193,0.429825,0.00877193,0.0701754,0.184211,2,Bug-8be91df1-188a-4f34-ac72-3da67e3edcbe,1384756835237
73,0.0196078,0.372549,0.137255,0.117647,0.0588235,0.294118,1,Bug-146be21f-3fec-4e96-a5e2-21cfbca0d8dd,1320805434467
74,0.0296053,0.0296053,0.180921,0.167763,0.358553,0.233553,4,Bug-c39a70b4-6fd4-4b0a-ab2d-fc32bee12090,1376645712089
75,0.0526316,0.421053,0.0526316,0.263158,0.0526316,0.157895,1,Bug-dbc45e58-6905-4f2e-a4b0-2c78f2c4275d,1377184727339
76,0.184211,0.105263,0.0789474,0.210526,0.0526316,0.368421,5,Bug-9545e73e-9e39-4391-9b48-0d367dc0cba2,1396779919627
77,0.602649,0.00662252,0.238411,0.0397351,0.013245,0.0993377,0,Bug-225964c2-9ad8-4cb0-8440-357e2322caf8,1355911459750
78,0.0707071,0.010101,0.252525,0.040404,0.323232,0.30303,4,Bug-3c6511bc-82a6-457d-a668-6b59b167810a,1398987082454
79,0.125,0.125,0.125,0.25,0.125,0.25,3,Bug-69308daf-7440-4555-ae57-f49a8055ae53,1382539300268
80,0.0769231,0.0769231,0.153846,0.307692,0.307692,0.0769231,3,Bug-14b85b4f-a38c-49b8-9d9f-9ddbb5ce1711,1409648984063
81,0.164921,0.0968586,0.47644,0.0549738,0.0863874,0.120419,2,Bug-e6bd7f46-8c18-4367-9ed4-1c74cbca9809,1401709658473
82,0.0606061,0.212121,0.333333,0.030303,0.30303,0.0606061,2,Bug-3d9b5071-c2a7-4b4f-bb19-965bd82a3663,1370551197710
83,0.5,0.0675676,0.135135,0.0810811,0.0135135,0.202703,0,Bug-e0750907-8e5b-4296-b592-53c5018687ca,1377794045436
84,0.0740741,0.037037,0.555556,0.037037,0.037037,0.259259,2,Bug-cdd953a1-bd00-49f3-8a55-a808ec0c074e,1394515984803
85,0.0151515,0.030303,0.121212,0.0151515,0.30303,0.515152,5,Bug-11f8cf7b-c420-40df-b083-8f059cb7cf37,1385463064945
86,0.0125,0.0125,0.1375,0.5875,0.1625,0.0875,3,Bug-b1085ee7-881d-4145-b283-61572afa761e,1406819822863
87,0.0909091,0.363636,0.0909091,0.0909091,0.0909091,0.272727,1,Bug-c7d9f7b9-391c-41eb-87f1-594c4096bd4d,1391522811957
88,0.0643275,0.0877193,0.116959,0.157895,0.397661,0.175439,4,Bug-c543042d-e586-446b-bb5b-4e956c8e6ea6,1384869109962
89,0.00309598,0.00309598,0.188854,0.145511,0.00309598,0.656347,5,Bug-fe51218c-e433-432f-89f2-08b6c30ade5f,1385550697135
90,0.111111,0.111111,0.111111,0.111111,0.111111,0.444444,5,Bug-5289c917-b107-4abb-90cf-4e1996529769,1401914606572
91,0.1,0.1,0.4,0.1,0.1,0.2,2,Bug-950d4737-21c2-4746-aab3-23b94e9dae7c,1390526959211
92,0.0909091,0.0909091,0.0909091,0.0909091,0.0909091,0.545455,5,Bug-dfacfd96-9d52-456d-b771-578c0fc03141,1386364769567
93,0.0285714,0.0285714,0.428571,0.114286,0.114286,0.285714,2,Bug-2087dac3-a1ea-4ba3-9360-c08b51bd5f22,1395144011975
94,0.0588235,0.352941,0.0588235,0.294118,0.0588235,0.176471,1,Bug-dc337f6d-61d1-4b0e-9025-ef6ebf9ba4e6,1389191001863
95,0.0714286,0.0714286,0.0714286,0.0714286,0.0714286,0.642857,5,Bug-4f717561-961e-44f5-9e58-c43c66b73557,1376559939989
96,0.0357143,0.821429,0.0357143,0.0357143,0.0357143,0.0357143,1,Bug-2b389b36-a887-46ca-bcf7-cb5030892400,1376885529135
97,0.190476,0.142857,0.261905,0.0238095,0.0238095,0.357143,5,Bug-60b36288-bc87-46a8-88d7-b405430c6526,1367826047016
98,0.318182,0.136364,0.0909091,0.0454545,0.136364,0.272727,0,Bug-468ca2f4-e73c-4e0c-806a-609e9abeecb2,1386579412640
99,0.0909091,0.0909091,0.0909091,0.0909091,0.0909091,0.545455,5,Bug-67594487-0b8a-41b2-9533-3bcf3f14b04d,1378976192460
100,0.05,0.05,0.05,0.05,0.1,0.7,5,Bug-92e60815-2286-49c8-9a30-319705f6985b,1372947679768
101,0.125,0.025,0.15,0.45,0.025,0.225,3,Bug-93462d09-1638-448c-bb53-3c80a6249982,1397745294345
102,0.26087,0.0434783,0.119565,0.0108696,0.0434783,0.521739,5,Bug-d5c0f210-90b6-4269-a49a-cdafc04a9b9a,1386242441353
103,0.125,0.125,0.125,0.125,0.125,0.375,5,Bug-4b2cb764-b531-4cae-adfc-93f7d42b3d88,1405349513730
104,0.0909091,0.0909091,0.181818,0.0909091,0.181818,0.363636,5,Bug-15cca1f9-6647-4869-8c26-f38384272150,1390192376358
105,0.285714,0.190476,0.047619,0.142857,0.047619,0.285714,0,Bug-9c994149-1a64-4dc4-bb43-4f0302857e66,1377701358525
106,0.0869565,0.0217391,0.452174,0.0956522,0.0434783,0.3,2,Bug-978e8e32-ea1f-4c41-ae82-5ee10eb0ca65,1395295180960
107,0.371681,0.00884956,0.230088,0.265487,0.0353982,0.0884956,0,Bug-df9b5477-988c-4078-bca2-74ab91915576,1385382539404
108,0.392857,0.0357143,0.321429,0.0357143,0.0357143,0.178571,0,Bug-332de4c2-9a46-4041-b1ea-6a873d160105,1390505733652
109,0.1,0.1,0.3,0.1,0.1,0.3,2,Bug-60ae850f-d5aa-4654-84a7-6cfdabb13e47,1391790373569
110,0.05,0.05,0.45,0.05,0.05,0.35,2,Bug-1512f7b6-a068-4779-8bfb-5c41a37fa56b,1393431581649
111,0.0266667,0.126667,0.32,0.413333,0.06,0.0533333,3,Bug-bcde3832-8413-44ea-89db-9f371904d718,1379486880863
112,0.209924,0.0572519,0.179389,0.0419847,0.0458015,0.465649,5,Bug-520f6be9-c7f2-4643-8e6b-c970618599fe,1390379964223
113,0.384615,0.115385,0.269231,0.0384615,0.153846,0.0384615,0,Bug-11723603-0661-4ef2-8cec-a35249255f0d,1402398423251
114,0.104478,0.238806,0.0746269,0.0895522,0.0895522,0.402985,5,Bug-a7985f8a-a586-440c-9142-f929b7c317e9,1393530424541
115,0.0377358,0.0188679,0.188679,0.377358,0.150943,0.226415,3,Bug-059f06c1-5d7a-4791-9dab-de40d994fb5e,1328652699063
116,0.0434783,0.0434783,0.130435,0.0434783,0.0869565,0.652174,5,Bug-0b476658-648e-4007-8538-2603e4fca6b0,1406800735111
117,0.142857,0.285714,0.142857,0.142857,0.142857,0.142857,1,Bug-9819dfbb-b5fe-4cb1-b2f0-f2039477ae86,1375644386206
118,0.1,0.3,0.1,0.1,0.1,0.3,1,Bug-1ab5eed5-b958-421a-94c7-e217aa05a241,1374479375997
119,0.0944882,0.0787402,0.23622,0.102362,0.141732,0.346457,5,Bug-7d9ab098-c59b-470c-a7a5-45ec10113f1c,1384795893688
120,0.0769231,0.538462,0.0769231,0.0769231,0.0769231,0.153846,1,Bug-42efa747-54b1-4f9f-b2df-7ab26aa665e9,1356146518080
121,0.0833333,0.0833333,0.0833333,0.166667,0.333333,0.25,4,Bug-0ed0d298-4fe4-4bad-a861-db79ef7b17a8,1389583067631
122,0.166667,0.0416667,0.166667,0.0416667,0.125,0.458333,5,Bug-abb7d732-0283-442a-85bd-fee284ea506f,1387278797086
123,0.0454545,0.0454545,0.0454545,0.0454545,0.272727,0.545455,5,Bug-0f54e272-ef5d-4223-aee3-c902aad9a01d,1378848444465
124,0.142857,0.142857,0.285714,0.142857,0.142857,0.142857,2,Bug-1a861bf5-3a8f-48f9-a21c-f0063f9a3af3,1397843593995
125,0.00833333,0.00833333,0.2,0.183333,0.15,0.45,5,Bug-e0fa1ecf-a542-4a68-a452-3579da86cfdc,1399449688172
126,0.111111,0.111111,0.111111,0.111111,0.111111,0.444444,5,Bug-ee6ca43e-0976-46e3-847c-1d0378d84162,1404718714488
127,0.111111,0.277778,0.0555556,0.277778,0.0555556,0.222222,1,Bug-fac407a5-25dd-42f5-bb96-3305cffad855,1410427070817
128,0.189542,0.202614,0.104575,0.20915,0.0784314,0.215686,5,Bug-f1ebcd42-6b23-4d8e-9d5b-a46f8a1477c4,1382391891018
129,0.0402685,0.00671141,0.671141,0.00671141,0.0402685,0.234899,2,Bug-b40efea9-bc19-4c56-9111-73167ed375d4,1384983530978
130,0.172662,0.0827338,0.420863,0.0719424,0.00359712,0.248201,2,Bug-accc8d09-aed5-4b16-919f-64f371f0bc97,1395318793318
131,0.042735,0.0512821,0.324786,0.0683761,0.00854701,0.504274,5,Bug-43e35781-45e7-4909-8d96-e2fc2b8daa27,1362758587152
132,0.25,0.125,0.125,0.125,0.125,0.25,0,Bug-b922ff77-b2a3-48fd-bb08-f69be19dcab4,1382190134482
133,0.0714286,0.0714286,0.0714286,0.0714286,0.0714286,0.642857,5,Bug-3ae4d515-2e4b-42cb-9622-7082d77ca5d9,1399459468949
134,0.568862,0.149701,0.155689,0.011976,0.00598802,0.107784,0,Bug-438716dd-a3b8-4ef7-8c90-b907704c8dac,1380809626193
135,0.0217391,0.152174,0.0434783,0.391304,0.0434783,0.347826,3,Bug-fcd736a2-bad9-407f-b11f-388808c64a46,1390578233440
136,0.0909091,0.454545,0.181818,0.0909091,0.0909091,0.0909091,1,Bug-fe943695-b1c8-40cb-b142-baa4d9c6a8db,1407793614106
137,0.407407,0.0185185,0.203704,0.111111,0.0740741,0.185185,0,Bug-2dc94147-8940-4c50-a4eb-aa9e86c849f2,1395753106029
138,0.125,0.125,0.125,0.125,0.125,0.375,5,Bug-a9eca31b-9f0c-47ed-b657-4e9a7e5922c0,1398877559681
139,0.577778,0.111111,0.0666667,0.155556,0.0222222,0.0666667,0,Bug-1341a368-49c3-482f-95e3-fe08d622e7e6,1406313099337
140,0.111111,0.0277778,0.0833333,0.0277778,0.222222,0.527778,5,Bug-117a7665-96c1-4e05-af53-0939d2eb4d10,1378804506655
141,0.0120482,0.746988,0.0481928,0.0722892,0.0120482,0.108434,1,Bug-35b88a1e-df44-433e-9b28-5bfc07a88aef,1404732747709
142,0.125,0.125,0.125,0.125,0.125,0.375,5,Bug-49adbbbc-be41-41a8-9753-34a8624a7480,1377291520024
143,0.0571429,0.0857143,0.157143,0.142857,0.0428571,0.514286,5,Bug-97bee436-d323-4671-8da3-9efb9138c297,1400780755737
144,0.0909091,0.0909091,0.0909091,0.0909091,0.0909091,0.545455,5,Bug-fd1a2fef-5e68-4050-a656-3fd0cde3b7e1,1379930285115
145,0.111111,0.111111,0.222222,0.111111,0.111111,0.333333,5,Bug-ac09cb89-5fe2-4d37-927f-cc70c6559665,1380017938414
146,0.0909091,0.0909091,0.0909091,0.0909091,0.0909091,0.545455,5,Bug-67548b32-5899-48a4-983b-9d42e201b2c4,1397136000972
147,0.0714286,0.0714286,0.0714286,0.0714286,0.0714286,0.642857,5,Bug-23f1c891-135e-42cf-8ad1-76144ae0c42b,1391112581062
148,0.275862,0.103448,0.206897,0.137931,0.0344828,0.241379,0,Bug-a1075c28-4a02-4441-9a5e-63689b32e03b,1377089529500
149,0.139535,0.0813953,0.22093,0.0697674,0.0116279,0.476744,5,Bug-cd3eca70-5d5a-4ae6-a204-bf03aa5194da,1401833731802
150,0.235294,0.0882353,0.0294118,0.176471,0.0294118,0.441176,5,Bug-77e89a97-4878-4a48-a36c-5a8ce67f6ddd,1403900247045
151,0.0454545,0.0909091,0.0909091,0.136364,0.0454545,0.590909,5,Bug-48179a87-61de-49d6-9be5-5e188d3f260b,1375484211351
152,0.4,0.0333333,0.233333,0.0333333,0.0333333,0.266667,0,Bug-98b1f0a1-c998-4ffe-bbac-dc3a2edd474e,1385620713954
153,0.0212766,0.0212766,0.191489,0.0212766,0.255319,0.489362,5,Bug-a2b13e70-bdd0-4c02-9e0b-ca3580dcc39c,1400507604865
154,0.1,0.0333333,0.333333,0.0333333,0.1,0.4,5,Bug-79a4cb6f-7078-48a0-982f-b2ce400bcfc4,1379490800526
155,0.0909091,0.0909091,0.363636,0.0909091,0.0909091,0.272727,2,Bug-126e65af-4c02-4314-86f0-0ff9899c1c60,1397649505049
156,0.192308,0.0128205,0.24359,0.025641,0.423077,0.102564,4,Bug-9903e0c1-af3f-455c-b3ca-b6bd006193a0,1396368067577
157,0.047619,0.047619,0.047619,0.047619,0.190476,0.619048,5,Bug-42eb89ff-cb82-4b62-9748-065f5846e91b,1385111660151
158,0.1,0.1,0.1,0.1,0.1,0.5,5,Bug-059783db-704a-4b2f-8942-660dafb8a8f4,1399638315779
159,0.0454545,0.0454545,0.363636,0.0454545,0.272727,0.227273,2,Bug-1e9e61c8-02bd-4f22-84e3-ead979a88d8b,1362835029128
160,0.0526316,0.157895,0.263158,0.263158,0.105263,0.157895,2,Bug-7cede48a-a131-4a17-bfb7-1266c904343f,1394021091354
161,0.25,0.166667,0.0833333,0.0833333,0.0833333,0.333333,5,Bug-e1c34af0-4b08-446f-b1b0-0a5a234f9730,1398982330996
162,0.285714,0.0952381,0.261905,0.309524,0.0238095,0.0238095,3,Bug-e3d18f90-6d32-41da-92f7-da7045f9e702,1397039417702
163,0.0640569,0.0225386,0.0166074,0.888493,0.00711744,0.00118624,3,Bug-d6833451-315e-4092-8aa6-4bb2c152ecc5,1374835675664
164,0.125,0.125,0.125,0.125,0.125,0.375,5,Bug-47468cf4-5034-4a1f-ab06-ac8584c41395,1398546174886
165,0.235294,0.0294118,0.176471,0.117647,0.0294118,0.411765,5,Bug-9e3f82d9-b96b-4ed5-9d86-df9f851edb14,1409578592212
166,0.361702,0.0425532,0.148936,0.0212766,0.191489,0.234043,0,Bug-509e2cbb-06d9-4300-bf2f-51cb73360fb3,1383828677149
167,0.704918,0.122951,0.122951,0.00819672,0.00409836,0.0368852,0,Bug-13ac83d5-646d-4349-9ee5-afa008434f8d,1409776332315
168,0.661765,0.0294118,0.132353,0.0147059,0.147059,0.0147059,0,Bug-939f11e1-db41-4035-857a-0d81390a26ca,1377066696764
169,0.181818,0.0909091,0.0909091,0.0909091,0.0909091,0.454545,5,Bug-235bc627-c351-41f6-8965-9c2489090d70,1394799278949
170,0.1,0.05,0.05,0.05,0.05,0.7,5,Bug-4d65f089-2a22-486f-9b35-c45aa36c0254,1404437413884
171,0.027027,0.162162,0.351351,0.108108,0.027027,0.324324,2,Bug-a53dc6f5-8dde-4de8-97a1-cdef215c9d2d,1399360220168
172,0.0769231,0.615385,0.0769231,0.0769231,0.0769231,0.0769231,1,Bug-abab955a-946a-49c7-8148-2d257af55375,1402954264799
173,0.0909091,0.545455,0.0909091,0.0909091,0.0909091,0.0909091,1,Bug-4628ac0b-9630-43aa-acb8-7016d1290d77,1405943406427
174,0.118421,0.0921053,0.361842,0.00657895,0.125,0.296053,2,Bug-5ac7f1d5-e0cf-4aec-b0a0-af3977bb1d75,1409503053962
175,0.0273684,0.0126316,0.122105,0.0463158,0.4,0.391579,4,Bug-c20f5a4a-cc25-4a8a-a4e0-82868dfbd12d,1377794453813
176,0.0238095,0.0952381,0.261905,0.0714286,0.0952381,0.452381,5,Bug-5b87d8f3-d07f-4a72-b5b8-db4b64883535,1406558724297
177,0.0528634,0.22467,0.0528634,0.0352423,0.603524,0.030837,4,Bug-b6dad678-a61e-4030-9a36-4dc1a71553ef,1400624154573
178,0.0344828,0.0344828,0.517241,0.0689655,0.275862,0.0689655,2,Bug-4ef869cf-0288-46bc-90af-1c11ed6edb99,1398395928318
179,0.0588235,0.0294118,0.5,0.0294118,0.0882353,0.294118,2,Bug-38b5877d-4838-4566-93bc-08fb4bbe8712,1410598977753
180,0.131868,0.032967,0.263736,0.010989,0.043956,0.516484,5,Bug-d4fa6025-74a6-4c0f-8487-057f3f3660b1,1396870872889
181,0.340502,0.078853,0.0967742,0.207885,0.129032,0.146953,0,Bug-f2463dd2-6afc-4bda-b764-2bdbd9b06dfa,1392829087013
182,0.1,0.1,0.2,0.1,0.1,0.4,5,Bug-5dbaca0a-145c-4a02-a984-a913877f9e85,1374166897317
183,0.252874,0.0229885,0.183908,0.37931,0.0114943,0.149425,3,Bug-7b7851eb-053b-4e7c-9c1d-d45ba76b52a9,1387219247302
184,0.142857,0.0357143,0.571429,0.0714286,0.0357143,0.142857,2,Bug-ae27bae7-5ad6-41b5-b786-c14b339651ec,1378870058520
185,0.176471,0.235294,0.117647,0.0588235,0.0588235,0.352941,5,Bug-7f7e3331-290a-42b1-85ca-bc83ff8e6d09,1384550269016
186,0.0555556,0.0555556,0.222222,0.0555556,0.277778,0.333333,5,Bug-0e7619dc-63e5-4d67-b79c-89df1eadfaf4,1394649827099
187,0.0615385,0.0153846,0.246154,0.0461538,0.184615,0.446154,5,Bug-5bffe167-8ba8-46d4-ad95-5035271badbb,1375719227120
188,0.142857,0.142857,0.0714286,0.0714286,0.0714286,0.5,5,Bug-05d40655-4afd-4ee0-b694-eda3e889f8d8,1376315878498
189,0.0833333,0.0833333,0.0833333,0.0833333,0.0833333,0.583333,5,Bug-7602bba9-318e-4776-ab79-de466b56f474,1378128262878
190,0.0899654,0.176471,0.480969,0.0553633,0.193772,0.00346021,2,Bug-42cb9cef-366c-4466-bca7-44c914819adb,1396598593922
191,0.0789474,0.0263158,0.447368,0.0263158,0.0263158,0.394737,2,Bug-0cd83be1-ac45-412f-bdb6-c3641c660bae,1379502612669
192,0.142857,0.142857,0.142857,0.285714,0.142857,0.142857,3,Bug-5e246c41-4568-458f-b1f1-8ba6dd476638,1397793160336
193,0.1,0.3,0.1,0.1,0.1,0.3,1,Bug-ac6e1a7a-4416-49ec-bc4f-106d6131b83d,1400656103668
194,0.0740741,0.111111,0.296296,0.185185,0.148148,0.185185,2,Bug-03ffd895-14f6-4a23-af1f-253f08e26289,1405601083975
195,0.2,0.0666667,0.266667,0.266667,0.0666667,0.133333,2,Bug-b1cf25f1-4b68-46b9-bf9b-ace425b07c08,1375867653779
196,0.0350877,0.122807,0.45614,0.175439,0.0175439,0.192982,2,Bug-653ce29a-32e3-4015-aef6-a586e3ceeea1,1364381477369
197,0.225806,0.129032,0.129032,0.290323,0.0322581,0.193548,3,Bug-6a607691-82c8-4fbb-bcfc-3aa584d5f6ed,1410339802609
198,0.037037,0.037037,0.037037,0.185185,0.037037,0.666667,5,Bug-01d83617-4648-475b-9631-5806d1ed1ce4,1396856279308
199,0.0862069,0.0517241,0.189655,0.103448,0.0172414,0.551724,5,Bug-667ceac3-23af-408b-8c37-0ab2bf7fb30d,1295899210505
200,0.097561,0.0365854,0.097561,0.0121951,0.304878,0.45122,5,Bug-77c3aa34-c3c7-4ef8-ba62-7ff1efe8604b,1397474708788
201,0.117647,0.0588235,0.0588235,0.588235,0.0588235,0.117647,3,Bug-61d28ebe-7475-44ec-b428-1a4b2f5a2edc,1385037602927
202,0.1,0.5,0.1,0.1,0.1,0.1,1,Bug-41940c96-a974-4edd-8282-831df193b80a,1383001914298
203,0.0833333,0.0833333,0.0833333,0.166667,0.0833333,0.5,5,Bug-959fb5ec-1637-40e9-9b58-53b580c906e1,1398257698582
204,0.222222,0.111111,0.111111,0.111111,0.111111,0.333333,5,Bug-e4a95007-403c-419c-a103-db1a8aae0eb0,1409139566388
205,0.0992366,0.0458015,0.274809,0.114504,0.0992366,0.366412,5,Bug-bb901020-19dc-41b0-9883-feb2a44facd7,1368668376697
206,0.0909091,0.0909091,0.0909091,0.0909091,0.0909091,0.545455,5,Bug-f545386a-779e-43f7-bb57-9aa9aabfbc41,1386026829644
207,0.153061,0.0102041,0.193878,0.0102041,0.316327,0.316327,4,Bug-f16aa959-8b17-4654-885f-c3ef91657ea9,1402436583635
208,0.0147059,0.205882,0.220588,0.0147059,0.0147059,0.529412,5,Bug-1a12e15e-3ab2-4293-9d13-cd0551c2b53d,1406105672408
209,0.360656,0.0491803,0.196721,0.0491803,0.0163934,0.327869,0,Bug-c209cc9d-2b7c-4ff5-a909-3fc4238afc29,1394016423960
210,0.170213,0.170213,0.425532,0.0212766,0.106383,0.106383,2,Bug-12f360f2-f739-4e61-b395-a5f9eeba3eb2,1409294381187
211,0.0238095,0.0238095,0.52381,0.166667,0.0238095,0.238095,2,Bug-699b1709-4c34-4b91-a206-be82ce51af0f,1373709310458
212,0.0144928,0.666667,0.188406,0.0434783,0.0144928,0.0724638,1,Bug-a0e2f201-9c21-4fd7-a25b-38a2695e7a72,1383055965548
213,0.225806,0.483871,0.0322581,0.0322581,0.0322581,0.193548,1,Bug-5b500e31-241c-4606-9b09-1d442c9c56e7,1389903574238
214,0.0666667,0.666667,0.0666667,0.0666667,0.0666667,0.0666667,1,Bug-18d6f506-febc-45cb-aaf7-bb7f7854a00d,1407613585817
215,0.107143,0.178571,0.321429,0.0357143,0.0357143,0.321429,2,Bug-701bc7fb-60b5-4868-acb9-844d60062a12,1367598161460
216,0.0900901,0.0720721,0.189189,0.0810811,0.0990991,0.468468,5,Bug-22eb502f-931f-47ce-b9f0-a65162379cbb,1386958222270
217,0.0208333,0.0416667,0.1875,0.270833,0.0208333,0.458333,5,Bug-9aa2eb22-9e9e-466e-bcec-687fd37c78b3,1404864874640
218,0.0666667,0.0666667,0.0666667,0.2,0.0666667,0.533333,5,Bug-ede2360e-f6fd-4b80-b18f-2d02fd6e780a,1382015806547
219,0.1,0.133333,0.0333333,0.333333,0.166667,0.233333,3,Bug-e2af545e-c30c-460d-b29e-5be08eae4a12,1364550500963
220,0.125,0.125,0.125,0.375,0.125,0.125,3,Bug-d6318e22-7cf2-48fe-8d3c-ae15dc99b141,1392287877236
221,0.0126582,0.0253165,0.379747,0.0253165,0.139241,0.417722,5,Bug-645dbc35-0e01-4d90-8dff-2b449619c493,1383224160150
222,0.721739,0.0434783,0.0782609,0.0173913,0.0173913,0.121739,0,Bug-e6383681-56a6-4fa4-b7ad-90a4bdc2d431,1381327852954
223,0.00757576,0.0606061,0.507576,0.0530303,0.227273,0.143939,2,Bug-2fdf8ace-1c70-4030-9591-efa95f1eb3e0,1409574111137
224,0.05,0.75,0.05,0.05,0.05,0.05,1,Bug-5ea30f9d-4003-4e3f-aefe-7d0595d3b97c,1381327859470
225,0.1,0.1,0.1,0.1,0.1,0.5,5,Bug-2e3f2f2c-74b1-4bbd-8859-6723387dfb9d,1297256781155
226,0.0909091,0.0909091,0.515152,0.030303,0.030303,0.242424,2,Bug-dcd09cd5-e022-4130-8191-813b80566491,1321031561057
227,0.105263,0.0526316,0.157895,0.0526316,0.263158,0.368421,5,Bug-27792707-13b3-4af9-bb21-ea45693d0df5,1392050617315
228,0.787037,0.0648148,0.037037,0.00925926,0.00925926,0.0925926,0,Bug-ede9b15c-f9ae-495c-b891-b77dc84efa74,1377080619423
229,0.166667,0.0416667,0.291667,0.0416667,0.0416667,0.416667,5,Bug-ce4ea5ac-56ab-4132-b4f7-419ed0f63d94,1410502611861
230,0.0125,0.3625,0.1125,0.0125,0.1125,0.3875,5,Bug-054c5e05-5169-49c1-abd6-83ae4c32748a,1408450237428
231,0.0327103,0.046729,0.359813,0.0140187,0.116822,0.429907,5,Bug-8387b370-c50f-4a15-a430-1170b2bcdb70,1399221981923
232,0.188679,0.160377,0.0660377,0.0943396,0.0377358,0.45283,5,Bug-8448cfb4-7c19-4bc2-9229-36ff409a372c,1386586081853
233,0.0208333,0.0416667,0.416667,0.0625,0.0208333,0.4375,5,Bug-bd02e863-0a8e-4f9b-9941-10973c326445,1193365452732
234,0.09375,0.21875,0.53125,0.03125,0.09375,0.03125,2,Bug-a798dab8-04a2-4197-8ba4-dac4153ae0f3,1377541409037
235,0.0221169,0.124803,0.0521327,0.0521327,0.745656,0.00315956,4,Bug-ff8f4a90-0aec-4d9e-9b35-8eab9277ab0e,1406275952516
236,0.114286,0.0285714,0.171429,0.0285714,0.457143,0.2,4,Bug-14242e73-c3e1-4f4a-a361-59ae3e6a59ad,1380660281413
237,0.125,0.125,0.25,0.125,0.125,0.25,2,Bug-f63121d6-7f27-42d0-a845-c4eec95a5dcb,1378883560848
238,0.0769231,0.0769231,0.461538,0.0769231,0.0769231,0.230769,2,Bug-2ccf9cff-6556-426c-8f00-68973c1655bb,1385720739006
239,0.380822,0.145205,0.178082,0.0410959,0.0931507,0.161644,0,Bug-2f04fae3-4922-48bb-b4f0-00bbac487c85,1392894782501
240,0.05,0.05,0.1,0.05,0.05,0.7,5,Bug-c4eea789-9aaa-434d-b6be-35a3a9842e9a,1399366870836
241,0.333333,0.0555556,0.222222,0.0555556,0.0555556,0.277778,0,Bug-879d96e4-2b95-4dae-822a-a1547575e373,1376296014955
242,0.272727,0.0454545,0.0454545,0.0454545,0.227273,0.363636,5,Bug-81e9a597-d0cf-4b5b-8fb4-fd6d1edd2264,1390229760235
243,0.00746269,0.0149254,0.477612,0.171642,0.186567,0.141791,2,Bug-85eee8c2-0ae2-416c-b452-362eb27c6987,1406717534183
244,0.0208333,0.0625,0.3125,0.0833333,0.208333,0.3125,2,Bug-2e120566-4369-48f1-8431-6eebceff015f,1392971705236
245,0.0833333,0.166667,0.0833333,0.166667,0.0833333,0.416667,5,Bug-4fa0a3f1-32f0-4e4d-9ecd-1db110667c8a,1394720189507
246,0.117647,0.333333,0.0980392,0.156863,0.137255,0.156863,1,Bug-028fcaf9-513c-4c09-b579-03f0aa041d8e,1295744410694
247,0.0294118,0.75,0.0147059,0.102941,0.0147059,0.0882353,1,Bug-aa7db84e-3004-47eb-846c-2e5db462e460,1404403425767
248,0.111111,0.111111,0.222222,0.111111,0.111111,0.333333,5,Bug-9ad42749-47ba-43dd-a82c-41e7ea0e6ac9,1387788185760
249,0.136364,0.511364,0.0681818,0.0113636,0.0340909,0.238636,1,Bug-d91fdaf4-016c-43fc-81ec-03b7c1e43094,1408000932138
250,0.1,0.5,0.1,0.1,0.1,0.1,1,Bug-68df56cf-c51a-4321-8553-9049d55545c2,1397473792945
251,0.2,0.1,0.025,0.025,0.05,0.6,5,Bug-aa39fa27-c61c-4303-b3e0-6f36a69b0f7a,1384858665973
252,0.751748,0.034965,0.0681818,0.0122378,0.0681818,0.0646853,0,Bug-c1f4d807-3f61-4f0f-9cdd-f632c1dd9d12,1389173987869
253,0.025641,0.230769,0.410256,0.0512821,0.25641,0.025641,2,Bug-1bc69044-92fa-443c-b29f-48160fb6d2a3,1384457298315
254,0.0625,0.6875,0.0625,0.0625,0.0625,0.0625,1,Bug-21022a26-4e44-4292-9c67-0367de18b780,1312883716685
255,0.0287356,0.109195,0.235632,0.109195,0.0229885,0.494253,5,Bug-5a9a9274-adbd-4e6b-a10d-1e7b1257e1cf,1376767802639
256,0.19403,0.0149254,0.343284,0.0895522,0.179104,0.179104,2,Bug-07bd77e1-1904-4d86-a3b6-b97d5f8313f7,1386289165855
257,0.180328,0.196721,0.0163934,0.0327869,0.0163934,0.557377,5,Bug-d610c414-9b65-417f-a379-5a021a91cc06,1408976356462
258,0.0319149,0.0212766,0.414894,0.0851064,0.106383,0.340426,2,Bug-ac45947c-1f0d-4108-a47f-80fba709de38,1405670657379
259,0.127072,0.00552486,0.132597,0.447514,0.0331492,0.254144,3,Bug-6a1ec691-a9a5-4e18-8aea-482070e6e4dd,1400101460727
260,0.0833333,0.0416667,0.0416667,0.166667,0.0416667,0.625,5,Bug-2b7624a7-8d04-4144-80fd-a4e4ba57ce63,1319119980609
261,0.0185185,0.0185185,0.277778,0.0185185,0.333333,0.333333,4,Bug-d3668284-b4f5-47c7-9eb7-050711c4da14,1397577229874
262,0.047619,0.047619,0.285714,0.047619,0.0952381,0.47619,5,Bug-a42cc887-846b-451d-bf3f-7485513eae6f,1390816320384
263,0.0232558,0.0232558,0.0930233,0.186047,0.255814,0.418605,5,Bug-43730d4a-e40f-4edc-8aa7-a538f164d344,1390851692562
264,0.0196078,0.196078,0.254902,0.0196078,0.235294,0.27451,5,Bug-81c50a42-0690-454d-ae94-3f1dd39e63e2,1359932679457
265,0.0642857,0.0428571,0.514286,0.0642857,0.0428571,0.271429,2,Bug-25a0403f-f9f5-4ade-9834-63304611962d,1398687346296
266,0.0181818,0.0181818,0.145455,0.454545,0.181818,0.181818,3,Bug-f858ed4a-d25c-40f2-b49e-249699517987,1395324968142
267,0.0833333,0.0833333,0.0833333,0.166667,0.0833333,0.5,5,Bug-c41f220b-8428-484d-a933-9be93d272aa6,1388157613911
268,0.0105263,0.0105263,0.210526,0.157895,0.273684,0.336842,5,Bug-c533bd54-c5ed-40f2-87fa-c2690e0dec6e,1409223933393
269,0.037037,0.0740741,0.037037,0.111111,0.0740741,0.666667,5,Bug-e75ce4ea-187e-44e4-843f-c66989ea6ffe,1383321051927
270,0.285714,0.25,0.107143,0.0357143,0.107143,0.214286,0,Bug-5a55c477-460c-4ed4-8525-332d073cf5f8,1394728900048
271,0.0555556,0.111111,0.388889,0.0555556,0.111111,0.277778,2,Bug-a3d229c3-13bc-4c4e-9bba-9eccc0a9ac10,1395810138501
272,0.0220588,0.102941,0.0735294,0.0588235,0.0735294,0.669118,5,Bug-6cc5e6da-c514-43e6-b1df-fef6775e715a,1383141872751
273,0.211538,0.115385,0.0384615,0.0769231,0.0192308,0.538462,5,Bug-f0dd1102-ef83-4398-8a63-eb4d85cb5424,1376893894800
274,0.31,0.01,0.17,0.08,0.01,0.42,5,Bug-e3963b35-3ba1-4d24-8278-bd0ead9daa3c,1405652914462
275,0.1,0.3,0.1,0.1,0.1,0.3,1,Bug-f423cef7-605d-4d04-9ccf-4076a30f13fc,1380020866601
276,0.142857,0.142857,0.142857,0.142857,0.142857,0.285714,5,Bug-ae0bcfda-044e-4007-9f62-69d21ce0803d,1391613343126
277,0.184783,0.0108696,0.478261,0.0978261,0.0108696,0.217391,2,Bug-04ebf458-75fc-4cb8-a55a-afd71aea0043,1405435660237
278,0.107143,0.214286,0.214286,0.142857,0.0357143,0.285714,5,Bug-230b8b73-dfb1-4d87-a1b9-5129b7098c4b,1380746216882
279,0.0149254,0.0746269,0.343284,0.223881,0.0298507,0.313433,2,Bug-2f8ad249-2350-4018-94ae-974dc3280dc6,1409862312542
280,0.0019084,0.70229,0.0744275,0.0209924,0.0591603,0.141221,1,Bug-2192c1d8-e8b0-4241-9dd5-bf5fa4a87c00,1397656855918
281,0.296296,0.037037,0.222222,0.111111,0.111111,0.222222,0,Bug-35472530-6600-48d5-a968-bed9925a32dc,1395811862684
282,0.25,0.05,0.05,0.05,0.2,0.4,5,Bug-50442be3-7e8e-4af4-bfb7-db3b210d8f61,1398848384003
283,0.255319,0.0212766,0.319149,0.0212766,0.0212766,0.361702,5,Bug-8b5fd93f-a7bb-4898-a434-a336141befcc,1400034434236
284,0.0125,0.1125,0.1,0.2375,0.1125,0.425,5,Bug-17d3b952-b19b-42ca-b9da-7a4e9739fcbf,1410859788319
285,0.05,0.05,0.25,0.25,0.05,0.35,5,Bug-34031ad7-bdd1-4c4a-b379-b24fdc8a6bf5,1383924187871
286,0.0196078,0.117647,0.117647,0.0196078,0.0196078,0.705882,5,Bug-423ec6be-38b3-48df-a425-1b8e690a8317,1395406857143
287,0.0588235,0.0588235,0.294118,0.0588235,0.0588235,0.470588,5,Bug-82a24e99-a5c1-4e36-8868-73fa7d361b05,1382494887772
288,0.596154,0.00480769,0.350962,0.00480769,0.00480769,0.0384615,0,Bug-7bb0922f-0e12-43e8-91d0-6a9dbd67e115,1404176451227
289,0.0909091,0.363636,0.0909091,0.0909091,0.0909091,0.272727,1,Bug-f7134252-5eac-4e75-89ac-f06eee4a5ba7,1404210077227
290,0.123596,0.0449438,0.41573,0.011236,0.11236,0.292135,2,Bug-ef928c75-c744-45e5-91cc-49be327f2398,1385089335380
291,0.0153846,0.0153846,0.446154,0.0615385,0.230769,0.230769,2,Bug-266a68a7-3be1-4a65-a7bd-c27a569f420d,1389450132739
292,0.0733945,0.110092,0.422018,0.0275229,0.0550459,0.311927,2,Bug-3bc9ef6c-b5e1-4db0-b588-b2f8788490a2,1394809570284
293,0.0588235,0.0588235,0.352941,0.117647,0.0588235,0.352941,2,Bug-cbbe4bb6-412f-4f9e-b024-2fbab0a68734,1377182379873
294,0.056338,0.0140845,0.084507,0.028169,0.366197,0.450704,5,Bug-e2497b48-355b-41ee-a1b4-6cef8c47c280,1379443627194
295,0.00280899,0.337079,0.16573,0.0533708,0.0561798,0.384831,5,Bug-9b887c47-baa6-4694-ad3d-e550a88118eb,1383333770815
296,0.391304,0.0434783,0.130435,0.304348,0.0434783,0.0869565,0,Bug-787f6de6-3a90-4578-9f18-9cc16521f33f,1404298130525
297,0.0769231,0.538462,0.153846,0.0769231,0.0769231,0.0769231,1,Bug-00e30503-5d4d-49ed-910c-772a5c46eea4,1380217136281
298,0.0714286,0.0714286,0.214286,0.428571,0.0714286,0.142857,3,Bug-08a81560-9a54-40ab-97a8-495f315415f0,1405719634927
299,0.0833333,0.0833333,0.0833333,0.0833333,0.0833333,0.583333,5,Bug-deb9b7b5-21ef-49b1-b81b-a273ca0ebd49,1394077043778
300,0.1,0.1,0.1,0.2,0.1,0.4,5,Bug-eb6af20e-8512-4508-abe2-f2622d8ea9ae,1382365725631
301,0.160804,0.100503,0.0904523,0.326633,0.0251256,0.296482,3,Bug-18945025-8ea1-46ae-94e9-c30d46d4221c,1407847931489
302,0.1,0.1,0.1,0.3,0.1,0.3,3,Bug-6cfdb2a5-71aa-4ac8-8732-08d81c75a5be,1377278525138
303,0.0153846,0.123077,0.169231,0.307692,0.0153846,0.369231,5,Bug-99f0a570-9466-4afc-901f-873abfc33393,1377710419353
304,0.0222222,0.0222222,0.0888889,0.0222222,0.0444444,0.8,5,Bug-c8eef9c9-9834-46b8-8072-0f706418efc8,1395908730332
305,0.25,0.0833333,0.0833333,0.0833333,0.0833333,0.416667,5,Bug-5da66fe9-9e7b-4c48-b8ac-d42c7b1bf3d5,1382626173196
306,0.0269058,0.044843,0.513453,0.044843,0.0650224,0.304933,2,Bug-f69027a2-1180-44c2-bc09-cfb3c46749b2,1394549009296
307,0.168421,0.136842,0.136842,0.126316,0.0105263,0.421053,5,Bug-319df928-da70-47f9-a0a9-5f6086af1578,1406124236741
308,0.0285714,0.0571429,0.0285714,0.0571429,0.0285714,0.8,5,Bug-7c9891be-cd21-4453-8790-92c1f590c118,1382541899461
309,0.131579,0.0789474,0.5,0.0263158,0.131579,0.131579,2,Bug-edc80135-be96-4909-b266-456719cf3325,1392294200409
310,0.114754,0.0163934,0.360656,0.0163934,0.0655738,0.42623,5,Bug-7feadbc6-ffea-4e3a-8350-b069b9a3648f,1389091059662
311,0.148387,0.0709677,0.283871,0.135484,0.122581,0.23871,2,Bug-a79e519a-8005-4a67-bf75-bb7e0b5e1a24,1400848711560
312,0.0416667,0.0416667,0.416667,0.0416667,0.375,0.0833333,2,Bug-bd79994c-daf9-4daa-9343-d7cd68ccd51a,1403703448126
313,0.1,0.1,0.2,0.1,0.1,0.4,5,Bug-c9c9896f-27ca-4d35-9134-f02d55c5dd3f,1397477957464
314,0.0863309,0.0359712,0.208633,0.115108,0.028777,0.52518,5,Bug-5b72590b-5adc-4f2e-b1f5-9b7f718210ea,1398788695410
315,0.0285714,0.0285714,0.514286,0.0285714,0.0285714,0.371429,2,Bug-6108001a-4717-44c3-933d-2f9ecc4cc606,1379736779169
316,0.407609,0.163043,0.0978261,0.173913,0.0434783,0.11413,0,Bug-e7b1a1b9-8fd1-4b7c-a950-54b1b611a4c9,1385027001787
317,0.142857,0.142857,0.142857,0.285714,0.142857,0.142857,3,Bug-b6d50351-d75f-409c-8879-ad50a9559636,1364206121195
318,0.0915493,0.028169,0.161972,0.190141,0.00704225,0.521127,5,Bug-f2c341a1-e0df-4814-a1ac-a4d53a8f62c9,1199115452534
319,0.0416667,0.0416667,0.166667,0.0833333,0.0416667,0.625,5,Bug-d26e06b1-cf44-454c-9cca-68381c402fd3,1380214832367
320,0.00847458,0.00847458,0.661017,0.00847458,0.186441,0.127119,2,Bug-01f19bcb-1fae-45c9-ae94-885d9bc87526,1389622873653
321,0.0555556,0.722222,0.0555556,0.0555556,0.0555556,0.0555556,1,Bug-794bdacb-5833-4374-83ca-ce1421d2a34d,1375958063471
322,0.335244,0.166189,0.131805,0.0458453,0.0229226,0.297994,0,Bug-f12e881c-e5db-41b2-bda8-ea23753ee434,1325604617595
323,0.0208333,0.0208333,0.25,0.25,0.0208333,0.4375,5,Bug-f4377ef0-7310-4fd8-845b-9a9ffeb8ff66,1405214611124
324,0.047619,0.761905,0.047619,0.047619,0.047619,0.047619,1,Bug-ad4e4ba7-a1e2-4498-806b-7443372df793,1384936685814
325,0.194872,0.0307692,0.430769,0.0153846,0.102564,0.225641,2,Bug-a99d614e-05d0-4062-bec0-9691251ff31c,1376668498835
326,0.132353,0.0882353,0.25,0.0147059,0.205882,0.308824,5,Bug-6e60d58d-904a-47b7-a07e-258f9189cf72,1410539888227
327,0.0133333,0.0133333,0.533333,0.0533333,0.186667,0.2,2,Bug-a211678e-b342-43f4-b8e9-48b3559cd191,1385477910913
328,0.0851064,0.0425532,0.340426,0.106383,0.184397,0.241135,2,Bug-1adc8735-8934-4913-88bb-3fc300e0142f,1403081960331
329,0.016129,0.0241935,0.298387,0.0241935,0.0806452,0.556452,5,Bug-bae06b5f-f742-44be-8b55-6c03ecea3241,1384935790702
330,0.380952,0.047619,0.285714,0.047619,0.0952381,0.142857,0,Bug-19915f3e-6f23-4e6b-964d-c397f296c0c3,1410194505800
331,0.0833333,0.0833333,0.0833333,0.0833333,0.0833333,0.583333,5,Bug-ea4fe6a2-b3a5-46a8-bfcc-f0e4e04712f1,1382952035482
332,0.0212766,0.0957447,0.351064,0.0212766,0.180851,0.329787,2,Bug-99aceb12-2228-40c5-9ad1-c0488aaa08bc,1407165393838
333,0.0243902,0.0243902,0.317073,0.097561,0.195122,0.341463,5,Bug-7ed9f075-cbb4-4cc1-b554-8c94549752bb,1376538159260
334,0.105263,0.0263158,0.447368,0.0263158,0.0263158,0.368421,2,Bug-0d3bc761-6025-4586-b251-1d221cca8300,1402279269160
335,0.097561,0.219512,0.268293,0.0731707,0.0243902,0.317073,5,Bug-2365b800-fe86-4f3b-aa3b-b733e18c91f0,1396371225302
336,0.0625,0.0625,0.0625,0.0625,0.1875,0.5625,5,Bug-df72ff59-cc8b-46cf-b959-430a9ed0467a,1406317052861
337,0.0416667,0.0416667,0.0833333,0.125,0.0416667,0.666667,5,Bug-7bd67c5b-96aa-4e56-bb5b-823a5d6e6daf,1407897722395
338,0.2,0.16,0.22,0.01,0.08,0.33,5,Bug-1a10d1bb-bb6e-487e-aea1-7e1d562c620f,1396616547752
339,0.0588235,0.0588235,0.0588235,0.0588235,0.117647,0.647059,5,Bug-f4f5722c-f571-4725-9348-db25ffc39dd7,1375969092947
340,0.0357143,0.178571,0.0357143,0.392857,0.0357143,0.321429,3,Bug-48616315-30aa-4a2b-83a3-6041a45ca7c8,1408342245144
341,0.0113636,0.0113636,0.420455,0.136364,0.0454545,0.375,2,Bug-67ab2707-6c9a-49ec-8f72-0c457033f1de,1386601477395
342,0.030303,0.0606061,0.363636,0.0909091,0.030303,0.424242,5,Bug-a3b8effe-ab28-40a0-976e-143da60d14a7,1386588916739
343,0.0413793,0.00689655,0.310345,0.0206897,0.303448,0.317241,5,Bug-e5335fa1-0aed-4d69-b8a3-be6a9d024a26,1395922574280
344,0.008,0.008,0.232,0.016,0.392,0.344,4,Bug-918825d5-095c-4e1f-ab90-e907174239b0,1398882389305
345,0.0714286,0.0714286,0.214286,0.0714286,0.0714286,0.5,5,Bug-c7fe1ff8-8776-4eeb-b7bb-c5f6f14d0b5b,1381472983810
346,0.306569,0.0291971,0.124088,0.167883,0.0729927,0.29927,0,Bug-78c026ff-6fb3-416f-8831-8961aeccc718,1401878694787
347,0.25,0.0833333,0.25,0.0833333,0.25,0.0833333,0,Bug-b5b640b2-0f0a-4878-904b-038f6eb58408,1393722289456
348,0.0546448,0.0601093,0.437158,0.0491803,0.00546448,0.393443,2,Bug-cd5594d8-ca6e-4e44-99c4-f4e0051712de,1258658978215
349,0.00574713,0.816092,0.00574713,0.0517241,0.00574713,0.114943,1,Bug-65d53ee8-02c0-4d44-b390-c36982ea7e88,1381404240577
350,0.0192308,0.0384615,0.173077,0.173077,0.0384615,0.557692,5,Bug-cd335b9b-5abf-4a0b-8db5-9cd46005f021,1399884370172
351,0.0666667,0.0222222,0.155556,0.111111,0.0222222,0.622222,5,Bug-4da12946-ad98-442c-82f6-bcbe432ef117,1377197521000
352,0.0810811,0.189189,0.297297,0.108108,0.027027,0.297297,2,Bug-c9c95fb4-efc2-4ecb-b04a-66ebe89fafc1,1408637219245
353,0.0113636,0.0568182,0.25,0.0795455,0.181818,0.420455,5,Bug-7df46c2f-9022-4994-90bd-57ce3d65afa9,1408114079036
354,0.0909091,0.0909091,0.272727,0.0909091,0.0909091,0.363636,5,Bug-12c07e6d-f593-4374-8db9-bd557618b5bd,1378204134011
355,0.233333,0.0444444,0.0888889,0.0444444,0.0333333,0.555556,5,Bug-61cfd110-4858-4219-a77d-d8ebf92b8329,1384728401184
356,0.49,0.04,0.01,0.01,0.09,0.36,0,Bug-0abb57c4-c751-4dc2-aeff-8df7d64b401b,1405355161371
357,0.172414,0.0344828,0.137931,0.0344828,0.0689655,0.551724,5,Bug-aeceb248-c21e-4852-a5ff-fb54cce88bdd,1402907160181
358,0.0909091,0.0909091,0.0909091,0.181818,0.0909091,0.454545,5,Bug-433c8a7a-0c50-458d-837d-942d59a0197f,1410593117072
359,0.0588235,0.0588235,0.0588235,0.588235,0.0588235,0.176471,3,Bug-570121dc-8867-4037-b3fe-7f899ec263a9,1402327875000
360,0.282258,0.403226,0.120968,0.0887097,0.0967742,0.00806452,1,Bug-6124bcfd-810c-4576-b8d7-d9e529c532d4,1389109536690
361,0.05,0.05,0.15,0.05,0.1,0.6,5,Bug-6d996f07-3b2d-4ab5-bb24-915cfffbfb8a,1387460988056
362,0.0127119,0.0169492,0.0741525,0.065678,0.144068,0.686441,5,Bug-3fb9225c-8887-4b2d-96bc-ff86a9dfb060,1284491306589
363,0.106952,0.00534759,0.144385,0.0106952,0.417112,0.315508,4,Bug-5546eae8-d67a-437e-a871-cf67065e665a,1364211498832
364,0.0769231,0.615385,0.0769231,0.0769231,0.0769231,0.0769231,1,Bug-a9294457-c913-40ca-af33-aae3fa86edcb,1399515732974
365,0.0769231,0.0769231,0.0769231,0.0769231,0.0769231,0.615385,5,Bug-17e849ea-d2a1-4324-8c74-eb44b7c3275f,1392048436211
366,0.0909091,0.030303,0.181818,0.030303,0.151515,0.515152,5,Bug-bbbc63b5-43ae-4495-8486-46d579ae3083,1401910878605
367,0.015,0.015,0.89,0.025,0.03,0.025,2,Bug-d7a3ae2c-50d1-4fd9-bede-a2a710dbf73c,1390239628579
368,0.0909091,0.0909091,0.0909091,0.0909091,0.0909091,0.545455,5,Bug-2bb299c8-d19c-4b5b-af76-5180ba758691,1377517936701
369,0.137931,0.275862,0.0344828,0.0344828,0.0344828,0.482759,5,Bug-3284a088-1907-47bd-9832-bc31fb2742dd,1405414485395
370,0.170732,0.243902,0.365854,0.0243902,0.146341,0.0487805,2,Bug-603bbdbe-214b-432b-9e68-80d9430dc557,1376076164044
371,0.0833333,0.0833333,0.0833333,0.166667,0.0833333,0.5,5,Bug-409b9095-8122-48a1-902d-7f672f982f36,1395828012070
372,0.0909091,0.181818,0.0909091,0.0909091,0.0909091,0.454545,5,Bug-2ee047ce-d05d-4129-9ef6-e4544af9f8c5,1385982380644
373,0.222222,0.111111,0.111111,0.111111,0.111111,0.333333,5,Bug-8e291d95-96b1-4c9f-9610-094d9f7a94af,1385414757764
374,0.142857,0.142857,0.142857,0.142857,0.142857,0.285714,5,Bug-23244258-7824-4677-8737-c4c85618ccec,1390328281770
375,0.0117647,0.0117647,0.247059,0.0117647,0.141176,0.576471,5,Bug-61d849c5-2c80-4163-8610-d2f46a6f757a,1361654159559
376,0.186916,0.046729,0.570093,0.00934579,0.0747664,0.11215,2,Bug-740e717e-143c-4882-a294-8b76fa8d6793,1396340965122
377,0.0333333,0.0333333,0.6,0.0333333,0.2,0.1,2,Bug-aecf9150-e523-48fe-a079-c30986fe3c63,1409058445956
378,0.272727,0.181818,0.0909091,0.0909091,0.0909091,0.272727,0,Bug-d34d4ada-2453-41bd-ac36-f192e54b750e,1388429426427
379,0.111111,0.111111,0.333333,0.222222,0.111111,0.111111,2,Bug-ee8e4c27-1698-43ac-af9e-ae4b68edde9e,1384527270784
380,0.15,0.65,0.05,0.05,0.05,0.05,1,Bug-000267c0-761a-45d8-a9ea-823277312c03,1310997717715
381,0.3,0.3,0.1,0.1,0.1,0.1,0,Bug-cbd9e97c-ca2d-4dc1-96ee-3f2e723f7471,1374510406504
382,0.166667,0.0625,0.0833333,0.104167,0.0833333,0.5,5,Bug-8c2da7cf-d808-48b5-9583-d316a579bdb6,1403216576804
383,0.0294118,0.294118,0.0294118,0.0294118,0.441176,0.176471,4,Bug-a9f10d09-67a6-4719-aa6f-3f0212d7e2fa,1401466086832
384,0.0864198,0.037037,0.234568,0.0123457,0.567901,0.0617284,4,Bug-f3fc3ec2-029c-4fc9-b687-cadba30a5830,1393250162748
385,0.0105263,0.231579,0.147368,0.273684,0.0105263,0.326316,5,Bug-e7fd035b-b23a-46da-b32b-6d71cd682fea,1401087618001
386,0.0078125,0.0078125,0.382812,0.117188,0.0703125,0.414062,5,Bug-08551b42-463e-4d5c-9e79-e44558f081a4,1408004688002
387,0.0588235,0.705882,0.0588235,0.0588235,0.0588235,0.0588235,1,Bug-c7254f76-a3c9-48f5-b14e-e53157ecb97e,1393089625535
388,0.0661157,0.00826446,0.429752,0.00826446,0.421488,0.0661157,2,Bug-ec3ad5f9-ad75-49f6-9d36-9293c932e828,1406679158534
389,0.125,0.0589623,0.0801887,0.0613208,0.00235849,0.67217,5,Bug-36238591-65ef-4f07-a26d-6f2c97ef7aa1,1304292223821
390,0.0751174,0.0156495,0.43662,0.0250391,0.247261,0.200313,2,Bug-75dee8e2-6879-4a16-9818-b9b89b911ea7,1375108675052
391,0.00647249,0.239482,0.200647,0.203883,0.00323625,0.346278,5,Bug-7ab2e2a7-1c89-4b6f-83ac-483f110ef6a1,1381958428809
392,0.1375,0.0625,0.2,0.1,0.0125,0.4875,5,Bug-e879a5a3-1453-44ca-bf74-9fd2a0c6b8b1,1383691077768
393,0.1875,0.0625,0.0625,0.0625,0.0625,0.5625,5,Bug-1a8d7f1d-344c-4118-8c8e-5ff69c9d8fea,1393264070272
394,0.111111,0.111111,0.111111,0.111111,0.111111,0.444444,5,Bug-8616d158-aa37-4ca3-925f-4a65cbe050bb,1403688011833
395,0.0714286,0.0714286,0.285714,0.0714286,0.0714286,0.428571,5,Bug-1aeea039-76dc-4305-ae42-80464f2d00d1,1399554660036
396,0.147059,0.102941,0.191176,0.264706,0.0147059,0.279412,5,Bug-d7e1dfc1-f832-48a0-80cf-ab1a4c80a1e9,1394877284039
397,0.143617,0.12234,0.207447,0.132979,0.00531915,0.388298,5,Bug-04716827-0b55-4dbf-80cd-8e9ef284c977,1404393640922
398,0.0232558,0.0232558,0.534884,0.0232558,0.0232558,0.372093,2,Bug-aa23d29c-4b1a-41f1-ae46-a256aefdf83c,1371730386156
399,0.243902,0.121951,0.243902,0.146341,0.0243902,0.219512,0,Bug-e91133dc-61df-4962-91f2-88c644a21123,1404900243804
400,0.0526316,0.105263,0.105263,0.0526316,0.263158,0.421053,5,Bug-ebdfa519-d9c6-4833-b665-038eb8aade52,1384518560599
401,0.115385,0.179487,0.166667,0.0897436,0.0897436,0.358974,5,Bug-c3fa9dc9-81d0-4596-b515-a52a153feaa7,1404482225821
402,0.278481,0.0886076,0.126582,0.0126582,0.253165,0.240506,0,Bug-e75e309d-b7a7-452e-9fa1-15bb47e85555,1378953302137
403,0.0769231,0.00769231,0.2,0.0615385,0.0769231,0.576923,5,Bug-91f5b036-c65a-48bf-9689-2ce071fcf828,1410729544389
404,0.0588235,0.0470588,0.270588,0.105882,0.176471,0.341176,5,Bug-95845cd1-308e-443c-a736-d87926770b94,1376898310333
405,0.746667,0.0826667,0.0853333,0.00266667,0.0666667,0.016,0,Bug-0fb032b7-3f47-4910-a2a3-dceb45e75cec,1377065764949
406,0.112554,0.047619,0.0519481,0.012987,0.251082,0.52381,5,Bug-6f0b2525-c2e5-487f-b297-fc34ce2a3c6b,1362479726495
407,0.269231,0.153846,0.0384615,0.0384615,0.307692,0.192308,4,Bug-36acd44a-d1e8-408f-8360-ef50e0f320ea,1362149226231
408,0.150442,0.079646,0.176991,0.0973451,0.00884956,0.486726,5,Bug-dc1c7cad-0678-491f-a3fb-758b32cb980d,1382608784766
409,0.0182025,0.9124,0.0295791,0.0113766,0.0113766,0.0170648,1,Bug-7439acf0-040e-4f6a-9d78-c3f3adbfaebb,1373709806671
410,0.0277778,0.0277778,0.222222,0.0277778,0.361111,0.333333,4,Bug-221af5ed-f3c2-4ec8-a35f-c0e89ef28419,1398265825972
411,0.0526316,0.0526316,0.368421,0.0526316,0.0526316,0.421053,5,Bug-ceb60434-1d76-4596-8921-bcdae9b51767,1384353515262
412,0.0113636,0.681818,0.0227273,0.0340909,0.0113636,0.238636,1,Bug-da37c949-0f15-4155-96b1-f0a9947b69ec,1302552525716
413,0.413793,0.0344828,0.37931,0.0344828,0.0344828,0.103448,0,Bug-e272bfa4-05b5-4176-bf99-c1666393faee,1376396615318
414,0.0411523,0.0102881,0.376543,0.0123457,0.335391,0.22428,2,Bug-86cd3567-48dd-412e-b1e8-5257f02e3845,1394201144641
415,0.0909091,0.0454545,0.0454545,0.0454545,0.227273,0.545455,5,Bug-8e54a328-6ba6-4e9a-80a1-4d5698a74f69,1402523533298
416,0.0970874,0.038835,0.194175,0.00970874,0.631068,0.0291262,4,Bug-5a4de90a-268d-4251-b306-cfe2ebd0b3a8,1383333968761
417,0.123762,0.0247525,0.351485,0.0148515,0.0643564,0.420792,5,Bug-63c4eaac-e8df-4ad1-bbd2-76a4241c937d,1371650463251
