0,Bug-049ffb12-49d8-418d-8bc6-c4e145b495b8,1398427141940
2,Bug-ad14a24b-cb95-477d-9889-9444613bcaa6,1152052020000
0,Bug-263dbc11-6490-4027-a295-fe459c3fe656,1383838895872
4,Bug-1ed5e7f5-087a-4922-a42d-234b2a552d78,1379321502105
5,Bug-8d45dd6e-d170-475c-80bf-ce6cc0806fd4,1370528027418
5,Bug-8963f9d1-5998-4058-bc5f-bd4d6cd09bca,1305226815909
1,Bug-d4186fa1-c9dc-48e1-89f8-9f0324fa9949,1405425291270
1,Bug-2b1522da-ad9c-48c0-b57e-50f17369a54f,1387462718760
5,Bug-2b525bd7-4213-4414-966f-c1f11ee2dee3,1409855051989
1,Bug-f7839a4c-b21c-40fd-a929-e1aa839c9956,1397192868824
2,Bug-650aca7f-400d-4d1c-8883-e24d72460bb8,1352449545636
5,Bug-ec053330-f033-4317-821d-d79324ecca6e,1407159345670
0,Bug-76a4fe3f-fbfe-4644-96ac-0ab5de9582b4,1392369555069
2,Bug-bfa2e509-aa87-437a-bd7b-9be17475ca74,1232827121369
4,Bug-dd4494a2-08c0-4842-9fac-cf6501fa7103,1382620281799
5,Bug-e2383eb4-5e3b-48cd-a9f3-d520acf604e4,1316456536252
5,Bug-4c9c20a5-024c-464b-8d1a-db14dfb0c0b4,1410524414645
0,Bug-c85f276f-679d-456d-98d5-3b147f32b88d,1386339760871
3,Bug-f83876df-c0ab-4cda-b516-95883dbfd055,1399023443146
4,Bug-c087f8f4-07a9-42d8-8778-d1a0f79f9b96,1409567936008
5,Bug-52ba4cbd-c021-41ca-8cb3-f02e8e73f4c7,1404985517931
5,Bug-e4df8828-094f-46b1-a074-e61591d24a6a,1343114358370
2,Bug-b1bdcd2f-fa09-42d5-82d8-7f066f8ec275,1354014415131
5,Bug-891f5c9b-f511-4150-a0b0-962e940fa7ff,1340962778909
1,Bug-02222a57-0c8b-4545-af8c-2de64df71d77,1335139953508
0,Bug-a00deaef-c6c8-4e97-84d3-50d53696fc6a,1294157487573
5,Bug-1f096cae-bd39-45c9-a501-4e2ac55d13ca,1410720517882
1,Bug-5a787e16-f34d-4802-98c8-5a0806859843,1410937232561
5,Bug-a3c62849-a05d-4746-b261-948a21c67839,1405706976392
0,Bug-cdfd08fd-f25a-404e-bfae-89ed185cc4e8,1391538791530
1,Bug-11c02ad7-7e12-4726-9a2a-3f9b5d59d11b,1366033628503
3,Bug-3bab443f-f610-4f3d-b553-8ed1de9a8373,1372087774753
5,Bug-c23eea2e-f3b8-4aa4-8fe5-00798475cc36,1393364090952
5,Bug-523a918a-3081-4f31-9dca-6bee9ed8c0af,1401358328538
4,Bug-17843b69-e57d-4b18-b7f3-85e929127d30,1409938213807
1,Bug-f4ef0dd4-9468-46d3-90dd-c742c53c780b,1343663633463
0,Bug-005fbf62-9b87-421d-8840-58cf1b3463de,1346928101411
5,Bug-ea222f8e-3921-49d1-b357-22c08ba260b6,1404386713124
2,Bug-a2a693be-a8a8-4c3c-af5b-5471827c95b0,1319541089461
4,Bug-328e046b-9d63-4aff-a6b6-4a4d7d49a3e0,1397262191545
5,Bug-becd6273-be5a-4214-924b-f12ee3af72a2,1376659744585
4,Bug-410b4f9d-ef64-4fdd-9ebc-17f7410f3e9b,1406401786932
5,Bug-73fdee3c-c438-45a2-a4f0-afa351e38e12,1277424840214
2,Bug-05eab764-dc02-42bc-9d82-8ace22cea3f4,1386057310602
1,Bug-ff1f7c59-bc8d-4a00-8691-2476b52105d5,1393022317313
1,Bug-4fe2238c-65d3-4584-b76e-a796cab88c34,1390304763316
5,Bug-874b637d-3bf5-4f37-84ea-49c9dc56ebdf,1363796712454
1,Bug-e35522fc-5d43-4427-b3a0-cb39eeec5803,1246951808885
5,Bug-ac0b73fa-bd21-4505-93df-a3e3dc93abcd,1410290339359
5,Bug-1940604a-a537-4635-8a34-886ed69c0ace,1379325135623
3,Bug-7d6ebc49-3431-46cd-bb3e-477cf31950ea,1374162790996
5,Bug-bf934438-115e-4f68-ad65-4c13d7fb064c,1402644272169
4,Bug-35c6e912-82bb-4fc3-995f-2bd8d49bc5cc,1384254539929
0,Bug-a64bd058-372a-4477-98fa-7c1aed19d441,1300177868998
1,Bug-4ff3fc68-4c0b-4ac2-98eb-61825470e868,1382453721062
3,Bug-0d470493-a02c-4e32-ad10-635bc7d303b8,1395939325060
1,Bug-b3d0f1f2-d304-47f0-aa04-ebda224e6fe6,1400848811998
2,Bug-e03bd376-7c1d-4886-b4c6-c4174b2653e0,1159913040000
4,Bug-bd6ae67b-5e76-4445-9c70-9bb32a1783a0,1168969740000
1,Bug-638e6150-d1b3-429a-b766-09382f5533d1,1384175201849
5,Bug-e2c8df13-5497-4a2c-9820-be2629aa2821,1404934635382
1,Bug-213c500d-bb8f-4499-8689-b15e947ae866,1314267300604
5,Bug-4f324b68-c392-4526-8bca-9c064e8060ed,1387284737400
1,Bug-8d3264eb-7215-45a5-a1b6-1b8ad2639412,1404996903239
1,Bug-86514b76-b651-4509-82e9-cd6ffa81d58f,1397661442954
2,Bug-dae0020e-3131-460c-b4be-96f1155db3c0,1385108165830
4,Bug-67678ab4-2589-480e-b344-c535cf0782ac,1392657870018
2,Bug-030ed71f-4fbb-40e7-98ef-fc98efe47bb5,1392439032351
5,Bug-1cbfab54-84a4-40c0-a64a-27a020461d83,1393400934330
1,Bug-5ab51acc-2ada-4805-af21-e0e7a743a64a,1370169218065
3,Bug-7fb0cf47-e4d3-44f3-9435-05c0b6ba157a,1391797638649
5,Bug-17d1dd3a-5674-436a-aebe-dcfd0a488196,1390576378059
5,Bug-1110caf6-ef99-445b-8ac4-4008c25c4ea1,1381300506426
4,Bug-251926e9-0140-44ee-8bba-61174af826dd,1404315330753
2,Bug-faf3e730-8032-4620-a989-d68d4babbe47,1376327523290
2,Bug-7df5c22a-910e-4d47-864d-4f01f4e9cdb3,1391036050053
5,Bug-1827101b-8246-4301-8e4d-c85a5f285d1d,1293502233727
1,Bug-858a8a40-2734-4b53-b4a5-21b836190ec4,1288652723811
5,Bug-5c0ec774-9ae9-4942-89bd-4c3d100af8fb,1380743162974
5,Bug-57b39afc-176e-428f-8c60-f1e094c0ad00,1311702764432
3,Bug-f875ebfe-a21d-4fad-ae81-bed81e3ee3ff,1398493581631
5,Bug-530c1ed9-2e4b-4c70-a4ce-aabc0821b1ba,1390388421098
1,Bug-48452c9f-b647-4101-9750-8358aa625eed,1240943346910
5,Bug-e2924324-55ed-4a49-bc5e-71723c5ad130,1405630590085
5,Bug-4e0e55e2-32e0-4ad2-b6db-e3cba812fc3f,1147272060000
2,Bug-898efea1-1436-4090-a942-5f7648463e86,1234426147960
1,Bug-6f285f99-7637-47a6-8573-f39861f49769,1400226192845
5,Bug-4f26ec66-155f-4e2f-ab7a-6c90ee1e65bd,1257980336398
4,Bug-bd018056-6275-491b-8a62-d0943ab9f979,1368010625876
5,Bug-f3c2af11-325c-4960-a942-d04a1bb0110a,1394653660099
1,Bug-eb01e9c6-c8b1-46e4-87b6-ac1dfba811d4,1330518742939
1,Bug-5233418b-4f55-426a-b60b-76e94f97c39c,1401808451674
2,Bug-f219cf89-b06c-4c88-bcd6-74a3f4238b78,1326212734236
1,Bug-9cc6be54-e6ce-4deb-b31f-30054186c9b6,1403973635100
5,Bug-5a4175d5-f2db-4f6e-aafe-991b81b0930e,1393366429975
4,Bug-cf3554b3-9f2f-4431-b6d1-e70b6b8429c9,1400051717384
5,Bug-e6a96950-98f1-4ed1-8e63-a8a0a8f27e75,1397904102313
5,Bug-32be5ff5-5f11-41ce-9c99-d274a5f604da,1390848269037
4,Bug-20f25f70-81e0-41a2-83f3-8ee81ef83eaa,1410440570568
5,Bug-f40621a8-b8ec-485b-9508-a1feb369113a,1147349700000
5,Bug-63d16428-7208-4dee-a8ca-166663c7486b,1382390731511
0,Bug-3b2157ee-6629-4660-8eb8-52b6c10ba888,1381438540351
1,Bug-9ebd03c2-f2db-4409-ad14-7a0a9899f5f9,1386967040356
0,Bug-81e6aa60-40e1-4cdf-b168-cace07872912,1169443800000
0,Bug-f28eb315-efc8-46f7-bfed-95e4a6f80dad,1277139860573
1,Bug-24983cbe-c4ac-4153-a18a-1a8246fbc5d9,1392972991554
5,Bug-20ab78f2-8a0f-4cb3-8f61-3d761d66ecee,1306429338607
0,Bug-7387b553-ea97-4546-8c54-7d5dc45c3019,1409944051117
0,Bug-c6d3ca55-117b-4f91-8079-8bbe67690ad4,1381168704321
4,Bug-bb531a2c-c773-44ff-be9e-5334380ccb26,1328032748040
1,Bug-e5d02c0e-a8c8-4f2f-8eea-eeca83c16ab7,1372930715690
2,Bug-ea5d954f-23ba-445f-8b43-d977716e9a67,1409745747469
0,Bug-61e5f2ec-b784-498b-85be-d26c9551a87e,1402057656876
5,Bug-d389ce81-a52e-4c12-8f19-a48699bb6e1a,1392814466681
5,Bug-e8a87a40-76b2-4777-941e-f3c8050dc27b,1283958080351
1,Bug-3a3492ab-ab37-401d-a124-054d3b9b5ee2,1146132840000
3,Bug-44190024-aa2c-4e2b-845d-0c683a679b01,1391807623777
5,Bug-80280694-0c74-41d0-bf01-3fc173694f12,1405169575317
0,Bug-3b8af5fb-9f3d-4dcf-943a-efb215a09a9a,1358277104556
0,Bug-a89e8975-26c3-4a54-b570-2da071913fc7,1273524466309
1,Bug-069012ee-d9b5-410f-817a-484a09d68773,1373555762128
5,Bug-6dfde975-0b50-4cf5-b0a5-dcbbcaeef00a,1379615787388
2,Bug-d8e06490-13bc-44e0-a9f6-8bb05bda9f21,1267695760800
4,Bug-65d08f7f-f1e7-4d00-ad3d-05136ac977be,1292832304306
4,Bug-1b06cdbc-127a-469e-88c2-bb2562309864,1405414981533
3,Bug-99026e2e-ab27-42ec-8afc-c8eff7d80c7f,1402752318045
2,Bug-9cd170d6-2b6b-49e0-8abd-a7a1497ebbcc,1373986195963
0,Bug-e6296014-46db-412b-8aba-4ae50eaebacf,1168873740000
0,Bug-090484e1-fe2e-4402-aba9-cacf5298f450,1406299296956
5,Bug-fdf34edb-0c60-4a59-b67b-d212ae6e1684,1398242993079
4,Bug-276d30eb-eb90-4346-aacb-e032965e1b3a,1402576210277
5,Bug-6d398528-78a9-47f4-90b1-af749a6cc548,1399916813574
5,Bug-253934bc-203a-4151-96e1-d4b7c76209a1,1370365946431
5,Bug-6c35a628-34ac-438f-85bc-69f2f6e3e06f,1370608874572
4,Bug-78cd270e-e834-4165-8580-6abb9bdcd56a,1403109761406
1,Bug-a08298d5-f7b4-412e-acf1-df536614f3a5,1354275645757
5,Bug-d799188a-9094-493c-ae96-734396b60c07,1285700527369
5,Bug-44d6f1b5-0c4f-43ef-937e-b308e5f434c4,1409817803202
0,Bug-cf655886-f5ce-4c6b-84d1-d96362266242,1202308200000
1,Bug-472aa162-a798-4572-8172-869474f9a9fb,1395426622347
5,Bug-a1e85f58-7f7b-432f-9420-105b6bf50c23,1382022815211
1,Bug-113fd9ce-a3e0-4505-8afb-ba5f92d383c6,1139244480000
2,Bug-a18f3a5f-30ff-40a0-bdc5-21d07e6428fc,1410158373323
1,Bug-3d80f859-225f-4f60-af69-1dc95588e613,1393169540555
5,Bug-0581e7ce-7129-4978-9563-32300a891b17,1404051399003
1,Bug-51154d0c-e7c9-418a-8126-c83ba2de38b2,1350677227154
1,Bug-986e4171-55ed-45d0-b841-0c8651b920cb,1399931334081
5,Bug-16260c29-ff29-4141-8d58-d703f62b8bcd,1336132671165
0,Bug-c16da66a-8ed3-434c-9d0e-2b2559cb510b,1386801860208
5,Bug-c0964b88-3d7c-4162-8b41-dabfecfe4eb4,1388898982612
1,Bug-0337dd05-f760-4b6a-8819-b4fb000ec3eb,1378806609235
3,Bug-51948675-a36b-48e5-b611-9ca1989712aa,1355959127664
0,Bug-8fd65cc1-7568-48e1-a30a-4acee4436440,1390291515923
5,Bug-52a165d1-a1cb-4c05-94c3-6e133ca7564b,1379526931136
5,Bug-fe1aafb8-bb71-4525-8a04-06129c18e122,1287509168999
5,Bug-16e35aaf-1d82-4ee0-94fc-5185f0d52728,1392381523357
1,Bug-0163d137-2dcf-48ea-9c37-a6a23a7cc4ea,1406390940130
5,Bug-17968029-8c29-4772-96ff-3cb528e8d723,1399894472551
5,Bug-1e166618-a2df-4061-b1c5-b0c6c5f60fbf,1359991346958
0,Bug-e14066a1-dc9f-4ccd-bd30-412cade89b43,1395423975865
5,Bug-70701280-1e26-48d9-bedd-b9563422639b,1400766614175
1,Bug-a3f196d0-b37c-4b5b-82ae-1a2e1fff3697,1311611271573
1,Bug-e6e2a81d-39a0-4adf-8800-1edab3a95479,1349753223367
5,Bug-24468993-d67c-4510-8e13-cd377f5f37fd,1317723805825
3,Bug-3600441c-c5fa-4337-a1de-b001d61917ac,1397234018046
1,Bug-55da7621-b436-4c9c-8ff4-15699efc2c0e,1314647043526
5,Bug-f7e49ad6-00cf-4ef2-b4fd-597e10ee805d,1395493890826
1,Bug-f32f6e7f-5449-4138-975f-570cb3316ffb,1398433976554
1,Bug-39d1d876-7677-4ac2-b82a-213bcfdd8c90,1405683200382
0,Bug-b6642b08-2f1a-4c2f-9122-a16efddfd853,1400486695950
4,Bug-fe8e54a2-4f26-46f8-9689-8696757438de,1409690343972
1,Bug-2f8631b9-dbec-472e-b1d2-e2e6c2655c25,1310551525507
1,Bug-f83de7c0-459c-4c2e-ba71-68e544e96617,1174563300000
0,Bug-2b1b7ec3-6f2e-4878-9aa7-629ab5e6727f,1380659119910
1,Bug-6270ba6c-3c34-4434-9c23-75ca85bf49ed,1408353433573
0,Bug-df8cc043-d1a0-499b-87dd-a193f0d9ef16,1399214044136
5,Bug-5a94fde2-572a-4123-bcfe-27521a20f4d8,1395757538717
1,Bug-cde7c71a-102d-4350-926a-485501e6925a,1392610656548
5,Bug-aa364656-d9ed-41f8-9f09-95332713e849,1393075781083
0,Bug-d0893d60-cdef-43ab-b73e-e577914deef7,1396454869095
0,Bug-01a951b6-e3b6-4684-8230-27426897c952,1410431590555
4,Bug-515e8ceb-49bf-4714-8455-de6bab91dd1e,1391699337888
1,Bug-fc922a09-09ab-45d0-8f7f-7cb685e40a03,1407409509505
5,Bug-87d8c39b-aa31-4596-998a-e541ac2475ae,1311017332122
1,Bug-ca661827-ecff-4989-a6be-5f0e74e33c8e,1380044407728
5,Bug-72f37bb9-e70c-41fb-9380-60d53b88f332,1394697065015
5,Bug-95ace97a-effe-4043-9e30-ede7eaed9877,1348503601146
0,Bug-9198655e-99e8-4c10-be04-ff3d784b0641,1285163270027
5,Bug-284ba643-5e27-4019-9383-2d34dd888899,1382618723647
1,Bug-1ddd64f9-1a08-456a-86ec-33716fcd7659,1333792654505
4,Bug-42ad9d76-8be6-44f7-b6ac-d0d57ba41f68,1405679413198
1,Bug-e1f294da-3c5c-490c-adf5-59b843c3e844,1372174270493
5,Bug-e5f06a61-9014-4168-99a2-6b015ec43c79,1398767432596
5,Bug-e3abb501-a577-4d36-b124-c0ef8b80f10d,1181668980000
1,Bug-e20f3567-fee5-4b1a-81e1-b9ac1210a6c4,1273013661210
5,Bug-077b824c-0b49-4a5a-aacd-f06570abc31d,1286832891078
4,Bug-1d049569-4c7f-417f-8794-bbbd16652d4f,1391525410442
5,Bug-29795709-0c1d-4681-9895-ff9c21ab9c42,1406828353752
5,Bug-d6b38b6d-428d-43c9-acb4-3044f4a969ed,1155292080000
1,Bug-c6fc05b3-8a54-499f-9607-3deb63026a37,1374848228996
0,Bug-ae8f7a82-f397-4198-a1f6-49b2cc7d0f51,1393597752897
5,Bug-87c448d1-689b-4566-aa7d-e4f1749a1495,1363293173232
1,Bug-42080596-d60a-4fd6-a283-7cddc6a868ba,1366582282287
3,Bug-899559b0-f47f-40b9-9105-7f2a5284f944,1374231127332
4,Bug-ba643492-711f-4a4d-82c7-8512b85415dd,1390239391616
1,Bug-5f560f28-8b5c-4f2f-9e8b-8495a3e2c5c9,1395686131374
1,Bug-8b473c6e-a068-4d1e-a5d3-0b64ae5f1291,1397474666191
1,Bug-069c1118-5290-4fec-81c7-4de2483a7d78,1397412534200
4,Bug-38cebb0d-a731-4d42-9e6f-02b058e0f7b2,1405930302268
0,Bug-c1240a4f-0709-4372-9dcc-4f9faf3f7269,1246940867899
2,Bug-196d6125-7d38-4896-b333-7730c4568a17,1364302966739
5,Bug-505ff065-cf7d-498a-894f-3b924e6bd0e0,1403885309300
2,Bug-b024621c-1eed-4124-990c-fffe1f4bc3df,1391981356967
1,Bug-b830fd27-2795-4ddf-83a4-1d18c4d57004,1393343625964
5,Bug-c2c3d181-e9c1-4249-bb71-7360131b194e,1284467386623
4,Bug-8efe6bff-eb4a-4146-9282-e347e6680798,1370432184331
3,Bug-7112427e-8dfe-4264-a91f-1527979ddfee,1360224207982
1,Bug-35600deb-d69b-4cc7-a540-3229ceea4072,1274009956215
3,Bug-2f858e46-5fef-46b2-af75-1d67e9bb3799,1325892911573
2,Bug-45a0ba90-a203-40f7-869d-79647854d634,1324232271057
5,Bug-eb928710-e9a8-4f78-b74d-c48a52aca9c8,1335443463921
0,Bug-1efa2b04-c28b-4dd8-bfb2-2d36fda21cbf,1404755646869
1,Bug-d5bc6617-58e4-4a64-b9f8-e89e4a47fb3a,1407041039580
5,Bug-81498762-64e1-4e0f-8d12-e4b7718a68ca,1356653870404
3,Bug-263a2bc2-ebd0-4034-ab52-4d22bfd6f25a,1395954135126
5,Bug-0c96c1a7-dbce-4140-8107-fd46c968e3fe,1259001876378
4,Bug-70f7755b-7866-498b-a46c-a5afca603333,1389704358795
5,Bug-95575a63-8ab6-4edb-a067-4b26132fe864,1376324181628
5,Bug-6ff756cc-4fab-4da8-a951-5b5639c97802,1364510220658
3,Bug-94130005-1dc1-48aa-bf0a-96dc62764621,1397618503840
3,Bug-a6491ac2-c1a2-491c-a670-b5b156958158,1391120594475
4,Bug-8ec28840-c5b6-4f86-b0cf-16ac381a918a,1388699731591
2,Bug-c90b66c9-9315-4869-bd7b-5355a83a23ce,1381164206538
1,Bug-9559c203-5adf-4654-a353-53d8e54416e6,1303821197004
5,Bug-5df9a29c-23e1-40e0-812c-faa397e8bf41,1399033830553
3,Bug-db2f1c62-51ca-4ea4-ae3c-dc2f7a942cc8,1294396118265
0,Bug-ffbce791-9220-46b3-ba6f-bbc5d21f9a0a,1401919022923
1,Bug-5e2f13f2-5184-47ab-9c36-ad4305b5df30,1391787914987
1,Bug-201bb422-65e0-4678-8da0-bea8ae4614a3,1349787099274
3,Bug-30245964-fe0b-4fe0-8e27-f63255832340,1371470333311
2,Bug-27e8418f-54a9-43d4-af3f-83c6fae0cacc,1378290438117
5,Bug-59950c80-a452-433e-8894-0d90ee26848f,1392148094747
5,Bug-f1a67581-5b45-4b6f-a211-d275980b7095,1400742737495
5,Bug-9d951a91-ebb8-4663-b43b-59b424030f06,1404307349905
2,Bug-382c1ad4-9a65-4cf3-bb8f-d467f2e0c9c3,1395712338561
5,Bug-628fafe4-62b9-4549-9c62-f7e627cd42d8,1397595168314
2,Bug-74bacf24-4f94-42af-97ce-fadddc79edee,1285789750131
1,Bug-b676df13-6ae0-443d-93fc-a5291d79b6b2,1400550683758
4,Bug-3a7846e6-5f24-4784-99df-2d41713d6dfb,1238679885206
1,Bug-9200ff82-b007-4bcb-aa7e-474f5a424d44,1410767615403
5,Bug-5323c654-f35a-4b48-9b1f-f9b86921dc44,1371029509244
5,Bug-f757efab-3940-4515-bba3-fa46b7f574b5,1408352637944
2,Bug-dd471c9b-6675-43b8-8a3f-0c58863569ae,1148651700000
5,Bug-56f6cdb4-665f-4838-93d7-536863767882,1404932795985
5,Bug-b4ac99a2-4e17-49a5-8cfb-bc28d456bb3d,1176222420000
5,Bug-a0d26e76-17bf-4a81-8932-2b6a757c5a24,1319740740500
4,Bug-c2694684-d86d-406f-9312-ee4ae9d60bb6,1401440881981
5,Bug-11040c4f-a9c6-49b5-a2e4-939b6fac8c24,1404333713061
1,Bug-5ee6428a-aefb-4c79-9b10-88ff4f0cc39d,1359475826606
5,Bug-8b33c7f8-06c4-4959-832c-6dd713185e98,1398202759034
5,Bug-05d4015a-f61d-4557-a816-fd3b8f2e2436,1403552092931
1,Bug-908d84b4-650c-4876-a347-590ef486e426,1397063175877
3,Bug-4b0f8639-d771-44fb-96de-791e1d32ab34,1386254062820
3,Bug-fc12bf28-5a31-4ac9-b5ac-69f609eb352c,1308895974383
1,Bug-00d7cf86-1e19-489c-a525-b120a2242402,1409486669654
0,Bug-8a66332b-dde0-49b9-a27e-3d329fad4b3e,1266179028825
1,Bug-117b2b4d-95ff-4b35-8e59-0c15dbd0bd12,1385516051677
2,Bug-3b1bd65d-096d-4bea-a891-1f647e63113a,1394232441159
5,Bug-9b887599-2e70-4e44-9dbb-05ff82e673da,1394220240936
3,Bug-ea1a5b90-87c5-4f46-99fd-71b748c349ee,1410519215707
5,Bug-99768fad-3d56-486e-81bb-f43f192b7980,1408972190870
1,Bug-fa1a4ce5-2d0d-465d-905b-e1fc14bd9308,1399722043920
1,Bug-8b711d14-37e6-4212-81a5-c41327832650,1138573740000
4,Bug-c6a138de-711f-4593-8f2f-c23f6eedf8db,1405620125650
1,Bug-aba4a734-8d0b-4b87-8054-803805796753,1274008651019
1,Bug-ffbdc719-37e8-4c4c-a60e-6f470e1f93ff,1337185880860
5,Bug-12f0aa49-aa87-4f7b-90e7-5bead0e74ee1,1391618326693
5,Bug-fce6bef6-e52b-45db-9790-9337a3798795,1400604475834
0,Bug-43cefb36-4238-4a06-a64a-016a6b9514bd,1398330314286
1,Bug-2264b773-487e-4465-8aae-60576daa333c,1279876030050
3,Bug-389dad20-8512-4a1b-bdcb-f2721224ab10,1294834103628
4,Bug-698abd3a-9e5d-4dec-8423-794168875428,1199675220000
5,Bug-a0f479d1-b645-413a-a3e2-7b7a787ebd45,1407854333205
4,Bug-329ccb3e-b967-4b4a-a4a9-17d8ccb520d7,1294136911529
5,Bug-f9fc69b7-b194-4aa1-a705-3c07db2b37b3,1392905982451
0,Bug-108328aa-fd28-4bff-b150-f55b6d82a158,1317137035883
5,Bug-5d337444-d8bf-4dda-8419-c799c51dd8c7,1394226016327
1,Bug-14ffdfc0-7210-46b3-a387-6b77a4fc2016,1345488281262
4,Bug-01e712d8-1feb-42f2-a350-bc1d2feb6b8a,1402330825259
5,Bug-792f473f-3cdc-4fc1-9251-d8132678a598,1408898550468
1,Bug-a3cccefe-d641-4da1-b9c7-ad968c07eec6,1401293269896
3,Bug-4b60b38e-c88c-4b89-ad8b-8d4e2a4264d7,1408323642332
5,Bug-4b9ee793-980c-433f-b773-44c6c63ee4a2,1401789967889
0,Bug-995a8d9b-1bb4-4b20-8e16-dafdbb1ca4fa,1291712161841
0,Bug-5ec90402-98c4-4fe5-8604-e1f4c34b14d3,1334471092110
5,Bug-03fef785-0467-400f-97fb-1ed6756e225c,1386596574248
5,Bug-d7aa3a23-0385-40fc-a5f2-7941cefe4950,1399032743001
4,Bug-1e18fbeb-3765-4aab-9e6e-aa52497cfef0,1312988016505
5,Bug-39e5b072-50d7-4774-85dd-4c1282350281,1401117268657
5,Bug-34c02f22-b3fb-4070-b6d8-44bc405246cc,1383762798309
3,Bug-7aea1325-03d8-449a-9519-217721d1d77b,1406197831839
5,Bug-161ef859-3f5c-4132-adb1-758bb603d2d1,1390062217436
0,Bug-975e8548-b237-43b0-b263-f95483881256,1405773945745
5,Bug-acaf1a69-853b-4f15-9af3-d5f3fb0b5741,1272586666169
5,Bug-8e2eccf4-9237-4fbc-9869-c7c59f9cf4af,1332742657703
1,Bug-7ad0fcda-bcbd-46c5-bb86-47094c83780e,1371726276033
4,Bug-339f106b-896e-4a8f-a411-72be39553956,1372462136992
5,Bug-b30c6aa2-71eb-4280-9eab-f02b55679ef5,1382377461189
1,Bug-5af1b9c0-33ba-4f5c-b738-919ac13f7ba0,1399095403084
1,Bug-dcf6a315-1e54-4e9f-b1ff-94b5259df16c,1407159688787
5,Bug-991dfe1d-d854-46f7-8320-28a42a699bfb,1252682269041
5,Bug-e9a55264-ae77-491d-ab3b-2d5ee18c771b,1363001914203
5,Bug-7550a6ff-ca31-4367-a41f-5b9b0e35b1a6,1372373393115
1,Bug-fe8b9b90-b6b5-43e8-a104-3b54b905e417,1403813652773
5,Bug-2bbbef16-c785-467b-a5b1-aa4ea358b4f1,1391370323541
4,Bug-033c56fd-2c04-418c-9656-769feb821ccc,1369225656862
5,Bug-cc66304a-647d-4ba2-9a53-17ce25248d85,1405611814343
1,Bug-ce85415a-6a5d-429c-bff4-1bffb5a248f1,1403372137590
0,Bug-151a5b93-dfec-403a-a168-8e6e8e7b9c37,1404488479465
1,Bug-b2406f61-3e69-4c76-81e1-916f3279805c,1387811401069
5,Bug-6277101f-fd93-43af-a341-f02cf14cc17e,1383063555613
1,Bug-e26d7ce2-3844-49dc-a97b-b00f5cdbf581,1407371531789
5,Bug-10d27061-a779-4db0-842c-b9562a087815,1405700165785
1,Bug-f8def742-2eab-4a63-8e21-58d7db64be66,1299340328944
5,Bug-bba6e080-59d2-4cc1-be6c-de33785c571b,1379683502551
0,Bug-42fdaeed-9fae-4f25-a82f-ee82d405c38c,1360866825202
5,Bug-0f84e91a-25e7-46b2-a461-3bf4a0b2fa88,1406107938257
1,Bug-685f8db1-d830-4aee-9738-6761fde5f133,1407011584413
1,Bug-36cd72c0-a065-43a2-8a53-c83ef4fbfeba,1333749753958
1,Bug-cf105825-56a9-4b1e-82b3-6db877160eaf,1409410615077
1,Bug-e9365e84-b2c6-4e54-bade-822188ce17cb,1388833954942
5,Bug-4fd20c97-54a4-4bc5-85ba-7ba8baa4119c,1404445260966
5,Bug-cfcfc672-2d20-401d-a2bd-4d96e36db6e5,1410164477855
1,Bug-eedd0839-29e0-4f2b-824f-d79528c559f5,1392125706028
5,Bug-e7b4c28f-77eb-45f9-962c-7f197f2269e4,1372702902663
3,Bug-364f7694-5e96-4b52-b270-984bb303d752,1386367268602
1,Bug-2e4258df-e7d7-4f10-be1a-d720ba51a055,1369238810908
1,Bug-8d49c64f-368e-4d35-bad6-253e1ec74b6c,1393755478870
0,Bug-64feec4b-11da-4e5b-a3a6-e9de5c9b817b,1389174727797
4,Bug-554bf149-3599-4f02-8058-5b90b0bd8f5a,1381766399501
1,Bug-59326ba9-ee88-447e-a0ae-06be28a164c7,1370756768821
5,Bug-ecf385fa-90a0-484d-b4e8-d5c4cdbd3042,1279315654868
0,Bug-656f0944-46db-4928-b2dd-e615ea07a434,1385460940206
5,Bug-376f00af-52af-42c9-a0ff-e1e7124e6bff,1374055435758
5,Bug-70eef6b5-5483-4967-8d29-bbbc754ca5bf,1409216988809
5,Bug-92c8df08-bd6c-41a8-aa44-81de7a6a330f,1409264088656
4,Bug-275c7aff-a368-4208-9f02-525454ef7ca9,1337866626182
5,Bug-56b82c23-5c81-46a7-b5c1-34ed579943c2,1196111280000
5,Bug-b4c5a6aa-6760-4eeb-864a-d3d8b789dfc9,1366662166223
2,Bug-d8ff9ddc-d4cc-49de-b172-87c33ea3ebda,1404314586585
4,Bug-15b72be5-0e81-4314-9e85-ab3e521b7b2a,1406212194652
3,Bug-b35e21b9-0917-4ba1-8b70-48cc0bf06b86,1390804783620
4,Bug-a2632993-7683-4dfe-a442-c0442abad1e0,1407777196336
1,Bug-8a78696d-3fc1-4f6d-96e3-5d2eebb3f0c0,1333402313114
1,Bug-08b09943-031d-40c7-bdaa-383c90e2ff5e,1283345484888
3,Bug-31ba4109-26bf-4a48-8fe1-285c4a10449d,1372457500946
1,Bug-322473e9-136a-4912-bce3-b0a00318d91c,1386111859969
4,Bug-9d9fcd0d-0a77-441d-b6ad-d4d6485df8d9,1348221260484
1,Bug-a3aeff28-11fb-4149-81a9-b692ed662e79,1401867984783
5,Bug-16326a0f-3eac-481c-bf44-4c8f80f54018,1383617095548
5,Bug-2ca66904-1837-4256-aaf4-fd4b742b5d00,1349905427359
5,Bug-52843081-1e3b-4a83-96c8-f17427d64923,1369903014616
4,Bug-1012fce2-d997-447b-b3e5-38a34479178f,1382990640242
5,Bug-c382957a-205c-4b04-a037-abeda2d5ebe7,1399381298990
1,Bug-d9ff6f15-13dc-440d-849c-79da6dab58cf,1402562649338
5,Bug-2da13133-e429-49ec-8c53-779c0611ef07,1397564453585
0,Bug-cf9fb4dd-9b25-472f-9961-238b53a56a8d,1399680943061
3,Bug-e4b67601-8c5f-4eba-93ce-442e81f3a2c3,1403885306176
5,Bug-6fd9fe7d-c28b-4e63-8c62-efcd5be7e810,1387551987062
5,Bug-447c2b2d-24fc-4251-ad71-4c6c49778f6c,1399499235018
1,Bug-3abf7cdd-b0cb-48f6-b487-1e98db2f5e87,1409782585670
0,Bug-c22d881e-a32d-470e-a3a0-da924db0e1bd,1390587736737
0,Bug-d942f476-d262-48f1-9ce1-771a0adb179d,1405936555370
5,Bug-86008c24-b657-4c0c-bfdf-44360f2cb422,1387282848173
2,Bug-7193ac5d-4fec-427f-a3cc-3c8a66b3521d,1406211370563
5,Bug-13c70b71-07e9-441b-870d-20477b1617a7,1392230431303
4,Bug-19d4db0d-f01b-4e25-a9e0-c9cb655b9a8c,1384341644993
5,Bug-467d83ea-208a-4d64-931a-66eee0791aea,1393432676826
1,Bug-0a727cf1-a4f0-4bb6-abbc-e0fe613c681a,1334592918170
5,Bug-320ccf4a-ab91-49e9-8791-65701ba3d9c5,1283568783128
4,Bug-7a24c750-830d-4612-88cb-f1bb655fefcf,1328190099133
1,Bug-32a4fb9f-092c-490a-a582-3585bdf04f73,1401912299422
0,Bug-b2f048d4-5f49-4cd2-9051-10c83765e9ff,1405848214241
3,Bug-fbd6ff7a-2db5-42a3-9aa2-07eea1468f3d,1392053246667
0,Bug-680f6723-9479-46ee-8069-767e8c4c70b5,1409748558872
5,Bug-46d38775-db11-479a-961e-94e2f8eda600,1358834769179
1,Bug-25191a57-5212-4e0e-8242-fd37900e1eb3,1378362303292
4,Bug-c62d993c-d65a-4c10-a3b5-414a864f50a7,1398365270321
2,Bug-dacdcb13-51be-4734-b70d-eaa4c076a580,1407774705948
1,Bug-86d0f389-bd37-4eb3-b27e-5dd717f08ebe,1401107773895
4,Bug-60e6d982-926e-4b48-8811-4a582d1b3944,1374567663982
5,Bug-2ff94b56-a842-4a17-b693-56d9ff1e5c9f,1311017156644
5,Bug-0227bc08-a8b4-4172-beda-f3b3c99a2a17,1409057199474
5,Bug-5c37aafc-fb75-474b-a738-d4e5d546be7d,1388739704205
0,Bug-7f801587-8b10-4680-a917-b553df7aaee7,1404657526365
1,Bug-1bf223f9-26b7-402e-a773-73e4e018d9e4,1391421076015
0,Bug-ac2b1c29-376c-4849-bd3a-432c520522fe,1404379725460
2,Bug-f22b45ba-746f-4d72-a8e1-39af92b01e42,1126479240000
0,Bug-75fe6084-5356-4505-ad01-9a539d8cd6c4,1316783638777
5,Bug-c27aa392-d043-4978-a74e-78da911a34bd,1404827488482
1,Bug-7acb148f-96c2-4d1f-b5e4-719560c651b8,1370441294269
1,Bug-efb1c334-c0a4-4259-9210-c038f0e6c3c6,1391627631985
1,Bug-3c3bcb35-ba2d-42ba-8d9b-4f4d4d78b707,1371511022018
5,Bug-51966c22-9527-4895-8cf5-048ffb591aa2,1406110811057
3,Bug-98333bb4-a419-48ab-8380-c142ec5a52ba,1404385838298
1,Bug-d5c18bb8-848b-4bd3-816a-040389970c97,1234981540211
1,Bug-ccc618e3-60c3-4ee5-941b-2087793fde21,1399411001787
1,Bug-adb5ad6e-a398-43c1-87da-8e213723a429,1398948927452
1,Bug-a5e5e4c0-a3c4-4173-9eda-7f89b5dd1c7a,1391631637159
0,Bug-fc535209-91fb-4209-b7a2-e673f8c97d52,1245680943987
4,Bug-3b8c3309-d1e1-4002-becd-f0b307b21324,1392917571608
5,Bug-b29b00f9-71e7-489c-abd4-0f98e3d8bc30,1402660677025
5,Bug-9a9181fd-7a57-454b-8568-8b912a640f42,1407234495260
1,Bug-dcc9ffed-3b88-4e16-82c7-8c6baf23bc94,1408200190835
0,Bug-fbcbcb2e-d42e-4b3b-9c33-5503cbc732cb,1295477517121
4,Bug-cea61868-6011-481b-bd6c-f244a25136d0,1313160013167
1,Bug-0aead3c1-c77b-4868-9713-f8422d05dbf1,1399972362566
4,Bug-9c6c15bf-0200-4f4a-be01-9f5d52eecf22,1392928732623
1,Bug-088ece64-c8cc-4745-9d4b-826612229de7,1404330476119
0,Bug-c66667c8-fd27-42d8-9e79-a0821eb87a87,1367347439652
1,Bug-42211071-5670-4745-aa98-88fa95a6bdef,1320946290743
5,Bug-6798f4b2-20d2-43e2-8978-dabee228af00,1382611771082
4,Bug-d84d1ce3-99ef-4ac3-980c-67f5cb007047,1394198690535
5,Bug-e754d486-bf24-448c-90ea-c2ad7dc34865,1389482770331
4,Bug-bdf5a00e-0533-47de-a86e-c0f057aba1c0,1393254285478
1,Bug-997dc112-077c-4e04-adec-710202cfadb3,1392729853596
0,Bug-cc880c16-2353-4a37-9dd1-94b893b7c47b,1380804710388
5,Bug-435ebad9-809a-40e5-8985-9ee801b89bdb,1388762716294
5,Bug-e43f6e7c-dfc2-49e5-9b39-04ac1a16e8db,1410029577706
1,Bug-9c70694e-d833-4def-8657-47347b808968,1217872756751
5,Bug-0bde0867-2dcb-472c-a18f-04974f0d178e,1394602221005
5,Bug-ed461fb9-95e7-4c58-929e-0f6669138a8b,1377591365779
1,Bug-6fea55bf-80fd-4962-847f-3ed60f415df1,1369851824960
0,Bug-91a87b7f-15b2-461d-98b5-f641e2b97ead,1364482167903
0,Bug-5f5f31b0-ee3a-49fb-b0ca-92c39fa3e17c,1150295820000
1,Bug-4a6ff266-8c79-4351-90fa-4b106475bc45,1275519467220
1,Bug-8463c4fe-41c3-4b34-9c3d-fe53b1f69ee5,1370878588022
0,Bug-e3ead7fa-6576-462f-8174-ae2782562cfd,1409160865609
4,Bug-16674a63-90b0-407d-a866-8fa186c4b97d,1398183497692
1,Bug-c44e8797-056b-4227-8a26-4b147d797fc8,1410846275742
1,Bug-235d8eea-9431-475f-91d9-37c6e4bc89a7,1390427198419
3,Bug-7ceb55c8-925e-49b0-a012-47577f68ba8f,1389822929619
1,Bug-4564220e-ec50-44c6-bd64-452804e33999,1380642625115
5,Bug-42e2407d-8ec6-4713-acf0-c905887be0d4,1399379157865
5,Bug-b813ad0e-7a4c-4f41-b061-03ad37c2ea95,1393828267999
1,Bug-2c370dc0-12d5-49da-8aec-1365ab0791d4,1373894995791
5,Bug-33c14014-fe67-4aaa-bb83-db244b67fd91,1386513867930
5,Bug-16686c1a-afc4-42cc-a6ef-551ef5295248,1392324299355
5,Bug-281fb9c2-2fe8-499e-87eb-b7d444d9ff04,1147097100000
1,Bug-4c9cea90-c964-4bdc-acea-72d738b28838,1404024950956
5,Bug-22353139-c22e-41c9-b8b5-cc289c139989,1188799020000
1,Bug-4b293607-ccb6-4c49-9eaa-fef0c44b479e,1403798009122
5,Bug-c4b9ecf8-a202-4714-bc2f-70df802086b8,1375783522393
0,Bug-60d4ee4f-a645-4bf1-bfcc-894f36ff2d01,1310004101470
3,Bug-e188d79c-48d8-4aee-a35f-84f67265a352,1396459964612
1,Bug-c19c813e-db51-4d58-97ef-51f9d921943c,1410164050647
1,Bug-810bd34f-9b09-446c-84e1-028757f1c2c6,1394734273340
5,Bug-d48164b3-3a05-49c1-9b8c-75fc9631256c,1138316580000
5,Bug-92d20387-9b92-405d-a460-a197fe3e0c5c,1370609698145
5,Bug-c3d438ae-5884-41e7-9065-75df9ded1cf0,1400232434133
2,Bug-bfcf50d6-642d-4da0-b5c2-01d75073d9f2,1403900910439
5,Bug-38872455-c717-46e1-9d2f-05c32489651f,1337435164106
1,Bug-0821d085-eaea-4a60-b7bb-c4cffcd561c7,1405501954525
4,Bug-c8b3167f-be26-4b62-bff7-d10529552715,1375971060926
