1,0.0833333,0.583333,0.0833333,0.0833333,0.0833333,0.0833333
2,0.0333333,0.166667,0.233333,0.333333,0.15,0.0833333
3,0.05,0.75,0.05,0.05,0.05,0.05
4,0.0555556,0.722222,0.0555556,0.0555556,0.0555556,0.0555556
5,0.0833333,0.0833333,0.25,0.0833333,0.0833333,0.416667
6,0.0106383,0.755319,0.0531915,0.0744681,0.0106383,0.0957447
7,0.0909091,0.272727,0.0909091,0.0909091,0.0909091,0.363636
8,0.05,0.0166667,0.25,0.283333,0.116667,0.283333
9,0.184211,0.421053,0.131579,0.0263158,0.0263158,0.210526
10,0.026087,0.295652,0.243478,0.0521739,0.165217,0.217391
11,0.0666667,0.666667,0.0666667,0.0666667,0.0666667,0.0666667
12,0.0606061,0.439394,0.0606061,0.287879,0.0757576,0.0757576
13,0.04,0.64,0.04,0.2,0.04,0.04
14,0.0543478,0.0217391,0.076087,0.5,0.0108696,0.336957
15,0.191489,0.0212766,0.638298,0.0212766,0.0212766,0.106383
16,0.0357143,0.821429,0.0357143,0.0357143,0.0357143,0.0357143
17,0.153846,0.230769,0.153846,0.230769,0.0769231,0.153846
18,0.05,0.5,0.05,0.05,0.05,0.3
19,0.027027,0.243243,0.378378,0.027027,0.027027,0.297297
20,0.0606061,0.242424,0.212121,0.030303,0.030303,0.424242
21,0.0625,0.6875,0.0625,0.0625,0.0625,0.0625
22,0.142857,0.142857,0.142857,0.142857,0.142857,0.285714
23,0.0666667,0.666667,0.0666667,0.0666667,0.0666667,0.0666667
24,0.0277778,0.0277778,0.388889,0.0555556,0.166667,0.333333
25,0.0833333,0.0416667,0.75,0.0416667,0.0416667,0.0416667
26,0.176471,0.0588235,0.411765,0.117647,0.117647,0.117647
27,0.117647,0.470588,0.235294,0.0588235,0.0588235,0.0588235
28,0.0714286,0.642857,0.0714286,0.0714286,0.0714286,0.0714286
29,0.0294118,0.264706,0.0294118,0.0294118,0.0294118,0.617647
30,0.0178571,0.696429,0.0178571,0.107143,0.0178571,0.142857
31,0.09375,0.46875,0.03125,0.03125,0.03125,0.34375
32,0.04,0.6,0.2,0.04,0.04,0.08
33,0.0212766,0.148936,0.510638,0.0425532,0.0212766,0.255319
34,0.0625,0.6875,0.0625,0.0625,0.0625,0.0625
35,0.0357143,0.821429,0.0357143,0.0357143,0.0357143,0.0357143
36,0.156627,0.060241,0.439759,0.0542169,0.0060241,0.283133
37,0.411765,0.0882353,0.0882353,0.0588235,0.323529,0.0294118
38,0.030303,0.424242,0.151515,0.030303,0.151515,0.212121
39,0.0232558,0.604651,0.0232558,0.186047,0.0232558,0.139535
40,0.0384615,0.5,0.307692,0.0384615,0.0384615,0.0769231
41,0.0285714,0.2,0.0285714,0.0285714,0.0285714,0.685714
42,0.0217391,0.282609,0.5,0.0652174,0.0217391,0.108696
43,0.0555556,0.722222,0.0555556,0.0555556,0.0555556,0.0555556
44,0.0344828,0.793103,0.0344828,0.0344828,0.0344828,0.0689655
45,0.0555556,0.222222,0.166667,0.111111,0.0555556,0.388889
46,0.0201342,0.00671141,0.275168,0.0671141,0.107383,0.52349
47,0.0909091,0.272727,0.272727,0.0909091,0.0909091,0.181818
48,0.0714286,0.642857,0.0714286,0.0714286,0.0714286,0.0714286
49,0.0434783,0.782609,0.0434783,0.0434783,0.0434783,0.0434783
50,0.125,0.125,0.375,0.125,0.125,0.125
51,0.142857,0.142857,0.285714,0.142857,0.142857,0.142857
52,0.1,0.05,0.15,0.15,0.05,0.5
53,0.0416667,0.0833333,0.125,0.125,0.0416667,0.583333
54,0.0952381,0.761905,0.0714286,0.0238095,0.0238095,0.0238095
55,0.0895522,0.00746269,0.164179,0.455224,0.0373134,0.246269
56,0.025,0.625,0.075,0.025,0.025,0.225
57,0.0185185,0.481481,0.351852,0.0185185,0.0185185,0.111111
58,0.3625,0.2875,0.2875,0.04375,0.00625,0.0125
59,0.0909091,0.545455,0.0909091,0.0909091,0.0909091,0.0909091
60,0.0666667,0.133333,0.4,0.266667,0.0666667,0.0666667
61,0.142857,0.285714,0.142857,0.142857,0.142857,0.142857
62,0.125,0.25,0.25,0.125,0.125,0.125
63,0.030303,0.393939,0.212121,0.242424,0.030303,0.0909091
64,0.275229,0.137615,0.0183486,0.00917431,0.00917431,0.550459
65,0.030303,0.757576,0.121212,0.030303,0.030303,0.030303
66,0.900826,0.0123967,0.0206612,0.0123967,0.0495868,0.00413223
67,0.0833333,0.583333,0.0833333,0.0833333,0.0833333,0.0833333
68,0.0833333,0.583333,0.0833333,0.0833333,0.0833333,0.0833333
69,0.1,0.4,0.1,0.1,0.1,0.2
70,0.0333333,0.8,0.0333333,0.0333333,0.0333333,0.0666667
71,0.0625,0.6875,0.0625,0.0625,0.0625,0.0625
72,0.0075188,0.180451,0.172932,0.037594,0.0451128,0.556391
73,0.148148,0.037037,0.111111,0.037037,0.037037,0.62963
74,0.01,0.75,0.01,0.07,0.01,0.15
75,0.0909091,0.545455,0.0909091,0.0909091,0.0909091,0.0909091
76,0.133333,0.1,0.0333333,0.4,0.0333333,0.3
77,0.03125,0.75,0.03125,0.03125,0.03125,0.125
78,0.0181818,0.490909,0.309091,0.0181818,0.0181818,0.145455
79,0.119403,0.0149254,0.472637,0.104478,0.268657,0.0199005
80,0.0666667,0.666667,0.0666667,0.0666667,0.0666667,0.0666667
81,0.2,0.3,0.1,0.1,0.1,0.2
82,0.111111,0.047619,0.619048,0.015873,0.031746,0.174603
83,0.0357143,0.821429,0.0357143,0.0357143,0.0357143,0.0357143
84,0.0625,0.3125,0.0625,0.0625,0.4375,0.0625
85,0.03125,0.53125,0.21875,0.03125,0.03125,0.15625
86,0.0833333,0.583333,0.0833333,0.0833333,0.0833333,0.0833333
87,0.0625,0.125,0.3125,0.0625,0.0625,0.375
88,0.196429,0.0357143,0.0357143,0.517857,0.142857,0.0714286
89,0.222222,0.111111,0.333333,0.111111,0.111111,0.111111
90,0.0384615,0.0384615,0.384615,0.0384615,0.0384615,0.461538
91,0.0833333,0.416667,0.0833333,0.0833333,0.0833333,0.25
92,0.0121951,0.292683,0.207317,0.0731707,0.0365854,0.378049
93,0.125,0.25,0.25,0.125,0.125,0.125
94,0.0588235,0.705882,0.0588235,0.0588235,0.0588235,0.0588235
95,0.442308,0.00274725,0.0796703,0.0961538,0.368132,0.010989
96,0.0625,0.6875,0.0625,0.0625,0.0625,0.0625
97,0.0357143,0.821429,0.0357143,0.0357143,0.0357143,0.0357143
98,0.00980392,0.137255,0.581699,0.0882353,0.0294118,0.153595
99,0.0188679,0.301887,0.150943,0.264151,0.0566038,0.207547
100,0.0909091,0.0909091,0.181818,0.0909091,0.0909091,0.454545
101,0.0243902,0.0487805,0.341463,0.195122,0.0243902,0.365854
102,0.0262009,0.0895197,0.368996,0.0174672,0.342795,0.155022
103,0.0357143,0.821429,0.0357143,0.0357143,0.0357143,0.0357143
104,0.0344828,0.0344828,0.275862,0.103448,0.0344828,0.517241
105,0.147059,0.676471,0.0294118,0.0294118,0.0294118,0.0882353
106,0.0769231,0.615385,0.0769231,0.0769231,0.0769231,0.0769231
107,0.0714286,0.642857,0.0714286,0.0714286,0.0714286,0.0714286
108,0.0592593,0.0222222,0.481481,0.0888889,0.0148148,0.333333
109,0.420213,0.00531915,0.0265957,0.303191,0.239362,0.00531915
110,0.0212766,0.574468,0.255319,0.0212766,0.0212766,0.106383
111,0.0828729,0.0718232,0.414365,0.104972,0.0828729,0.243094
112,0.0454545,0.772727,0.0454545,0.0454545,0.0454545,0.0454545
113,0.0181818,0.636364,0.272727,0.0181818,0.0181818,0.0363636
114,0.0555556,0.722222,0.0555556,0.0555556,0.0555556,0.0555556
115,0.257143,0.0571429,0.371429,0.257143,0.0285714,0.0285714
116,0.0166667,0.216667,0.0833333,0.0166667,0.65,0.0166667
117,0.0526316,0.578947,0.210526,0.0526316,0.0526316,0.0526316
118,0.0327869,0.0163934,0.147541,0.114754,0.196721,0.491803
119,0.0769231,0.0769231,0.538462,0.153846,0.0769231,0.0769231
120,0.05,0.75,0.05,0.05,0.05,0.05
121,0.0172414,0.758621,0.137931,0.0172414,0.0172414,0.0517241
122,0.0833333,0.583333,0.0833333,0.0833333,0.0833333,0.0833333
123,0.0555556,0.722222,0.0555556,0.0555556,0.0555556,0.0555556
124,0.0625,0.6875,0.0625,0.0625,0.0625,0.0625
125,0.429752,0.206612,0.198347,0.00826446,0.00826446,0.14876
126,0.08,0.02,0.08,0.76,0.02,0.04
127,0.0769231,0.615385,0.0769231,0.0769231,0.0769231,0.0769231
128,0.0384615,0.807692,0.0384615,0.0384615,0.0384615,0.0384615
129,0.0153846,0.769231,0.0153846,0.0461538,0.0153846,0.138462
130,0.0588235,0.705882,0.0588235,0.0588235,0.0588235,0.0588235
131,0.0384615,0.0384615,0.0769231,0.269231,0.0384615,0.538462
132,0.111111,0.111111,0.444444,0.111111,0.111111,0.111111
133,0.0909091,0.545455,0.0909091,0.0909091,0.0909091,0.0909091
134,0.2,0.05,0.1,0.15,0.05,0.45
135,0.0212766,0.0851064,0.361702,0.106383,0.0212766,0.404255
136,0.1,0.1,0.4,0.1,0.1,0.2
137,0.05,0.1,0.2,0.05,0.05,0.55
138,0.0384615,0.0384615,0.384615,0.0769231,0.0769231,0.384615
139,0.0769231,0.615385,0.0769231,0.0769231,0.0769231,0.0769231
140,0.0434783,0.0434783,0.173913,0.304348,0.0434783,0.391304
141,0.181818,0.0454545,0.0909091,0.545455,0.0454545,0.0909091
142,0.0119048,0.488095,0.0119048,0.130952,0.0238095,0.333333
143,0.1,0.12,0.16,0.12,0.45,0.05
144,0.0408163,0.0204082,0.397959,0.132653,0.234694,0.173469
145,0.00471698,0.0801887,0.226415,0.0613208,0.254717,0.372642
146,0.030303,0.727273,0.151515,0.030303,0.030303,0.030303
147,0.0227273,0.5,0.340909,0.0227273,0.0227273,0.0909091
148,0.0869565,0.0217391,0.597826,0.0978261,0.0108696,0.184783
149,0.0922509,0.00369004,0.0516605,0.826568,0.00369004,0.0221402
150,0.00877193,0.192982,0.622807,0.105263,0.0175439,0.0526316
151,0.0833333,0.583333,0.0833333,0.0833333,0.0833333,0.0833333
152,0.27907,0.162791,0.0465116,0.0232558,0.0465116,0.44186
153,0.0357143,0.392857,0.0714286,0.0357143,0.0357143,0.428571
154,0.0769231,0.615385,0.0769231,0.0769231,0.0769231,0.0769231
155,0.130435,0.0434783,0.173913,0.0434783,0.0434783,0.565217
156,0.0625,0.6875,0.0625,0.0625,0.0625,0.0625
157,0.027027,0.459459,0.189189,0.243243,0.027027,0.0540541
158,0.0769231,0.0769231,0.230769,0.230769,0.153846,0.230769
159,0.225806,0.451613,0.0645161,0.129032,0.0322581,0.0967742
160,0.025641,0.0512821,0.205128,0.102564,0.025641,0.589744
161,0.0555556,0.0555556,0.222222,0.0555556,0.0555556,0.555556
162,0.0227273,0.545455,0.0227273,0.204545,0.0227273,0.181818
163,0.0625,0.6875,0.0625,0.0625,0.0625,0.0625
164,0.0384615,0.0432692,0.288462,0.0432692,0.413462,0.173077
165,0.047619,0.714286,0.047619,0.0952381,0.047619,0.047619
166,0.0769231,0.307692,0.384615,0.0769231,0.0769231,0.0769231
167,0.0384615,0.0384615,0.0384615,0.0384615,0.0384615,0.807692
168,0.0181818,0.727273,0.0181818,0.0545455,0.0181818,0.163636
169,0.00917431,0.724771,0.0366972,0.119266,0.00917431,0.100917
170,0.0416667,0.375,0.375,0.0416667,0.0416667,0.125
171,0.0123457,0.12963,0.0185185,0.00617284,0.790123,0.0432099
172,0.26087,0.173913,0.434783,0.0434783,0.0434783,0.0434783
173,0.0625,0.6875,0.0625,0.0625,0.0625,0.0625
174,0.0454545,0.727273,0.0454545,0.0909091,0.0454545,0.0454545
175,0.111111,0.111111,0.111111,0.222222,0.111111,0.333333
176,0.0769231,0.0769231,0.0769231,0.230769,0.230769,0.307692
177,0.0625,0.0625,0.0625,0.125,0.0625,0.625
178,0.0384615,0.807692,0.0384615,0.0384615,0.0384615,0.0384615
179,0.1,0.1,0.1,0.1,0.1,0.5
180,0.181818,0.0909091,0.5,0.0909091,0.0454545,0.0909091
181,0.0555556,0.722222,0.0555556,0.0555556,0.0555556,0.0555556
182,0.333333,0.111111,0.222222,0.111111,0.111111,0.111111
183,0.0172414,0.0172414,0.431034,0.0689655,0.137931,0.327586
184,0.0384615,0.807692,0.0384615,0.0384615,0.0384615,0.0384615
185,0.0714286,0.142857,0.5,0.142857,0.0714286,0.0714286
186,0.0133333,0.786667,0.04,0.0666667,0.0133333,0.08
187,0.136364,0.318182,0.159091,0.0227273,0.0227273,0.340909
188,0.0117647,0.941176,0.0117647,0.0117647,0.0117647,0.0117647
189,0.156863,0.0196078,0.254902,0.254902,0.196078,0.117647
190,0.05,0.2,0.15,0.05,0.05,0.5
191,0.123596,0.0786517,0.134831,0.123596,0.0786517,0.460674
192,0.03125,0.03125,0.390625,0.03125,0.015625,0.5
193,0.0714286,0.642857,0.0714286,0.0714286,0.0714286,0.0714286
194,0.0909091,0.0909091,0.0909091,0.272727,0.363636,0.0909091
195,0.0625,0.375,0.0625,0.0625,0.1875,0.25
196,0.0625,0.6875,0.0625,0.0625,0.0625,0.0625
197,0.0526316,0.631579,0.0526316,0.105263,0.0526316,0.105263
198,0.0338983,0.440678,0.152542,0.0508475,0.0508475,0.271186
199,0.142857,0.142857,0.285714,0.142857,0.142857,0.142857
200,0.0555556,0.722222,0.0555556,0.0555556,0.0555556,0.0555556
201,0.0769231,0.0769231,0.307692,0.153846,0.0769231,0.307692
202,0.0666667,0.0666667,0.2,0.0666667,0.0666667,0.533333
203,0.264706,0.0882353,0.0735294,0.235294,0.0882353,0.25
204,0.025,0.8,0.025,0.025,0.025,0.1
205,0.0526316,0.0526316,0.421053,0.157895,0.263158,0.0526316
206,0.0123457,0.0123457,0.271605,0.135802,0.0864198,0.481481
207,0.567308,0.161058,0.132212,0.0216346,0.0841346,0.0336538
208,0.368421,0.175439,0.192982,0.00877193,0.00877193,0.245614
209,0.0322581,0.774194,0.0967742,0.0322581,0.0322581,0.0322581
210,0.0344828,0.62069,0.0689655,0.103448,0.0344828,0.137931
211,0.0566038,0.320755,0.339623,0.0566038,0.00943396,0.216981
212,0.0666667,0.666667,0.0666667,0.0666667,0.0666667,0.0666667
213,0.0131579,0.789474,0.157895,0.0131579,0.0131579,0.0131579
214,0.186047,0.0116279,0.395349,0.27907,0.0116279,0.116279
215,0.272727,0.254545,0.236364,0.0181818,0.0181818,0.2
216,0.0769231,0.615385,0.0769231,0.0769231,0.0769231,0.0769231
217,0.116279,0.0232558,0.27907,0.0697674,0.0232558,0.488372
218,0.0588235,0.705882,0.0588235,0.0588235,0.0588235,0.0588235
219,0.142857,0.0714286,0.142857,0.285714,0.0714286,0.285714
220,0.0833333,0.0833333,0.166667,0.0833333,0.0833333,0.5
221,0.0852018,0.0672646,0.13154,0.0792227,0.617339,0.019432
222,0.0196078,0.147059,0.431373,0.00980392,0.00980392,0.382353
223,0.233766,0.207792,0.0909091,0.012987,0.441558,0.012987
224,0.0208333,0.0833333,0.1875,0.0416667,0.0833333,0.583333
225,0.03125,0.03125,0.125,0.28125,0.21875,0.3125
226,0.030303,0.666667,0.0909091,0.030303,0.030303,0.151515
227,0.125,0.375,0.125,0.125,0.125,0.125
228,0.0645161,0.264516,0.516129,0.0967742,0.00645161,0.0516129
229,0.125,0.125,0.375,0.125,0.125,0.125
230,0.0169492,0.118644,0.457627,0.0169492,0.0169492,0.372881
231,0.0392157,0.745098,0.0588235,0.0196078,0.0196078,0.117647
232,0.0769231,0.0769231,0.538462,0.153846,0.0769231,0.0769231
233,0.333333,0.111111,0.222222,0.111111,0.111111,0.111111
234,0.111111,0.111111,0.333333,0.111111,0.111111,0.222222
235,0.0416667,0.791667,0.0416667,0.0416667,0.0416667,0.0416667
236,0.0909091,0.545455,0.0909091,0.0909091,0.0909091,0.0909091
237,0.275862,0.275862,0.0689655,0.0344828,0.206897,0.137931
238,0.0144928,0.289855,0.434783,0.0434783,0.15942,0.057971
239,0.0948905,0.0364964,0.0729927,0.364964,0.386861,0.0437956
240,0.237069,0.0474138,0.176724,0.137931,0.224138,0.176724
241,0.211268,0.112676,0.197183,0.0422535,0.0140845,0.422535
242,0.0555556,0.0555556,0.166667,0.166667,0.166667,0.388889
243,0.0625,0.25,0.5,0.0625,0.0625,0.0625
244,0.0588235,0.705882,0.0588235,0.0588235,0.0588235,0.0588235
245,0.0666667,0.4,0.2,0.0666667,0.0666667,0.2
246,0.0833333,0.0833333,0.0833333,0.25,0.25,0.25
247,0.00395257,0.00395257,0.735178,0.126482,0.0434783,0.0869565
248,0.04,0.08,0.4,0.28,0.04,0.16
249,0.0384615,0.807692,0.0384615,0.0384615,0.0384615,0.0384615
250,0.025,0.625,0.225,0.025,0.025,0.075
251,0.0294118,0.0588235,0.176471,0.0294118,0.205882,0.5
252,0.0666667,0.666667,0.0666667,0.0666667,0.0666667,0.0666667
253,0.030303,0.757576,0.121212,0.030303,0.030303,0.030303
254,0.0131579,0.289474,0.381579,0.0394737,0.263158,0.0131579
255,0.0243902,0.00813008,0.195122,0.373984,0.0894309,0.308943
256,0.358491,0.0188679,0.339623,0.0188679,0.226415,0.0377358
257,0.0333333,0.833333,0.0333333,0.0333333,0.0333333,0.0333333
258,0.0625,0.6875,0.0625,0.0625,0.0625,0.0625
259,0.0434783,0.782609,0.0434783,0.0434783,0.0434783,0.0434783
260,0.0357143,0.821429,0.0357143,0.0357143,0.0357143,0.0357143
261,0.037037,0.296296,0.222222,0.37037,0.037037,0.037037
262,0.0588235,0.705882,0.0588235,0.0588235,0.0588235,0.0588235
263,0.02,0.18,0.2,0.16,0.02,0.42
264,0.75,0.0708092,0.0780347,0.0462428,0.0216763,0.033237
265,0.0103093,0.0824742,0.185567,0.43299,0.0103093,0.278351
266,0.0833333,0.0833333,0.5,0.0833333,0.0833333,0.166667
267,0.155556,0.277778,0.311111,0.0777778,0.1,0.0777778
268,0.0675105,0.105485,0.312236,0.189873,0.189873,0.135021
269,0.0625,0.6875,0.0625,0.0625,0.0625,0.0625
270,0.2,0.1,0.1,0.1,0.1,0.4
271,0.037037,0.814815,0.037037,0.037037,0.037037,0.037037
272,0.0714286,0.642857,0.0714286,0.0714286,0.0714286,0.0714286
273,0.0833333,0.583333,0.0833333,0.0833333,0.0833333,0.0833333
274,0.142857,0.142857,0.142857,0.142857,0.142857,0.285714
275,0.710714,0.0571429,0.146429,0.0214286,0.00357143,0.0607143
276,0.0454545,0.454545,0.0454545,0.363636,0.0454545,0.0454545
277,0.0555556,0.722222,0.0555556,0.0555556,0.0555556,0.0555556
278,0.0769231,0.615385,0.0769231,0.0769231,0.0769231,0.0769231
279,0.142857,0.142857,0.142857,0.142857,0.142857,0.285714
280,0.0555556,0.666667,0.0555556,0.0555556,0.0555556,0.111111
281,0.0814815,0.177778,0.0518519,0.0814815,0.17037,0.437037
282,0.5,0.0238095,0.0714286,0.166667,0.047619,0.190476
283,0.0526316,0.0526316,0.368421,0.0526316,0.0526316,0.421053
284,0.0454545,0.727273,0.0454545,0.0454545,0.0454545,0.0909091
285,0.0196078,0.0196078,0.372549,0.27451,0.0588235,0.254902
286,0.0294118,0.470588,0.0294118,0.411765,0.0294118,0.0294118
287,0.0120482,0.722892,0.192771,0.0120482,0.0120482,0.0481928
288,0.0533333,0.146667,0.16,0.12,0.04,0.48
289,0.1,0.1,0.5,0.1,0.1,0.1
290,0.0833333,0.583333,0.0833333,0.0833333,0.0833333,0.0833333
291,0.0833333,0.166667,0.0833333,0.0833333,0.0833333,0.5
292,0.015015,0.123123,0.0840841,0.228228,0.12012,0.429429
293,0.047619,0.52381,0.047619,0.047619,0.142857,0.190476
294,0.214286,0.0714286,0.0714286,0.0714286,0.214286,0.357143
295,0.2,0.0666667,0.266667,0.2,0.0666667,0.2
296,0.0154639,0.0103093,0.520619,0.056701,0.180412,0.216495
297,0.0769231,0.0769231,0.230769,0.461538,0.0769231,0.0769231
298,0.0434783,0.782609,0.0434783,0.0434783,0.0434783,0.0434783
299,0.0222222,0.533333,0.133333,0.0222222,0.0222222,0.266667
300,0.125,0.375,0.125,0.125,0.125,0.125
301,0.00657895,0.0394737,0.519737,0.111842,0.223684,0.0986842
302,0.130435,0.369565,0.23913,0.0652174,0.0217391,0.173913
303,0.0113636,0.0795455,0.0454545,0.613636,0.181818,0.0681818
304,0.0833333,0.583333,0.0833333,0.0833333,0.0833333,0.0833333
305,0.03125,0.84375,0.03125,0.03125,0.03125,0.03125
306,0.05,0.7,0.05,0.05,0.05,0.1
307,0.0736842,0.389474,0.115789,0.0105263,0.0105263,0.4
308,0.125,0.375,0.125,0.125,0.125,0.125
309,0.0666667,0.0666667,0.466667,0.0666667,0.2,0.133333
310,0.0196078,0.901961,0.0196078,0.0196078,0.0196078,0.0196078
311,0.166667,0.0833333,0.388889,0.0277778,0.0277778,0.305556
312,0.0384615,0.807692,0.0384615,0.0384615,0.0384615,0.0384615
313,0.0373832,0.00934579,0.205607,0.252336,0.0373832,0.457944
314,0.0285714,0.857143,0.0285714,0.0285714,0.0285714,0.0285714
315,0.166667,0.0238095,0.0238095,0.119048,0.0238095,0.642857
316,0.0566038,0.584906,0.113208,0.0188679,0.0943396,0.132075
317,0.1,0.1,0.1,0.1,0.1,0.5
318,0.0666667,0.65,0.0666667,0.183333,0.0166667,0.0166667
319,0.0350877,0.157895,0.192982,0.105263,0.0877193,0.421053
320,0.0333333,0.0333333,0.366667,0.1,0.2,0.266667
321,0.04,0.48,0.12,0.04,0.24,0.08
322,0.0416667,0.666667,0.0416667,0.0416667,0.0416667,0.166667
323,0.125,0.125,0.25,0.25,0.125,0.125
324,0.832618,0.0472103,0.0343348,0.0214592,0.0171674,0.0472103
325,0.0666667,0.533333,0.2,0.0666667,0.0666667,0.0666667
326,0.354839,0.258065,0.225806,0.0322581,0.0322581,0.0967742
327,0.125,0.275,0.475,0.025,0.025,0.075
328,0.0263158,0.684211,0.0526316,0.0526316,0.157895,0.0263158
329,0.0833333,0.583333,0.0833333,0.0833333,0.0833333,0.0833333
330,0.311111,0.266667,0.0666667,0.111111,0.155556,0.0888889
331,0.0120482,0.710843,0.0963855,0.13253,0.0120482,0.0361446
332,0.189474,0.0105263,0.263158,0.294737,0.0631579,0.178947
333,0.0769231,0.0769231,0.0769231,0.0769231,0.0769231,0.615385
334,0.0357143,0.428571,0.0357143,0.0357143,0.0357143,0.428571
335,0.0454545,0.772727,0.0454545,0.0454545,0.0454545,0.0454545
336,0.0344828,0.0862069,0.37931,0.103448,0.0172414,0.37931
337,0.0243902,0.146341,0.463415,0.317073,0.0243902,0.0243902
338,0.0588235,0.117647,0.27451,0.294118,0.137255,0.117647
339,0.0555556,0.0555556,0.166667,0.444444,0.111111,0.166667
340,0.0135135,0.851351,0.0135135,0.0945946,0.0135135,0.0135135
341,0.102564,0.384615,0.410256,0.025641,0.025641,0.0512821
342,0.0344828,0.62069,0.241379,0.0344828,0.0344828,0.0344828
343,0.030303,0.030303,0.030303,0.121212,0.0909091,0.69697
344,0.037037,0.037037,0.481481,0.333333,0.037037,0.0740741
345,0.0555556,0.722222,0.0555556,0.0555556,0.0555556,0.0555556
346,0.0714286,0.642857,0.0714286,0.0714286,0.0714286,0.0714286
347,0.0371991,0.00875274,0.282276,0.0131291,0.347921,0.310722
348,0.02,0.42,0.24,0.12,0.1,0.1
349,0.0833333,0.0833333,0.583333,0.0833333,0.0833333,0.0833333
350,0.0588235,0.588235,0.0588235,0.0588235,0.176471,0.0588235
351,0.0133333,0.706667,0.16,0.0266667,0.0133333,0.08
352,0.133333,0.422222,0.155556,0.0444444,0.0444444,0.2
353,0.131579,0.526316,0.157895,0.131579,0.0263158,0.0263158
354,0.176471,0.117647,0.0588235,0.470588,0.0588235,0.117647
355,0.117647,0.294118,0.0294118,0.0294118,0.323529,0.205882
356,0.047619,0.571429,0.047619,0.0952381,0.047619,0.190476
357,0.030303,0.515152,0.272727,0.030303,0.121212,0.030303
358,0.0384615,0.0384615,0.615385,0.0769231,0.192308,0.0384615
359,0.168675,0.0120482,0.373494,0.060241,0.060241,0.325301
360,0.0540541,0.0810811,0.351351,0.324324,0.162162,0.027027
361,0.00671141,0.00671141,0.181208,0.563758,0.234899,0.00671141
362,0.0384615,0.807692,0.0384615,0.0384615,0.0384615,0.0384615
363,0.111111,0.111111,0.111111,0.111111,0.111111,0.444444
364,0.0555556,0.722222,0.0555556,0.0555556,0.0555556,0.0555556
365,0.0833333,0.583333,0.0833333,0.0833333,0.0833333,0.0833333
366,0.03125,0.8125,0.03125,0.03125,0.03125,0.0625
367,0.166667,0.125,0.375,0.0416667,0.0416667,0.25
368,0.0714286,0.0714286,0.214286,0.0714286,0.0714286,0.5
369,0.0666667,0.666667,0.0666667,0.0666667,0.0666667,0.0666667
370,0.153846,0.615385,0.0769231,0.0384615,0.0384615,0.0769231
371,0.00934579,0.0747664,0.0654206,0.345794,0.28972,0.214953
372,0.111111,0.111111,0.333333,0.111111,0.111111,0.222222
373,0.0740741,0.037037,0.240741,0.0925926,0.259259,0.296296
374,0.027027,0.594595,0.027027,0.027027,0.0540541,0.27027
375,0.0833333,0.583333,0.0833333,0.0833333,0.0833333,0.0833333
376,0.047619,0.761905,0.047619,0.047619,0.047619,0.047619
377,0.0555556,0.0555556,0.166667,0.166667,0.0555556,0.5
378,0.0714286,0.0714286,0.0714286,0.0714286,0.0714286,0.642857
379,0.015625,0.015625,0.578125,0.171875,0.046875,0.171875
380,0.05,0.75,0.05,0.05,0.05,0.05
381,0.0434783,0.782609,0.0434783,0.0434783,0.0434783,0.0434783
382,0.206349,0.111111,0.15873,0.222222,0.047619,0.253968
383,0.0714286,0.642857,0.0714286,0.0714286,0.0714286,0.0714286
384,0.0306122,0.0510204,0.510204,0.234694,0.0714286,0.102041
385,0.0714286,0.642857,0.0714286,0.0714286,0.0714286,0.0714286
386,0.0909091,0.0909091,0.363636,0.181818,0.0909091,0.181818
387,0.0208333,0.645833,0.0833333,0.0208333,0.0208333,0.208333
388,0.0833333,0.583333,0.0833333,0.0833333,0.0833333,0.0833333
389,0.1,0.1,0.1,0.1,0.1,0.5
