4,Bug-0e6f11ca-e7cf-454b-b9c8-619ad2f865b5,1383254232446
1,Bug-12b5237d-5b83-45e9-8f46-8bacb2de7a2b,1386945688113
1,Bug-28768f78-b52a-4225-81bd-a1355364950b,1398698419414
5,Bug-a5663d6e-5ee1-45ac-804a-fcb2442eb594,1368525305903
5,Bug-25ade6f7-b2a4-4317-89c8-f388aaf5b042,1389609238249
3,Bug-d73a8656-5e49-4fc0-b9a1-4148faee1a6f,1368735193277
0,Bug-174e73de-7ef0-44f2-b6bd-8d53baa2c7a4,1382677257414
3,Bug-679cd063-0c39-4725-a969-62bf0f9548c1,1374835591258
1,Bug-fb5d06ba-5444-4057-bb74-e24e80a06a1c,1401092547175
5,Bug-1d6dd282-8529-4d11-830e-ee95ff8c796d,1397715446443
3,Bug-a4ee2cfd-8315-4bea-8b73-6b99f4416c34,1397645085041
5,Bug-bb1afc53-d127-4172-9ff6-c4b40c31888f,1365582722447
5,Bug-bb1e7a04-7d3e-481c-baec-6926992ebeff,1393494844480
1,Bug-57a33b4f-5394-4f0b-8567-88a4564f16fd,1392882428667
0,Bug-ca51e8e9-7788-45fa-911a-7dd3c7addd99,1383749732118
1,Bug-5e5f9eb1-c2b4-4302-b071-8a0275b0db9d,1399887795550
4,Bug-00f27f85-d41e-4ee4-8762-de044bdc5d4c,1360042368192
1,Bug-481bd365-822d-465d-a8ae-40ad10f3501c,1383657290248
5,Bug-726ad13a-ac91-4056-91d1-fb7602e8d2b6,1396697214870
0,Bug-eeb64066-701f-42c9-bdd7-954918238efb,1380276797500
1,Bug-9133d31c-f459-42c5-a14e-918ace62cdaa,1385127724883
3,Bug-6a425dc3-8cca-4eb7-a6d0-dff447ce78df,1383552833982
0,Bug-8106749e-4fde-4f1e-a4ab-d26b8823ae77,1382567649443
3,Bug-23a71651-02b0-4d65-86b9-8c3b3915ebcf,1399919203887
2,Bug-b7c1b4a2-00ac-4bdc-b2e2-37edf4ef541b,1396795344457
2,Bug-72c22dbb-575f-4ee2-9c41-4ab344c193f2,1381871437985
5,Bug-5b1188a2-6caf-4cc3-8e9f-0e2deccb1669,1401778467238
5,Bug-7e45380f-4f30-46f5-8b7a-ee3f9dcf4be2,1400747886779
3,Bug-40da95fb-0252-4c26-b03a-07fa3a0c13b1,1390228819315
5,Bug-804af1f6-e8d4-4cc2-b07b-ec3e17b0449f,1385214153329
3,Bug-31590cd1-b8e9-44e3-bf22-85a8db3413c1,1381382554198
4,Bug-62cff1b4-c8c2-4ec6-86b2-584aeaef6288,1391529209200
5,Bug-fbbc5a79-68fa-412b-98ed-a3f7ae3b33c9,1389803271169
5,Bug-67955bbd-001c-4d12-9d69-03c125ac4254,1393594530871
1,Bug-6f3b45db-ba93-4450-ae4c-4668fe6cca05,1404709620476
3,Bug-28d65a6d-a9c7-4eec-b87f-94cbf70a50c2,1400151999114
5,Bug-c0b83d2e-d08a-4b59-ad84-ee276fd0715f,1381901018185
3,Bug-0b8073dd-d98e-4d55-8463-f795befdbf6e,1378893718922
5,Bug-1af8234a-6a0b-4695-802f-b51d77703eb2,1395815601242
5,Bug-9fb5d8d3-db30-491f-b3c1-2d193e085987,1348333234914
3,Bug-21ae4622-1c3b-40c5-9f16-407a6f5318d9,1383739055698
1,Bug-7a5ea898-f1e3-4db6-930a-b59124e32456,1383750831711
1,Bug-9fa17a08-41d4-4711-87a5-81c3e65f7aae,1395900606737
3,Bug-80315d91-20bc-40b1-8263-a7f6922c8b83,1385214406850
5,Bug-34985888-60f0-46a3-8ea5-1ef74ea6ff8e,1391701016813
0,Bug-3707deb8-8ce8-4a9b-aa31-c415b804810f,1385123288140
5,Bug-9aae3da0-3304-4cde-9046-aac4467be617,1401283398538
5,Bug-50b2fe82-9d0b-4104-a83e-2b6a858ce9d1,1394117754603
5,Bug-be7e0411-9d2c-4f72-8497-4bd8f0f25677,1395907874002
3,Bug-c7be18cc-7fad-4ef8-bb66-b5e6475a917c,1396813438746
4,Bug-d25391c4-3c28-4426-a361-eb3f74b8b6b9,1389853669572
1,Bug-5f450b2d-7f33-4069-a966-a17854ae3853,1345741736312
5,Bug-01c56d0b-aa9b-43e7-a375-9d9284bb4195,1383749559136
5,Bug-51e81e84-826b-409b-8687-58695dcced7e,1396205650147
3,Bug-9926c007-8bd6-4ba8-9df7-0789423b547a,1403525475172
4,Bug-cd6640d4-7c91-4349-9d5d-9223a449e1cb,1396819111621
5,Bug-6e48d2a5-5b19-4d27-8022-1ac096c1944d,1398241554234
3,Bug-d738d802-04f6-46e4-878b-b1487efaa22b,1384951485785
0,Bug-a84c2ec4-4fdc-4d39-b158-25cb03841e0b,1369423453743
1,Bug-a8e67ced-a5d3-4d62-a91a-b70b564c1b6a,1371728247986
0,Bug-5193862b-4557-42b2-bf61-38da8802a924,1407750787610
4,Bug-d5dd55b4-b307-4157-b2bf-90d77cfdb5ae,1395041463669
0,Bug-912efdc7-6b0d-4275-88ba-395bb8512d0d,1387309232563
2,Bug-5e9584a8-18e2-4314-b6cd-367d0406027d,1407935103153
1,Bug-aa37704a-156b-4982-be98-f66b8e3a7624,1381518711371
5,Bug-7d2d61ef-44b1-4653-86a3-ee3fc10d0981,1400908393100
1,Bug-147a0c69-c536-4a3d-b943-81e79fe69350,1396809828103
4,Bug-e2383fe2-3d80-4f23-a521-4bdf8cb33190,1396797379285
2,Bug-9735d2b2-cc20-4ae1-9434-dc62806c690a,1382284151573
5,Bug-a57c42a3-de1f-4eb2-8c4c-6a18cc1dfefc,1396222317199
2,Bug-ae70afab-3076-42db-9cd3-46905aaacaf2,1384774776464
4,Bug-bc5b3fb8-bb18-40c4-9881-a4c2d4e212ad,1395990236299
5,Bug-868df366-f4b8-4d29-a478-e0403d0a40b7,1386849728939
5,Bug-f4c3cbc9-eeae-45f9-808b-e9710245ca30,1387309586492
2,Bug-35fbe8d4-10ae-4924-8744-71f478975a44,1391176925410
0,Bug-94f129e1-aeb4-42c8-aa46-aa134be9f98f,1398241779352
1,Bug-6f92471d-0d41-48a8-b675-6e5768e3a790,1390255646791
5,Bug-b02e6ad0-a879-45e7-9341-533b862b9967,1368902373901
3,Bug-bedcb831-debe-4d85-a723-fe5f5aa21cd7,1403529469815
0,Bug-0812e6ab-8d65-4244-a660-4407a48af503,1382427420970
