1,Bug-8a52f14c-ad33-4d9b-9d96-284bb003201e,1353515213568
1,Bug-0e015a70-f308-493c-b99e-a2a8f3defacc,1410522026656
2,Bug-3be0b5b7-6ef4-47c2-b3f5-828c7d4219ae,1381407555430
1,Bug-b538afd1-5569-4163-9dc5-752623489a5f,1384651714199
2,Bug-bc4053f5-8aff-491f-9a91-962979b45d6c,1406207091379
1,Bug-504399ab-5399-42df-bfb4-992df2e5f303,1376652205154
0,Bug-a3b276d3-3b7f-450c-aa81-92f004fdc3b7,1382479702550
1,Bug-49c8d01f-1f1a-473b-badf-7a9c9c31cd1a,1381456053129
3,Bug-aba195e5-0a78-49e4-b7d2-b6143efc8dc0,1380101393791
0,Bug-418d456b-3703-4713-b061-baacb11e34f9,1398356602546
0,Bug-209c628c-983e-4f6b-b985-f1072ae16bcf,1406530598390
2,Bug-e609bc19-799f-4c4a-b382-83aab7be583c,1355758149220
2,Bug-ded2796a-3f36-4427-8595-a37e583399ce,1382964833077
1,Bug-8868b70f-eda2-47b5-be72-7b08ea1e329b,1404392191767
1,Bug-9228bd19-39a2-4b9e-befe-499bb6a443cd,1381244203966
0,Bug-ebcf39c5-0cf8-4d09-9b7d-966ab389bb23,1385589446740
5,Bug-b171452b-fa19-4419-be15-4e3caedf88a3,1402039922736
1,Bug-f7b8ce9d-3ac1-4362-b3e0-773ad7f0a045,1399038115900
1,Bug-558b2ab5-aa12-4dfe-a37e-56043ef04836,1398691728757
1,Bug-1a286f65-c918-4831-86bc-c93f8a366401,1380054732549
3,Bug-672fa819-58fc-4534-920b-8c4e0a6c9e94,1370206449858
0,Bug-275101e8-3de7-4ce3-9a57-497ec107bd38,1391432209736
3,Bug-a2a24903-a02c-486e-91f6-b8e370a33cd4,1395858450068
1,Bug-6a2f9a52-e6cd-4bf7-9236-ccc3287f14b5,1371828484623
1,Bug-3a884b8e-a9a7-4037-9014-3f8bd905ddca,1383567835886
1,Bug-d6b5067e-34da-4f26-badf-3ff3c855b3a6,1384841252929
1,Bug-dce24ae0-ec9d-49ad-96f2-375e2c693cf1,1380610142723
1,Bug-0bee24c4-46af-4a12-9746-75dde738aad3,1398259854545
5,Bug-e514f292-c4ad-464d-b68f-86b8c72586d6,1381226422349
1,Bug-499c1624-3ea1-4f43-8a21-a81c75b8ec73,1368792191771
1,Bug-a3ebc8b0-05c8-4936-b8de-0458cf738089,1378903432704
1,Bug-f9b8418e-f293-4c41-877d-65241e60e17e,1409042504841
0,Bug-b5160d01-9e5e-4579-a564-03c1e3674369,1405415534121
2,Bug-b30f1ee3-b781-4496-a482-c1e8862178c4,1405542378232
1,Bug-ded964f8-cb08-4acc-b2ae-4c1f231f884c,1410897512995
1,Bug-4f28e1c0-be3b-4c65-afac-60b4b05d9286,1400681578839
2,Bug-7a6365cb-32e9-4efd-b199-3a023195c3dc,1361855159951
4,Bug-f9e8da7c-82ba-42f6-bcf0-8cdd33157401,1402417957858
2,Bug-c1a5da25-0beb-4c93-b882-a7c3be51e98c,1386932829930
1,Bug-9d6d7c2d-c6dd-43f9-81a1-1aab360507d6,1391536345222
2,Bug-8fd9ab1d-8bb1-4a15-8cb0-2b8e4f8e5686,1403645858162
1,Bug-1ee18256-0334-4791-9a65-36e3bebf2ead,1373297120386
1,Bug-927bf92c-7a7d-4045-b8a3-c85128032f4e,1386931284584
1,Bug-ea24e1ec-2e16-48fc-af2a-398cf2e836f9,1396736773011
1,Bug-b2b0ed71-09e7-46d6-90a6-d17278f15008,1379596778301
1,Bug-8e654e18-bd46-4e26-86da-6cd86a6391d0,1378708035931
1,Bug-3891140b-eba8-49b1-a09e-51938e89deb7,1393589865495
2,Bug-534be927-1077-4028-85f5-e148e3388ff3,1394791887107
1,Bug-eca0a9d0-671c-49b5-9b42-c73c157d0ce7,1410634598993
1,Bug-957c021c-e556-4fcc-8492-4c6117296300,1391758745782
1,Bug-b6b6a4c8-f20d-4cdc-a901-c5dc7c99056c,1381910695011
1,Bug-c458b94d-12c1-49df-b07b-c6cbb6d064ec,1368618261444
3,Bug-30a7bb0d-469a-4df7-9827-d893808eb34f,1407931562940
2,Bug-37a6b487-b5cb-490a-991b-c18a5c796fe3,1404402553400
2,Bug-d3190561-20be-4025-9a26-8c8db0315848,1400121263690
1,Bug-3807121e-5ce4-4083-9979-d148c6f7258a,1393944098054
1,Bug-7a9670f3-781a-4511-bdbe-13498b33eb6f,1379313917798
3,Bug-fe66c44f-9a53-49ba-90f1-bcfb1c5c2d56,1390908047678
0,Bug-5d9704bf-68fa-4c5f-8ab3-07eb4eb74987,1404140060557
2,Bug-3d81dfff-4934-4aec-8cf4-9ac0e05dfc9c,1383323053452
0,Bug-8a42f300-a2af-4cc9-aa96-cfaa44a3d262,1403085035250
1,Bug-1c614fd1-3123-40be-9772-ec6f5c32a74a,1395149052072
2,Bug-d6cae659-dd7d-4bac-aaab-5f061829f82f,1390574064463
1,Bug-2237bda7-c425-4048-9f46-00921acc8a3f,1380807493853
0,Bug-883d1819-37ae-4802-953f-28f97088e592,1399645205459
0,Bug-894aade8-9938-4859-962c-ba1e1f50747c,1396619429845
1,Bug-c646cfb4-c138-4d8a-875f-952d3032db17,1373976729180
0,Bug-1571f587-84c3-4fb7-b4a2-ee6e75be14e8,1407401242326
1,Bug-6d413ae0-5a55-42d3-b4c5-a8ffd5e8ab38,1410692421653
1,Bug-8e39a38a-608e-4f8a-8fec-99e6c7f801f4,1379583926486
1,Bug-4a3b2015-2726-4668-b7a1-2161c58a639d,1367213901979
1,Bug-b2034aad-fdab-4512-a4a7-16547f278d37,1402668461429
1,Bug-4b109882-eaa3-4e01-afe9-350fa55ab637,1383568635649
3,Bug-a032043a-683d-43f0-a276-5c4097a43357,1394158740228
2,Bug-ed3c7295-9a06-45d1-bc4f-2ebeac63068c,1395242921540
5,Bug-3fdd2e87-c554-4de3-b88e-bd18f4e8de94,1379065074699
1,Bug-af15e647-2940-4f86-aef0-ed70ca7e4b7f,1243865062936
1,Bug-33d13de4-37e3-428e-b0f8-76fa1a281008,1402674732594
1,Bug-97252dbd-eba6-40b5-91c2-4572cda34991,1383563886316
0,Bug-1a609fa9-29a4-409d-a820-ce9f5a6b8e20,1362044946547
1,Bug-6d181208-c320-42e2-99e4-bb61cd63cb8e,1408011281940
1,Bug-f8f13bf8-4599-49ea-8887-a24b73f58a0d,1391615062566
2,Bug-a43997f3-7238-4f14-a1da-17abdea3ed9a,1404904674709
2,Bug-6604e72e-9993-480c-ab42-41fec864e2cc,1406530211987
3,Bug-c1eae4c1-2ecc-4692-9d8a-cb81c9ad4e45,1392903801756
2,Bug-1f1ff170-fae0-45b3-94eb-9adb7b928bfc,1400162921592
1,Bug-eb90d9d0-0e38-4ab4-891f-fa8209818715,1381871830000
2,Bug-9ed84b68-1f1b-4a9a-93ee-4f2851bc34af,1256130794288
0,Bug-970010c9-ef49-4ef2-bb00-bebf90d00388,1390331432311
1,Bug-fa983951-9ce7-4fd8-8f52-28d2ed279c32,1380046983326
1,Bug-25dd3950-fd0c-4f29-9984-d1eac983398d,1362481252807
0,Bug-af5be82d-4a1f-47db-bd6c-0f056490c5c1,1408052445451
1,Bug-9ad64af2-221b-495c-9cf8-608a83c1efe0,1401972523800
1,Bug-14d21faf-2ffe-4aef-ad47-985bb6fa77a9,1386687895967
0,Bug-d55bd0c4-085c-4974-9f61-1b7f5006b5f5,1379421312537
1,Bug-e63157f1-3a26-4dae-a68d-b8e583f02f51,1404197287220
1,Bug-c0418115-f095-4ef2-8411-3b7550b25538,1348818723053
4,Bug-cd903313-b4bb-490d-ac5d-0e79988aea7e,1400224960521
0,Bug-a8e9b681-1a5c-45ad-8dcf-73889c67e5fc,1379684989117
2,Bug-8bf497f5-af13-4968-8b61-98fe57ab0429,1396531559161
1,Bug-3eba26ad-b26c-4397-9165-f07f9d062f0a,1406530756176
1,Bug-4b8f7a5d-18b1-44aa-a6a7-6b869a73dcdf,1396845061155
5,Bug-17aa5bce-d7f5-4a6a-a879-1b3ec3a8fbfb,1353350950152
1,Bug-938f9925-3a2c-4b48-8219-198c9f863601,1400602659896
2,Bug-f2c4f8ff-bc3c-41c7-b4c3-e8b08fea9641,1381402818120
1,Bug-95b891d4-b17b-41c2-ae78-148efd3c830e,1369755818367
0,Bug-b504ad65-cd37-4c05-bd1c-23a38e990b59,1401393950638
5,Bug-4fd5cfcd-2efb-4bba-9a84-e6394bc2f826,1410242776537
1,Bug-5392a78e-7efe-41a5-84cc-9f72e7bba859,1396616724901
1,Bug-fca4766a-67b1-4626-94e5-c7e906f12122,1379931546400
3,Bug-2dffe206-f5e0-4d28-b5f5-72b2dcbbed7b,1364912785290
3,Bug-06a54680-61f7-4be9-9159-0c87e3133a03,1383750181123
1,Bug-c420d9bd-7ef5-4cd8-95e3-638658bdea62,1378459940764
0,Bug-e7fc773d-a8ed-406a-b520-7c3ccf1b8825,1383909468616
1,Bug-000fb565-b015-46d6-9c18-66e747274f33,1385555790942
4,Bug-09d87349-4ab5-41a4-b165-2dba4629e4d2,1393624985714
0,Bug-d6c2f783-5f31-4211-828e-9c52e128c778,1401430924375
2,Bug-6a84dced-7b9f-46c2-b1ee-16eba297b300,1402487853748
2,Bug-9d1a55c2-5ee3-41c2-b86b-404fce6cc3f8,1400050369462
1,Bug-1aa3e31d-3105-4e43-92dc-4708a24c949f,1401873352364
0,Bug-32bfde32-ae98-4716-b068-b7d30af6926c,1342537337426
1,Bug-7eb04c70-3f0c-414f-a84c-426c0f8fe056,1393843402853
0,Bug-64e59810-2fa5-4c60-802b-70e77db729b6,1379594235059
0,Bug-52cf4e53-9ef7-4805-aab9-09ee5f4f5300,1404725934651
0,Bug-6074172d-a074-4881-9fb8-e6ee39519039,1399298679747
1,Bug-aec4ef10-b902-42de-963c-87f662ee77a3,1406529171265
2,Bug-d165bc41-f323-4655-82d8-0b61d50d4453,1407163297834
0,Bug-850a0493-4a72-4a43-b142-a82aeda06bf1,1403281252553
2,Bug-c39e7b3c-ec8e-4f0f-9c47-f5d2f359aea9,1380194746981
1,Bug-6f2d5754-6b2b-4331-bd23-0e7161f397cc,1371831026650
0,Bug-5050303b-40f0-4aa9-bb89-0b5db897adeb,1391423678195
1,Bug-701fbc67-b3a1-49bf-9be5-cbff816b8d9f,1398333297254
3,Bug-42e70424-0883-46c0-b1eb-5b06fb20902f,1400674082144
2,Bug-b747a703-cc6e-41f8-9070-d2ca5f0448c3,1381506296055
0,Bug-92a0ebeb-1cc5-41c1-86cd-b649c6d65e00,1362569266182
0,Bug-bdb2755a-65ff-4f66-ade3-acfbb3cb5b5d,1374145236137
1,Bug-a7658d13-c8da-4dac-a76c-d948229ba3fa,1410174585172
0,Bug-90de4f75-ca71-44ec-b0ca-141dd31d73f3,1407310974970
1,Bug-c60b84f6-ab57-499d-9d5c-0f5c203e807e,1401394250750
1,Bug-f040e338-4c5d-4204-b1b1-92dfaccaf0e6,1385418311743
1,Bug-2adafc9b-d19d-4bff-92cd-f79f2c631d79,1395224662155
1,Bug-c49889dd-cdff-46c4-a2a7-cf585fb32e75,1382964353545
3,Bug-f7ecf4d9-3684-4056-a770-f2c9a236a135,1400588743320
1,Bug-f0377272-b089-4884-9158-537c72446153,1406531835261
1,Bug-1235edd0-0fa8-4853-b466-8562e23bfd84,1378458896233
1,Bug-def5bef6-9468-4fcd-8c58-2e60a34c55ed,1394713212259
1,Bug-d1baae05-7343-43f2-b7a6-2c0a8b20783e,1397426865475
1,Bug-d6ce961b-221d-403c-9b77-a0c59db92081,1384561807740
0,Bug-3666bc3b-9c67-4058-a389-6f8704ba5187,1398150903719
2,Bug-76681ff3-2437-4de2-95d0-0c7fc5b14b74,1376307774025
0,Bug-0f465943-a49e-451a-a90b-4d39a8f2d336,1407310195871
1,Bug-f7f71b4e-f2a0-4c50-ab26-00e28e03e4b3,1399037202960
0,Bug-077d5b07-dbb6-447d-9605-600334d8426f,1406529345073
1,Bug-4500d944-5db1-4a3e-ad8d-6f3327b2be58,1396366804361
1,Bug-21ee243f-3b7e-401b-a62a-4edd6af60de2,1408430109708
0,Bug-397c8334-3292-4fca-931e-8e7754c11d34,1408473341525
0,Bug-7b1ea534-c34c-4c4f-b0d6-744de6a741f5,1382099872386
1,Bug-48c05f16-c311-44a2-9dc2-02e8fa93de21,1392741658429
1,Bug-778701f4-45f6-4b83-8260-7d4ba6df58f1,1410816664434
3,Bug-fd30177a-b811-4360-86aa-0ebc48a83ef4,1406530395343
3,Bug-eb4346bf-21be-441e-97d4-7a966358c22f,1390992245732
2,Bug-16244e94-57a8-4746-a48d-cc1f377f65aa,1406537700783
1,Bug-2db40568-1a1b-4df9-a7e9-cc6186c0dd35,1376063155107
1,Bug-d5192ab4-53e4-4333-8a66-d32da1ad6419,1366225143592
1,Bug-a990160c-3d2c-4a75-a1c9-457838d577eb,1310362577851
3,Bug-bbcde149-cc6d-4a1a-8539-f184b5a3f1f5,1394548752740
4,Bug-f92d539e-6f9f-425a-9a29-04174405630d,1382184800585
3,Bug-5de99cc9-51ca-4648-919b-80e6fd5b4dc1,1403882544530
0,Bug-adbdfb9a-f861-430b-95c4-9a54bd880532,1391517455652
1,Bug-ba7a4a10-7b20-4053-b9cb-90d7f15651ff,1400681988051
1,Bug-3372520b-f287-421d-97a9-5ce9fe2cf3c8,1405601605294
4,Bug-df6a2756-c0a6-4b8f-a226-02560f91ffab,1367870449801
2,Bug-166db975-f4e0-4ba4-bbbf-7dd441cc9541,1403623954085
2,Bug-9ffe13c6-04e4-43f8-9186-101f38bb0c86,1407414368676
1,Bug-94e07c47-25fa-455a-89c4-abc564b71a9e,1401195162711
1,Bug-a6e96e9c-e8c9-41e6-b172-26f2a95af0e1,1409311662476
2,Bug-3358a708-9e05-47e8-aa4b-6abf38f1c3ec,1372359759349
1,Bug-b204123e-29fb-4bfb-ac80-f16e84d9f966,1407163106258
1,Bug-1b91c488-741a-47ed-8d4a-72e0f55fee32,1403704965408
1,Bug-afdea766-1faa-458e-b903-d4a23db8e915,1410685877892
0,Bug-1b5068b7-8596-4ff7-b8bc-889ba5fe3200,1379067025652
1,Bug-5dd83fbc-6852-4b26-a4a2-bf419d7e8d45,1399552012905
1,Bug-a76f170c-fe4a-4e8c-b652-cec1686cff32,1401874496909
1,Bug-b65f616b-6211-42e5-a560-5f2591878d98,1374145334417
5,Bug-c7bd276c-4853-4d6d-bae2-494a21f2b078,1399028032035
0,Bug-feae8d35-3b53-4813-9c1b-fd80b94194b7,1401203500517
1,Bug-dba2c2b8-47cc-402a-92a7-8b1353c18179,1407961784175
3,Bug-13e3c869-e3bc-4a3c-8597-e9bea42cbc75,1380696746864
1,Bug-509b4362-9b25-41f6-81fc-4ff8c533d0b5,1393957749863
1,Bug-14f6732b-7aeb-4894-9898-ab34ec4579e2,1380101477960
2,Bug-f3c532d6-d76d-4380-b739-09a397917b43,1397499935969
0,Bug-898e0c5b-66ad-4c76-9ed5-39e01713106f,1403528923878
1,Bug-3ee639cf-14e0-4642-9dd0-35558d68dde0,1380888307345
1,Bug-7330fff0-1bc1-4cd2-9b2c-296eae634036,1371556522086
1,Bug-053102f0-76b3-4e9a-84ad-43358af7286b,1393586582742
1,Bug-11bfdca1-0528-4e26-9083-2906d760f833,1391700084195
1,Bug-554dac42-5a0b-494d-bd4b-72f32767132c,1382520471448
1,Bug-443cfd4c-8654-4f80-921b-b8c9e63113f2,1405967187599
0,Bug-df60cd47-bb7d-4b76-b3d5-1ef84b0e8f71,1382011354091
3,Bug-20516607-18d4-4d9e-9003-2db26340eee6,1394259731727
0,Bug-a44e3b75-c176-47c7-820a-533b6c4e95f4,1379113182904
1,Bug-79eb04e6-27a1-4655-b3ef-c6280fb3ea4c,1376302223537
1,Bug-ee190047-92e8-451c-8b0c-350b81d78fde,1401973167379
1,Bug-46ea5d51-5d58-4ef5-ba2b-1a66e5c0f87e,1383235353548
3,Bug-2f4d863f-35b1-49f2-aa37-9607fa955a72,1393234622585
2,Bug-3a694709-2b0a-4dd0-a990-d3da5d2ae93e,1337384630814
3,Bug-db3be8c1-e4fb-44b6-905b-3ab24cb7e393,1406931297436
1,Bug-5927e26c-cc32-4fcb-97b6-e73f5a2d2176,1404120979797
1,Bug-12fc2350-22ec-4452-8086-4c41ee24ad27,1406530969826
1,Bug-256bca4e-1857-4fcf-a1d1-aa13e2b1a5c7,1395909378985
0,Bug-6f5f44a7-9b2d-441b-a02f-1918b4a3888f,1409556925554
1,Bug-4c7348e9-7675-469e-b229-23f2678b80b3,1386988155243
2,Bug-aa68649b-c8a9-473b-bff0-8fd689a7b32c,1394704603649
1,Bug-4b66d86a-a6f6-4392-a086-25bbde315300,1390633593276
1,Bug-97f1a948-be7a-434b-a520-ac95fc2ef9b6,1367825677839
2,Bug-c1101dc2-2ba3-49b5-97e3-71887c53420a,1404294905079
1,Bug-32c3b9f1-81a0-4ad7-ad0b-5067800ac2c5,1362389919832
1,Bug-4c974472-c287-4551-9b08-b64564bf7c47,1372668181662
3,Bug-8bc51faa-add5-49ab-a2dc-1ef34de5acde,1395171065048
1,Bug-cdc45718-bffe-41eb-a3c0-b07ec1edc0e3,1402997861985
3,Bug-7b4a6109-6fee-4397-b403-89a5e14cb2f0,1380628697367
1,Bug-3095198f-c134-49a7-8a54-48fada8fd2b5,1393837716334
1,Bug-f68aa9fe-031f-454e-9020-9d9d52ca7c52,1402993210203
0,Bug-efde4767-2c26-42e7-b732-cdbc310b96a9,1398672383828
1,Bug-fd1c6cf8-2517-4e4e-bfd4-62911d0d5e18,1373965264261
2,Bug-fde3456b-d492-4eae-8d05-f4c98ae76446,1397724746342
1,Bug-a7ea52a5-5127-4329-9353-c568a09edc1a,1380032061847
1,Bug-ddfbdb83-d284-4711-97e0-ef0215a1dda6,1410244813598
3,Bug-21b880bf-2fcf-4b80-81a1-e7399466e155,1400145258126
0,Bug-f4058207-6d52-41ea-b6af-56bf6e010641,1385069279734
1,Bug-1f807821-e2ef-4d8a-8c25-71086356f13a,1405971090675
5,Bug-367cee16-6692-41d2-bea1-e9ef8d82bfa2,1403601700987
2,Bug-fd231656-5e15-4385-ac71-a6ecb4cfcdd2,1408957575538
1,Bug-936b236c-86e1-447d-8c2d-21383e4a76ff,1407660975243
0,Bug-0ba37e74-0cbf-4597-b098-f31b703109b1,1360227162736
1,Bug-c5c6919b-6138-4a08-ba95-7185ea6b7741,1379710341732
0,Bug-647b3cfb-8594-466f-945a-0ec4a8ecc5a2,1408711733311
1,Bug-a4be82bc-8255-4d49-8e89-107d9f80804f,1400042287345
0,Bug-d91a125c-80d4-4ffd-806a-0dbfa18cb3d0,1363088475496
0,Bug-3b895e05-531b-43b7-944c-e095a02ec89b,1369335487503
1,Bug-ce4d1b86-2522-439f-bcfb-a3f4d42d5562,1284139057507
1,Bug-830e1188-97a2-4d27-b4cf-1ed4b3136cac,1410875972649
2,Bug-086bcfac-1b70-4b61-b0ee-e1f6411c4994,1408883230177
1,Bug-24263ef6-eff3-49b8-a584-57d4ec7c2855,1386594513541
1,Bug-702714b3-6602-4af1-bb53-dd3467d4c0e5,1410265733318
1,Bug-a1caf1b4-2a48-43c2-beae-43d7106f4604,1406037631217
1,Bug-d72051a4-8dd7-4b67-bfcf-eab324a26241,1382435437548
1,Bug-5e8cfa92-56b5-4eb5-a558-e705d3df9e11,1403089848087
1,Bug-695441fd-536b-4d1d-b183-6d6c2ba6b450,1404491056304
1,Bug-c4713bf5-2d1b-4335-9c5e-d1c43dd81959,1379074875247
1,Bug-6743673e-95c1-4726-b22e-739cae129870,1409746400371
0,Bug-7c5ed71e-09bb-4121-8e27-7f1cb49d015a,1392753865750
1,Bug-be35c296-b4e3-4458-ae02-99c48f7411d3,1362921395742
3,Bug-dcb01886-5dd1-4ee6-a100-e564fea5252f,1362392741081
1,Bug-4bd14648-63dc-4468-b0ac-0bb52984c907,1406107158085
1,Bug-a8940ab2-ad6e-4672-84fd-096e97ffcb57,1379420581839
1,Bug-6e562481-ffae-4906-8df4-12d70ae1639f,1408542596596
1,Bug-4881e185-93a8-45da-8f4f-ace198334929,1369838475831
2,Bug-9b58b519-f1e5-4fc2-a607-9c29306e4668,1389005518623
5,Bug-93e24d75-eea2-4691-92aa-9a2534d0b5a9,1385534177698
1,Bug-b9cfb50c-7b62-40f8-9f71-444a7334fec6,1400682449993
1,Bug-04722a99-e761-4ac8-b689-95b35b1a4d19,1402606088800
1,Bug-9c5603cc-db39-4a1a-a206-db24f3851877,1405004484913
1,Bug-ca31bd8d-79f6-450e-b9ac-cc0f52ea17e6,1384776864848
1,Bug-155e519b-60fc-4057-9011-f8ab35eeea42,1380106083919
3,Bug-8549ed37-b2c2-4329-90e7-8cb14d937086,1395148028817
0,Bug-8767ac3b-1ce9-459f-b589-dbf8ad5e853b,1401292516010
2,Bug-0928988a-3b96-4d6c-a665-eefd85462a2a,1401971557681
4,Bug-3f0befc8-f742-44a5-afd3-2c7b2ca0ed9b,1398338943475
1,Bug-1f69c48a-4c1b-4e5f-ac0e-01462852424f,1392363310730
1,Bug-7af49752-bec1-4ba7-8076-17410c08c1b2,1379432642869
1,Bug-00d3a3b7-ecc1-4367-a461-acf6eb3a7970,1405452955622
1,Bug-308be90a-a1ad-443d-a96d-7caa10caba5f,1392014200893
1,Bug-703ad631-0148-4414-bed0-30d9221867fd,1364333180988
1,Bug-ba77b292-a17f-418e-a370-de27e4fa7f5c,1378284722324
1,Bug-6d1e085d-047d-4b48-8766-616217b4bebc,1410707607720
1,Bug-a03a443a-f4a2-432d-a619-9d9495ae574b,1404723974187
1,Bug-423dc632-0b31-411b-be08-7fb8adcc6a12,1402380627430
1,Bug-7988d591-cac1-41b4-8e4f-7c54251709f6,1371830093532
1,Bug-f70afa79-7722-4151-b8fd-9ce5586f4dc7,1404289613277
1,Bug-15dc338b-28dd-4398-937f-adeb71e1871a,1382614676612
2,Bug-f0ff54bd-2710-4162-82d9-c2793a9cc4e4,1380916498929
0,Bug-2985f44b-da7e-4ea0-b45e-3cd4c9392f50,1380784849502
2,Bug-f3e29758-5d78-4f9e-897f-6059cb79ffea,1403772632969
1,Bug-b3af4f66-cb9d-4928-986d-88769048349c,1365431579272
1,Bug-b4f5f953-302e-48b5-9092-38b7fabf6d1c,1404229230020
1,Bug-09e4c6cb-c392-4a02-b0e6-a74aa509b566,1396432682451
1,Bug-eb42d830-df19-4b66-b90d-2c16ce6b5562,1403687601796
1,Bug-06187e9a-7fab-4a22-aa1c-1cd77afcbd31,1379191363194
0,Bug-9e3260cd-fa6b-4939-83c1-58c518c24b5b,1391076575751
3,Bug-2626a098-e0d6-452b-982d-43d6e8a63750,1376059740305
0,Bug-7139d51d-d986-4d64-abb8-29a4f0c43ab6,1406529837633
1,Bug-5b85ee5f-af42-4ed6-98f4-f532cd705f4d,1369753415996
1,Bug-41ec470a-29fe-4756-9b13-0d13af0f5afb,1351691975455
1,Bug-e25f4e6f-b51a-4026-b56c-7e544e077e43,1395271237781
0,Bug-d35d121e-3406-496d-8630-7d3d18e72b10,1401269580039
1,Bug-649bf4ca-4e06-4ba4-8afb-3ba4fc3dabc6,1410788127189
1,Bug-091f56bd-351c-43ff-9d3d-93a2ffc765da,1410005389624
0,Bug-d1d8ebe0-d865-4cb7-89f1-1eff2d1609d5,1383730571017
2,Bug-c79acd10-f459-48ef-81f1-535ee443605e,1405410977631
1,Bug-2caba458-682f-4a27-a332-7d9f399cdfd7,1380194739060
1,Bug-42b1d2f0-aa74-49e4-9376-48ef22cf4812,1389858401977
3,Bug-02938118-6944-4752-b450-1d8994fb54e3,1380847837386
1,Bug-82b08f76-be5e-4913-8b1f-7a69d70e873c,1376045016790
0,Bug-288a04d4-c54a-4401-b3cf-5d19bbac5106,1371830639338
4,Bug-8e6b00dd-bd44-48fe-b8b5-dd4914278009,1362130976619
1,Bug-3615d7da-1eda-46cf-b71b-8a289a54f4a2,1404723853115
1,Bug-41c56e46-9557-499c-acd6-34f194e34761,1409234396280
1,Bug-2fa754a6-b47e-42d9-b96d-0b8276548d4c,1404984435518
1,Bug-a95db156-e18a-4c8a-802a-6ff200d770cc,1396635624405
1,Bug-b67da60b-e97d-4a68-9f48-2fcaee8dff0e,1409301590138
0,Bug-ccb35e13-e3d2-4a39-b5de-78b8695aa0e0,1387804977052
1,Bug-fb6bfc3a-541c-4199-94a5-eabef6a54856,1379928838389
1,Bug-0e75398c-ed06-4f4f-81bb-e3bf1c3cc3d8,1391685371603
2,Bug-476f7815-29ce-4139-b5b5-af9b19590dfe,1393264984671
1,Bug-5e3d58d3-0fff-4275-a03e-8a2bb523dba8,1370859326228
0,Bug-64a06a2d-8cb1-4701-b42f-8d8b98883cba,1394707917911
1,Bug-79256f3d-628e-456f-a037-788f3f1ea30e,1384317248652
1,Bug-d657072e-3f38-4938-9d21-09a3a843d4fd,1383232050534
4,Bug-2b33104e-b4db-414f-84a4-563ce2eee881,1371830387465
5,Bug-5b2a5414-734a-438f-ab52-16f5787f4248,1405936114884
3,Bug-6a87a20f-d1cc-4e93-ac81-edb2b99b07b2,1380130662835
1,Bug-2d42cd52-0e61-44a5-b224-a1a4b9811078,1386931385950
1,Bug-3344ca63-a747-4661-b316-87728bb1dabf,1403617580811
2,Bug-cc8ab555-5eee-4603-8945-f066b6ba5efb,1379935862902
2,Bug-aefe00fe-56cb-4834-bece-115cc47b9a98,1380314634732
1,Bug-634fd845-8648-420f-bbc3-3ff195bd9b2e,1365767178686
1,Bug-53917866-f715-4cfc-8ce0-cac93efe7bef,1400140707401
2,Bug-3bc2ebec-1436-4d5e-bedc-030b56d72253,1407337988639
1,Bug-3f8d7ae2-e1d7-4663-9497-dce1acf3c2c8,1213403205966
1,Bug-ad1bf4c1-3558-4fdb-be4e-1b838f4bfee7,1393869115715
0,Bug-73e437b8-5f69-4e60-88aa-6de9a544c2cf,1362921029872
2,Bug-86c34a02-b75f-4391-8bea-f83a53d1d92a,1392386635280
1,Bug-04c468ac-590c-4352-a7e3-b500c62a70cb,1402047277081
0,Bug-1de99801-5e35-4fd4-9930-fb360079cd0c,1398941190807
0,Bug-2dd26175-8100-49f1-8b14-23dc6eeb212a,1408461858595
5,Bug-ea5c55bd-c905-4a74-b2b8-c1124a7101ce,1379516268132
1,Bug-fc58620d-fcd6-4d33-ae0c-a59dffc78ba6,1218175674695
1,Bug-c9cae98b-f6b3-4293-a1be-921a089295d0,1396541394003
0,Bug-dd520715-63b8-4ecc-8664-3df7fd400d70,1305737809232
0,Bug-d0e5fb19-fa6c-4dcb-861b-c8179b4382fc,1390924451306
1,Bug-ade5636d-c315-44e4-83e3-bfb5bf4457a3,1401800416446
0,Bug-0683aba8-eb46-4ea5-bd08-43f5d306b0b0,1380547981595
1,Bug-0a6cc6f3-0133-4e70-98b6-c8aede1435cc,1379083170546
1,Bug-4840e191-29a6-481b-9cae-fb88997b265b,1383663342663
1,Bug-51c467fc-fe78-40c4-be9d-56d4ee3bedb7,1380022771174
1,Bug-09fcb012-1077-4145-9127-16f033710c30,1381455559141
2,Bug-2fc1d7a6-5d32-4772-9f03-c2b3f85af43d,1400681302056
2,Bug-d29f51ce-5896-467c-93ae-a93ffaea9218,1388746295577
1,Bug-3dcdb907-f0f0-401b-8e5b-5c115a34d727,1407963044186
3,Bug-e5b37684-b19b-4615-81a3-39e0f5815679,1380104666221
1,Bug-01e49d33-b76d-41ae-a67a-1c1988a64969,1406031252792
1,Bug-107160aa-44a2-4fe6-9db6-60eb954ebaa3,1407339987071
1,Bug-5542b557-22ea-4fb1-9789-20a606f0eb70,1378726594653
0,Bug-802c9367-a084-43ba-86cb-b80ad7686f18,1400072856097
1,Bug-33104f78-d032-4107-bdf0-09bc8ef2e7d3,1392368011366
2,Bug-5b73fac9-d92e-4a7e-83de-cbcbf7223810,1406529506999
2,Bug-6b74f64d-4e06-4d9b-84d2-1a72223a9f8b,1352990595783
0,Bug-f0ceb27e-aee8-434b-90c2-df7751762952,1375802207528
0,Bug-67dcd47a-384f-4c6f-a228-4d593863eb09,1375102238795
0,Bug-f8c0fedf-56b2-4a01-8e5d-96a7105c3658,1266845022568
1,Bug-3d2d69d5-1583-4273-89ea-280a46c7da98,1379603160319
1,Bug-585482b1-bee5-4f6b-8378-87b2d5b32141,1395668232143
0,Bug-748a2ead-9eb8-48de-9738-b2206d1fe2cc,1403878442423
2,Bug-b1ebcddb-4596-4f9f-afb9-ada40f9e1fbb,1382185256627
1,Bug-39930c6c-71b7-4193-beee-b3498b90b99e,1393760518463
0,Bug-d1a3c499-dfef-4965-9d49-bb8cfe2bbced,1379533578095
0,Bug-06ee9386-0e07-4c85-95c1-32311c28498f,1392912266572
0,Bug-d8e75a0f-e7d5-45b2-9aab-31e48984acff,1380194803873
3,Bug-305fe1ae-cb3f-45df-8e0d-841b81b29107,1400596840321
1,Bug-024d2f50-e7cb-4bfa-95c1-319b3ba1cfb4,1392368658008
0,Bug-d029883f-5da9-421d-a946-beaaefd23923,1399299318145
2,Bug-6c2bef95-2d88-4aba-8c6a-645642e64996,1393869199217
5,Bug-add979d2-bc30-4c3f-8b5e-ec65c4910288,1394804412371
1,Bug-6da1c8cc-1701-430b-b259-dcd7cfb2fb66,1380194785445
1,Bug-944ce9a6-ecc4-4447-b6a6-ce4df59819f3,1401801809006
1,Bug-e3ac7578-bb0b-47d2-bb98-7ba9fe1cca90,1395251465523
1,Bug-a56be48b-29fe-4851-88e8-3e425c98c588,1400072873446
1,Bug-3b427a70-df8d-4b06-9257-eea3a57e285d,1382342679843
1,Bug-2ddc753f-5178-4a50-8a17-403017158417,1380104882185
2,Bug-01ad2521-a066-444f-a058-5c7682637a72,1405541277764
0,Bug-60352b54-ca36-48bb-9638-a9bfec5e11ff,1375368158573
0,Bug-8e266ca1-b4b3-4e80-a923-b7034e4798ac,1225923401204
2,Bug-104dcd74-739f-4333-b48a-bdcb51172579,1408019890288
1,Bug-9a9964da-4e26-4489-aaa3-9b30c09d8ccd,1404554254543
1,Bug-35fd4e2b-7d51-43b4-9aa9-816acbc2a31a,1363264060587
3,Bug-81d6b843-8d2d-407a-ac08-bfa53453c600,1306218400320
1,Bug-a265cf8c-e9bb-4dc0-8445-a74fc6fb4201,1406528946444
1,Bug-ca5215b5-8e16-4624-8b33-0e888b00cacf,1404119805708
0,Bug-f09ed1c4-adb5-4012-85ea-cc4d2c1194da,1400584323686
1,Bug-415a1fa4-9ecd-4ff6-b1ad-1047668b5da2,1402584099054
1,Bug-f64efe3d-19aa-43e1-9907-1f13a35380a6,1396968573163
3,Bug-3eb724d1-4888-41a3-8327-c76aa309076b,1383096364699
1,Bug-c05ee1fb-89d9-4519-bd58-64025e447f98,1398273728351
3,Bug-6a13b606-e366-4787-a8ea-cfd2d274fd7c,1397649540705
5,Bug-d2bc6764-6766-4fde-9006-e259f8819532,1361857320718
1,Bug-f7ff2aa7-09d4-440e-a472-9494f0b20922,1329844368165
1,Bug-369f795c-e938-4e6a-9515-d9cec5e133a1,1389862398469
1,Bug-8375303f-dc08-4164-b4e1-3fd818d6cb8d,1406529675271
1,Bug-7ca3549c-45fa-4eab-b2d0-edb131847f4c,1402929606937
1,Bug-d36a3ac1-7b2f-4a6d-9048-3d6479ac73eb,1396645133643
1,Bug-fed0cb63-fe73-4907-9cb3-28acaf2e3b11,1388759881737
0,Bug-3fd44df6-c7be-4abe-bd19-f14bed6dac7f,1390827620008
1,Bug-dff97534-e338-49a8-a0d0-07381ad59124,1398693531133
1,Bug-17fb7458-1053-4dfc-bc5a-fede0e1760b8,1399548813152
1,Bug-8b3074b5-335d-453d-8f39-5145a74c301e,1410895470091
1,Bug-6e3fba9a-db7a-4b08-ba93-13c6f1ea0204,1400595817361
0,Bug-a0f781f8-cdaa-4605-85db-00ecff1b2274,1380230265112
1,Bug-2e82cbc8-fb8a-44da-a2dc-0c2690c99278,1403619928292
0,Bug-8112ada8-bb39-4e2f-b827-9322e95043f9,1400670507840
0,Bug-772baafa-5bb9-4f39-a9a1-38cce93cf4d5,1377003974632
2,Bug-8d1e8a0f-c924-4e9b-82c2-f1440fc1e167,1384172553495
1,Bug-70519e7a-ca18-45b5-9d46-60fa13950038,1380057593336
0,Bug-b7d60c58-c69f-4278-be21-998bb61f4f78,1393262878631
1,Bug-9b7f0443-66b5-4197-a66a-d86fd554027e,1401797862112
1,Bug-ef7ae31d-e370-4bbb-b71f-5417f5c904e3,1383569828942
1,Bug-c0efde89-6ce1-4a58-8022-0ac9534c5208,1394026628090
1,Bug-cff8b989-e003-42bc-85a9-789e742e3b0b,1386557103215
5,Bug-05d9750d-910a-43a8-ab90-79239b05be99,1402671018655
0,Bug-7375f501-d290-4dc9-9b2e-d17c20ace3b9,1373615842924
1,Bug-8a7a0e32-ad5a-4fd0-8122-d2d68e965884,1392138996144
1,Bug-c81cee57-e104-41d7-9643-01f99579d0f4,1385555251856
1,Bug-4f1ccb22-f630-4b90-9707-fe08f49f7492,1379591955583
1,Bug-bd888e0b-df44-4a5c-95cf-acae57878d82,1382530710212
1,Bug-e9585f17-9730-4492-9e4c-f612a92eda3b,1401969781776
2,Bug-ed361298-63f0-4170-b8ab-64750639ed5c,1389879713716
1,Bug-fd91b2b2-c6e6-4f6e-ae1a-c1fc28bc96f0,1361768335516
1,Bug-4d524d5f-d535-4d2e-82e6-a49722e33573,1392035626007
1,Bug-43e8dad2-2c14-4a13-a471-c48466ec6e35,1364604144023
0,Bug-60f62c88-a671-412f-9960-880b0ecd7c1c,1379945649767
2,Bug-94d0dfd8-7eb8-4fd6-b748-0beb9b0bafeb,1383917994669
1,Bug-fea41776-2c0e-442d-a1ae-85d42295189d,1391037888991
0,Bug-bdf9ba29-b8bc-47fd-b03b-244012d9e8d3,1382371066210
3,Bug-76bdafa6-c158-4e9c-bd69-1de6695a8bb3,1395764508440
1,Bug-915de72a-cbf0-4ab8-be51-07638c051929,1378822156509
2,Bug-84dc76d0-b3a6-4274-8285-0710733676ab,1380007360359
1,Bug-e9a82e96-d7df-457c-87c7-5c02b1317d8d,1379583316018
0,Bug-bca0f0e9-af80-402a-8933-a16523939e28,1391559975887
1,Bug-f3c81ab9-ec6a-4494-a752-c83cf55bed6e,1404757035762
5,Bug-4d70d01b-3aa2-4755-acf9-33232aa16e19,1376647617138
1,Bug-cd16ca04-e8be-4f30-b915-56a60cad4b40,1403603842436
2,Bug-5eed2f31-aaf4-4f16-8835-4243026a1856,1401826388050
1,Bug-61ca8dd3-2446-4175-b765-bb2ff0297f19,1382040045547
1,Bug-ec9362a3-a7d6-416c-8a47-cad1d54c42b7,1402600720432
1,Bug-ffc29a51-72bc-4065-b939-769254a179a6,1285099360721
0,Bug-c010a672-bb02-44b3-a761-95800d71e9e6,1394469342760
1,Bug-6aecc406-750f-4412-81d9-16edbbef855e,1406531086797
5,Bug-0f6b5669-18fc-4129-973f-eea15d8be02f,1381505623261
1,Bug-c529cdfa-09c3-4631-a9e5-3e0ae0da5d37,1406530098893
1,Bug-cf5cd15d-48c4-46ce-9ede-61e16aafb646,1407164095073
5,Bug-72fe2792-4e0e-49f7-b329-57805e87b516,1408716840178
2,Bug-c6e93f68-e10a-4abe-8565-33d9b2341f7e,1401093980523
1,Bug-e5848895-3142-4571-bad2-c89b5095c8e8,1400157902563
1,Bug-156ff42d-e39a-4cc1-bf3b-f5c940822181,1384340217331
3,Bug-29277e75-329e-445c-9c99-34f3c4831c7e,1404371988005
1,Bug-d71689a2-5f7f-4ea9-920b-3b40c2760c03,1405354323177
1,Bug-b1868c81-e493-42c1-8b69-97e6131f45bc,1409079335822
1,Bug-322a0cf6-f4c6-4d02-95f5-1e436a5c0762,1391170946928
1,Bug-2aeb9f42-35ff-4157-9284-eccb74f8dca6,1382962978538
1,Bug-c18a3291-b5f9-463b-a71a-d3e9d9c49772,1383323454285
1,Bug-889bd40b-6570-4ee7-9dcd-2e39c069147c,1381224483130
0,Bug-88c892ec-c68c-4332-b32c-4a831cec94e1,1409078762208
1,Bug-a78d7c3d-56a4-4bad-833a-97ed75275dec,1378305742330
1,Bug-b2ecb201-5596-4b55-9250-6539b14ab6fe,1391254173189
1,Bug-9232263d-f911-4a4a-8fec-d122768fb665,1402388669856
1,Bug-b753c1ac-be58-4357-82fc-886eeba227fd,1380043227776
1,Bug-2d12758a-aa2a-490e-8570-6b52e9019a82,1376063415289
1,Bug-72b74ce0-64ed-4719-9922-8af113ca8c4a,1390927135844
1,Bug-abd283dc-e02b-4b58-876a-47f2e04aa153,1401199104046
1,Bug-867fcda1-f80e-483d-8597-655067c09ce8,1384957761532
3,Bug-a8125f8f-a1c2-4c93-a01c-4609a0563e21,1400148039450
3,Bug-926f5ef5-daba-4489-ad4e-3d7865a0f64a,1407168000703
