1,0.0666667,0.666667,0.0666667,0.0666667,0.0666667,0.0666667
2,0.0526316,0.736842,0.0526316,0.0526316,0.0526316,0.0526316
3,0.05,0.3,0.5,0.05,0.05,0.05
4,0.0666667,0.666667,0.0666667,0.0666667,0.0666667,0.0666667
5,0.254902,0.0784314,0.294118,0.117647,0.235294,0.0196078
6,0.0666667,0.6,0.0666667,0.133333,0.0666667,0.0666667
7,0.391304,0.282609,0.0869565,0.195652,0.0217391,0.0217391
8,0.1,0.5,0.1,0.1,0.1,0.1
9,0.25,0.0833333,0.0833333,0.333333,0.166667,0.0833333
10,0.468354,0.0506329,0.333333,0.105485,0.00843882,0.0337553
11,0.307692,0.153846,0.307692,0.153846,0.0384615,0.0384615
12,0.243902,0.158537,0.292683,0.280488,0.0121951,0.0121951
13,0.153846,0.192308,0.346154,0.230769,0.0384615,0.0384615
14,0.0666667,0.666667,0.0666667,0.0666667,0.0666667,0.0666667
15,0.1,0.5,0.1,0.1,0.1,0.1
16,0.458824,0.0470588,0.152941,0.2,0.0117647,0.129412
17,0.221239,0.132743,0.0619469,0.123894,0.00884956,0.451327
18,0.1,0.5,0.1,0.1,0.1,0.1
19,0.15,0.35,0.2,0.1,0.15,0.05
20,0.240385,0.346154,0.192308,0.129808,0.00480769,0.0865385
21,0.3125,0.0625,0.0625,0.4375,0.0625,0.0625
22,0.35,0.116667,0.308333,0.00833333,0.00833333,0.208333
23,0.08,0.02,0.08,0.76,0.02,0.04
24,0.0588235,0.705882,0.0588235,0.0588235,0.0588235,0.0588235
25,0.0666667,0.6,0.0666667,0.133333,0.0666667,0.0666667
26,0.0588235,0.705882,0.0588235,0.0588235,0.0588235,0.0588235
27,0.125,0.375,0.125,0.125,0.125,0.125
28,0.0909091,0.545455,0.0909091,0.0909091,0.0909091,0.0909091
29,0.134615,0.0913462,0.115385,0.129808,0.182692,0.346154
30,0.1,0.5,0.1,0.1,0.1,0.1
31,0.0909091,0.545455,0.0909091,0.0909091,0.0909091,0.0909091
32,0.1,0.5,0.1,0.1,0.1,0.1
33,0.444444,0.037037,0.296296,0.037037,0.037037,0.148148
34,0.0625,0.1875,0.520833,0.1875,0.0208333,0.0208333
35,0.037037,0.814815,0.037037,0.037037,0.037037,0.037037
36,0.0666667,0.666667,0.0666667,0.0666667,0.0666667,0.0666667
37,0.138889,0.277778,0.472222,0.0277778,0.0277778,0.0555556
38,0.195122,0.0121951,0.0853659,0.0121951,0.682927,0.0121951
39,0.0909091,0.0909091,0.454545,0.181818,0.0909091,0.0909091
40,0.175439,0.315789,0.105263,0.0701754,0.315789,0.0175439
41,0.139241,0.0632911,0.658228,0.0379747,0.0632911,0.0379747
42,0.0434783,0.782609,0.0434783,0.0434783,0.0434783,0.0434783
43,0.1,0.5,0.1,0.1,0.1,0.1
44,0.1,0.5,0.1,0.1,0.1,0.1
45,0.166667,0.416667,0.0833333,0.166667,0.0833333,0.0833333
46,0.176471,0.411765,0.235294,0.0588235,0.0588235,0.0588235
47,0.0714286,0.5,0.214286,0.0714286,0.0714286,0.0714286
48,0.170213,0.255319,0.319149,0.212766,0.0212766,0.0212766
49,0.0666667,0.666667,0.0666667,0.0666667,0.0666667,0.0666667
50,0.0714286,0.642857,0.0714286,0.0714286,0.0714286,0.0714286
51,0.02,0.9,0.02,0.02,0.02,0.02
52,0.0909091,0.545455,0.0909091,0.0909091,0.0909091,0.0909091
53,0.325424,0.040678,0.240678,0.338983,0.0508475,0.00338983
54,0.164502,0.034632,0.402597,0.225108,0.034632,0.138528
55,0.281928,0.0650602,0.453012,0.146988,0.0192771,0.0337349
56,0.25,0.416667,0.0833333,0.0833333,0.0833333,0.0833333
57,0.04,0.48,0.24,0.04,0.16,0.04
58,0.111111,0.0555556,0.277778,0.444444,0.0555556,0.0555556
59,0.464286,0.125,0.285714,0.0535714,0.0178571,0.0535714
60,0.234987,0.078329,0.475196,0.0443864,0.00261097,0.164491
61,0.324786,0.136752,0.145299,0.17094,0.205128,0.017094
62,0.0909091,0.545455,0.0909091,0.0909091,0.0909091,0.0909091
63,0.217822,0.049505,0.514851,0.188119,0.019802,0.00990099
64,0.130435,0.652174,0.0434783,0.0869565,0.0434783,0.0434783
65,0.369565,0.289855,0.115942,0.130435,0.0797101,0.0144928
66,0.379679,0.0213904,0.363636,0.0481283,0.0534759,0.13369
67,0.05,0.7,0.1,0.05,0.05,0.05
68,0.285714,0.142857,0.142857,0.142857,0.142857,0.142857
69,0.0666667,0.666667,0.0666667,0.0666667,0.0666667,0.0666667
70,0.1,0.5,0.1,0.1,0.1,0.1
71,0.1,0.5,0.1,0.1,0.1,0.1
72,0.0454545,0.636364,0.181818,0.0454545,0.0454545,0.0454545
73,0.047619,0.52381,0.285714,0.047619,0.047619,0.047619
74,0.16129,0.16129,0.16129,0.451613,0.0322581,0.0322581
75,0.306667,0.0133333,0.4,0.213333,0.0133333,0.0533333
76,0.111111,0.0702948,0.292517,0.0249433,0.108844,0.39229
77,0.0666667,0.666667,0.0666667,0.0666667,0.0666667,0.0666667
78,0.1,0.5,0.1,0.1,0.1,0.1
79,0.269231,0.307692,0.0384615,0.269231,0.0769231,0.0384615
80,0.539326,0.0449438,0.134831,0.213483,0.011236,0.0561798
81,0.0263158,0.657895,0.0263158,0.210526,0.0526316,0.0263158
82,0.0714286,0.642857,0.0714286,0.0714286,0.0714286,0.0714286
83,0.132075,0.0188679,0.528302,0.283019,0.0188679,0.0188679
84,0.35,0.05,0.45,0.05,0.05,0.05
85,0.141026,0.102564,0.0128205,0.384615,0.269231,0.0897436
86,0.2875,0.1875,0.3625,0.0875,0.0125,0.0625
87,0.0909091,0.545455,0.0909091,0.0909091,0.0909091,0.0909091
88,0.171429,0.142857,0.6,0.0571429,0.0142857,0.0142857
89,0.430233,0.0116279,0.127907,0.162791,0.255814,0.0116279
90,0.272727,0.363636,0.030303,0.242424,0.0606061,0.030303
91,0.0666667,0.666667,0.0666667,0.0666667,0.0666667,0.0666667
92,0.315789,0.0526316,0.263158,0.0526316,0.263158,0.0526316
93,0.0555556,0.722222,0.0555556,0.0555556,0.0555556,0.0555556
94,0.1,0.5,0.1,0.1,0.1,0.1
95,0.565217,0.0434783,0.0869565,0.130435,0.0434783,0.130435
96,0.0666667,0.666667,0.0666667,0.0666667,0.0666667,0.0666667
97,0.0666667,0.666667,0.0666667,0.0666667,0.0666667,0.0666667
98,0.127013,0.0554562,0.0769231,0.119857,0.429338,0.191413
99,0.333333,0.0277778,0.118056,0.305556,0.208333,0.00694444
100,0.0512821,0.205128,0.683761,0.042735,0.00854701,0.00854701
101,0.1,0.4,0.1,0.1,0.1,0.2
102,0.0714286,0.642857,0.0714286,0.0714286,0.0714286,0.0714286
103,0.0787037,0.00462963,0.361111,0.0324074,0.0416667,0.481481
104,0.190476,0.404762,0.309524,0.047619,0.0238095,0.0238095
105,0.212121,0.030303,0.5,0.0757576,0.136364,0.0454545
106,0.0434783,0.782609,0.0434783,0.0434783,0.0434783,0.0434783
107,0.388889,0.0555556,0.111111,0.333333,0.0555556,0.0555556
108,0.0416667,0.125,0.229167,0.1875,0.0833333,0.333333
109,0.0555556,0.722222,0.0555556,0.0555556,0.0555556,0.0555556
110,0.0833333,0.583333,0.0833333,0.0833333,0.0833333,0.0833333
111,0.214286,0.0714286,0.0714286,0.5,0.0714286,0.0714286
112,0.260274,0.0958904,0.086758,0.369863,0.0913242,0.0958904
113,0.0666667,0.666667,0.0666667,0.0666667,0.0666667,0.0666667
114,0.319149,0.106383,0.113475,0.205674,0.248227,0.0070922
115,0.1,0.5,0.1,0.1,0.1,0.1
116,0.123077,0.184615,0.0923077,0.184615,0.353846,0.0615385
117,0.361111,0.0833333,0.166667,0.166667,0.194444,0.0277778
118,0.187845,0.0165746,0.508287,0.265193,0.00552486,0.0165746
119,0.228571,0.0342857,0.505714,0.194286,0.00285714,0.0342857
120,0.0909091,0.545455,0.0909091,0.0909091,0.0909091,0.0909091
121,0.371951,0.304878,0.0853659,0.22561,0.00609756,0.00609756
122,0.1,0.5,0.1,0.1,0.1,0.1
123,0.458333,0.333333,0.0833333,0.0416667,0.0416667,0.0416667
124,0.544118,0.264706,0.102941,0.0588235,0.0147059,0.0147059
125,0.483444,0.10596,0.152318,0.178808,0.0728477,0.00662252
126,0.1,0.5,0.1,0.1,0.1,0.1
127,0.210526,0.0263158,0.473684,0.131579,0.0263158,0.131579
128,0.447368,0.0526316,0.368421,0.0263158,0.0789474,0.0263158
129,0.125858,0.0411899,0.473684,0.0732265,0.0366133,0.249428
130,0.0666667,0.666667,0.0666667,0.0666667,0.0666667,0.0666667
131,0.454545,0.0909091,0.0909091,0.181818,0.0909091,0.0909091
132,0.193548,0.580645,0.0322581,0.129032,0.0322581,0.0322581
133,0.0333333,0.0333333,0.2,0.633333,0.0666667,0.0333333
134,0.108108,0.00675676,0.52027,0.317568,0.0405405,0.00675676
135,0.34375,0.21875,0.34375,0.03125,0.03125,0.03125
136,0.586207,0.241379,0.0689655,0.0344828,0.0344828,0.0344828
137,0.0434783,0.782609,0.0434783,0.0434783,0.0434783,0.0434783
138,0.416667,0.0416667,0.0416667,0.125,0.0416667,0.333333
139,0.153846,0.538462,0.0769231,0.0769231,0.0769231,0.0769231
140,0.0666667,0.666667,0.0666667,0.0666667,0.0666667,0.0666667
141,0.0666667,0.666667,0.0666667,0.0666667,0.0666667,0.0666667
142,0.0833333,0.85,0.0166667,0.0166667,0.0166667,0.0166667
143,0.303867,0.104972,0.0883978,0.342541,0.154696,0.00552486
144,0.181818,0.454545,0.0909091,0.0909091,0.0909091,0.0909091
145,0.0666667,0.666667,0.0666667,0.0666667,0.0666667,0.0666667
146,0.0454545,0.772727,0.0454545,0.0454545,0.0454545,0.0454545
147,0.266667,0.6,0.0333333,0.0333333,0.0333333,0.0333333
148,0.1,0.5,0.1,0.1,0.1,0.1
149,0.4,0.1,0.2,0.1,0.1,0.1
150,0.217391,0.152174,0.434783,0.0652174,0.0217391,0.108696
151,0.492063,0.0793651,0.047619,0.190476,0.0634921,0.126984
152,0.0909091,0.545455,0.0909091,0.0909091,0.0909091,0.0909091
153,0.4375,0.125,0.0625,0.25,0.0625,0.0625
154,0.125,0.625,0.0625,0.0625,0.0625,0.0625
155,0.0666667,0.666667,0.0666667,0.0666667,0.0666667,0.0666667
156,0.321429,0.321429,0.178571,0.142857,0.0178571,0.0178571
157,0.444444,0.111111,0.111111,0.111111,0.111111,0.111111
158,0.0454545,0.727273,0.0454545,0.0909091,0.0454545,0.0454545
159,0.0454545,0.772727,0.0454545,0.0454545,0.0454545,0.0454545
160,0.25641,0.025641,0.153846,0.435897,0.102564,0.025641
161,0.214286,0.0571429,0.228571,0.328571,0.0142857,0.157143
162,0.313725,0.215686,0.352941,0.0784314,0.0196078,0.0196078
163,0.0833333,0.583333,0.0833333,0.0833333,0.0833333,0.0833333
164,0.04,0.72,0.04,0.12,0.04,0.04
165,0.0714286,0.642857,0.0714286,0.0714286,0.0714286,0.0714286
166,0.0851064,0.0212766,0.382979,0.404255,0.0851064,0.0212766
167,0.0620155,0.00775194,0.395349,0.0465116,0.48062,0.00775194
168,0.171429,0.1,0.107143,0.607143,0.00714286,0.00714286
169,0.25,0.25,0.1875,0.0625,0.1875,0.0625
170,0.137931,0.724138,0.0344828,0.0344828,0.0344828,0.0344828
171,0.1,0.5,0.1,0.1,0.1,0.1
172,0.202381,0.0238095,0.142857,0.214286,0.25,0.166667
173,0.0714286,0.285714,0.357143,0.142857,0.0714286,0.0714286
174,0.265766,0.045045,0.509009,0.123874,0.0405405,0.0157658
175,0.0434783,0.782609,0.0434783,0.0434783,0.0434783,0.0434783
176,0.0909091,0.681818,0.0909091,0.0454545,0.0454545,0.0454545
177,0.159091,0.25,0.431818,0.0227273,0.0227273,0.113636
178,0.166667,0.633333,0.1,0.0333333,0.0333333,0.0333333
179,0.1,0.5,0.1,0.1,0.1,0.1
180,0.1,0.5,0.1,0.1,0.1,0.1
181,0.324561,0.0350877,0.140351,0.201754,0.22807,0.0701754
182,0.0714286,0.428571,0.0714286,0.285714,0.0714286,0.0714286
183,0.0714286,0.642857,0.0714286,0.0714286,0.0714286,0.0714286
184,0.181818,0.454545,0.0909091,0.0909091,0.0909091,0.0909091
185,0.0559006,0.0745342,0.198758,0.248447,0.068323,0.354037
186,0.470588,0.411765,0.0294118,0.0294118,0.0294118,0.0294118
187,0.1,0.5,0.1,0.1,0.1,0.1
188,0.188235,0.0352941,0.270588,0.435294,0.0470588,0.0235294
189,0.1,0.5,0.1,0.1,0.1,0.1
190,0.111111,0.333333,0.222222,0.111111,0.111111,0.111111
191,0.25,0.0625,0.3125,0.125,0.0625,0.1875
192,0.461538,0.0769231,0.230769,0.0769231,0.0769231,0.0769231
193,0.0666667,0.666667,0.0666667,0.0666667,0.0666667,0.0666667
194,0.0833333,0.583333,0.0833333,0.0833333,0.0833333,0.0833333
195,0.0666667,0.666667,0.0666667,0.0666667,0.0666667,0.0666667
196,0.0526316,0.684211,0.105263,0.0526316,0.0526316,0.0526316
197,0.0666667,0.666667,0.0666667,0.0666667,0.0666667,0.0666667
198,0.1,0.5,0.1,0.1,0.1,0.1
199,0.578947,0.157895,0.0526316,0.105263,0.0526316,0.0526316
200,0.0891089,0.019802,0.277228,0.287129,0.227723,0.0990099
201,0.526316,0.263158,0.0526316,0.0526316,0.0526316,0.0526316
202,0.0666667,0.666667,0.0666667,0.0666667,0.0666667,0.0666667
203,0.0666667,0.666667,0.0666667,0.0666667,0.0666667,0.0666667
204,0.133333,0.4,0.133333,0.266667,0.0333333,0.0333333
205,0.277778,0.0833333,0.111111,0.444444,0.0277778,0.0555556
206,0.333333,0.037037,0.518519,0.037037,0.037037,0.037037
207,0.210526,0.0526316,0.0526316,0.473684,0.157895,0.0526316
208,0.037037,0.740741,0.037037,0.111111,0.037037,0.037037
209,0.1,0.5,0.1,0.1,0.1,0.1
210,0.02,0.48,0.24,0.18,0.06,0.02
211,0.47619,0.047619,0.333333,0.047619,0.047619,0.047619
212,0.125,0.708333,0.0416667,0.0416667,0.0416667,0.0416667
213,0.235294,0.0588235,0.529412,0.0588235,0.0588235,0.0588235
214,0.0769231,0.730769,0.0769231,0.0384615,0.0384615,0.0384615
215,0.185185,0.425926,0.185185,0.166667,0.0185185,0.0185185
216,0.102041,0.244898,0.346939,0.0612245,0.0204082,0.22449
217,0.133333,0.533333,0.133333,0.0666667,0.0666667,0.0666667
218,0.0666667,0.666667,0.0666667,0.0666667,0.0666667,0.0666667
219,0.0196078,0.0784314,0.0196078,0.666667,0.196078,0.0196078
220,0.0666667,0.666667,0.0666667,0.0666667,0.0666667,0.0666667
221,0.280702,0.157895,0.122807,0.403509,0.0175439,0.0175439
222,0.025641,0.641026,0.025641,0.153846,0.128205,0.025641
223,0.1,0.5,0.1,0.1,0.1,0.1
224,0.4,0.12,0.2,0.16,0.1,0.02
225,0.0666667,0.666667,0.0666667,0.0666667,0.0666667,0.0666667
226,0.25,0.0869565,0.478261,0.0978261,0.0543478,0.0326087
227,0.111111,0.333333,0.0555556,0.277778,0.111111,0.111111
228,0.04,0.76,0.04,0.04,0.04,0.08
229,0.194444,0.305556,0.0277778,0.361111,0.0833333,0.0277778
230,0.75,0.0108696,0.0326087,0.173913,0.0217391,0.0108696
231,0.1,0.5,0.1,0.1,0.1,0.1
232,0.0702875,0.0191693,0.0596379,0.0926518,0.0255591,0.732694
233,0.118519,0.0148148,0.377778,0.2,0.037037,0.251852
234,0.0434783,0.782609,0.0434783,0.0434783,0.0434783,0.0434783
235,0.32,0.04,0.2,0.12,0.12,0.2
236,0.0555556,0.722222,0.0555556,0.0555556,0.0555556,0.0555556
237,0.375,0.125,0.125,0.125,0.125,0.125
238,0.30303,0.333333,0.151515,0.151515,0.030303,0.030303
239,0.397959,0.0153061,0.0408163,0.280612,0.0969388,0.168367
240,0.341463,0.243902,0.121951,0.243902,0.0243902,0.0243902
241,0.151515,0.439394,0.0151515,0.318182,0.0606061,0.0151515
242,0.0666667,0.666667,0.0666667,0.0666667,0.0666667,0.0666667
243,0.105263,0.315789,0.421053,0.0526316,0.0526316,0.0526316
244,0.03125,0.84375,0.03125,0.03125,0.03125,0.03125
245,0.0666667,0.6,0.0666667,0.133333,0.0666667,0.0666667
246,0.1,0.5,0.1,0.1,0.1,0.1
247,0.1,0.5,0.1,0.1,0.1,0.1
248,0.0833333,0.583333,0.0833333,0.0833333,0.0833333,0.0833333
249,0.0454545,0.772727,0.0454545,0.0454545,0.0454545,0.0454545
250,0.0833333,0.416667,0.0833333,0.25,0.0833333,0.0833333
251,0.1,0.5,0.1,0.1,0.1,0.1
252,0.347826,0.347826,0.173913,0.0434783,0.0434783,0.0434783
253,0.0909091,0.545455,0.0909091,0.0909091,0.0909091,0.0909091
254,0.357143,0.0357143,0.0357143,0.428571,0.107143,0.0357143
255,0.0555556,0.722222,0.0555556,0.0555556,0.0555556,0.0555556
256,0.0714286,0.642857,0.0714286,0.0714286,0.0714286,0.0714286
257,0.111111,0.333333,0.111111,0.222222,0.111111,0.111111
258,0.0869565,0.434783,0.217391,0.173913,0.0434783,0.0434783
259,0.263158,0.210526,0.447368,0.0263158,0.0263158,0.0263158
260,0.0679012,0.0864198,0.17284,0.166667,0.0308642,0.475309
261,0.0833333,0.583333,0.0833333,0.0833333,0.0833333,0.0833333
262,0.1,0.4,0.1,0.1,0.2,0.1
263,0.0526316,0.578947,0.210526,0.0526316,0.0526316,0.0526316
264,0.1,0.5,0.1,0.1,0.1,0.1
265,0.1,0.5,0.1,0.1,0.1,0.1
266,0.3125,0.1875,0.09375,0.34375,0.03125,0.03125
267,0.590164,0.213115,0.147541,0.0163934,0.0163934,0.0163934
268,0.25,0.0833333,0.333333,0.166667,0.0833333,0.0833333
269,0.181818,0.272727,0.204545,0.0227273,0.295455,0.0227273
270,0.0666667,0.666667,0.0666667,0.0666667,0.0666667,0.0666667
271,0.1,0.5,0.1,0.1,0.1,0.1
272,0.2,0.3,0.1,0.2,0.1,0.1
273,0.0384615,0.730769,0.115385,0.0384615,0.0384615,0.0384615
274,0.217391,0.434783,0.0434783,0.130435,0.0434783,0.130435
275,0.1,0.5,0.1,0.1,0.1,0.1
276,0.0434783,0.782609,0.0434783,0.0434783,0.0434783,0.0434783
277,0.0666667,0.666667,0.0666667,0.0666667,0.0666667,0.0666667
278,0.142857,0.571429,0.0285714,0.142857,0.0285714,0.0857143
279,0.1,0.5,0.1,0.1,0.1,0.1
280,0.0714286,0.642857,0.0714286,0.0714286,0.0714286,0.0714286
281,0.0526316,0.736842,0.0526316,0.0526316,0.0526316,0.0526316
282,0.0952381,0.285714,0.428571,0.0952381,0.047619,0.047619
283,0.37037,0.296296,0.037037,0.222222,0.037037,0.037037
284,0.269231,0.00961538,0.586538,0.0673077,0.0576923,0.00961538
285,0.150943,0.54717,0.245283,0.0188679,0.0188679,0.0188679
286,0.0322581,0.83871,0.0322581,0.0322581,0.0322581,0.0322581
287,0.0454545,0.772727,0.0454545,0.0454545,0.0454545,0.0454545
288,0.0666667,0.666667,0.0666667,0.0666667,0.0666667,0.0666667
289,0.0833333,0.5,0.166667,0.0833333,0.0833333,0.0833333
290,0.35,0.05,0.15,0.3,0.1,0.05
291,0.291339,0.0393701,0.141732,0.452756,0.0590551,0.015748
292,0.518519,0.111111,0.259259,0.037037,0.037037,0.037037
293,0.304348,0.521739,0.0434783,0.0434783,0.0434783,0.0434783
294,0.333333,0.444444,0.0555556,0.0555556,0.0555556,0.0555556
295,0.0434783,0.73913,0.0434783,0.0869565,0.0434783,0.0434783
296,0.481481,0.148148,0.222222,0.0740741,0.037037,0.037037
297,0.1,0.5,0.1,0.1,0.1,0.1
298,0.173913,0.391304,0.26087,0.0869565,0.0434783,0.0434783
299,0.615385,0.0769231,0.230769,0.025641,0.025641,0.025641
300,0.225806,0.0322581,0.580645,0.0322581,0.0322581,0.0967742
301,0.1,0.5,0.1,0.1,0.1,0.1
302,0.0909091,0.545455,0.0909091,0.0909091,0.0909091,0.0909091
303,0.158301,0.019305,0.19305,0.478764,0.0694981,0.0810811
304,0.0666667,0.666667,0.0666667,0.0666667,0.0666667,0.0666667
305,0.391304,0.304348,0.0434783,0.173913,0.0434783,0.0434783
306,0.0122699,0.0245399,0.0245399,0.171779,0.760736,0.00613497
307,0.0909091,0.545455,0.0909091,0.0909091,0.0909091,0.0909091
308,0.125,0.625,0.0625,0.0625,0.0625,0.0625
309,0.0666667,0.666667,0.0666667,0.0666667,0.0666667,0.0666667
310,0.0714286,0.642857,0.0714286,0.0714286,0.0714286,0.0714286
311,0.0666667,0.666667,0.0666667,0.0666667,0.0666667,0.0666667
312,0.384615,0.192308,0.153846,0.192308,0.0384615,0.0384615
313,0.189189,0.378378,0.027027,0.189189,0.189189,0.027027
314,0.0588235,0.647059,0.0588235,0.117647,0.0588235,0.0588235
315,0.258065,0.274194,0.403226,0.0322581,0.016129,0.016129
316,0.111111,0.444444,0.111111,0.111111,0.111111,0.111111
317,0.28,0.24,0.2,0.2,0.04,0.04
318,0.0555556,0.722222,0.0555556,0.0555556,0.0555556,0.0555556
319,0.1,0.5,0.1,0.1,0.1,0.1
320,0.028731,0.0231445,0.027933,0.0646449,0.498005,0.357542
321,0.2,0.0363636,0.272727,0.0545455,0.0181818,0.418182
322,0.283019,0.0188679,0.264151,0.415094,0.00943396,0.00943396
323,0.1,0.3,0.2,0.2,0.1,0.1
324,0.0714286,0.642857,0.0714286,0.0714286,0.0714286,0.0714286
325,0.3025,0.045,0.425,0.11,0.0225,0.095
326,0.115385,0.0384615,0.423077,0.269231,0.0384615,0.115385
327,0.0555556,0.722222,0.0555556,0.0555556,0.0555556,0.0555556
328,0.0555556,0.722222,0.0555556,0.0555556,0.0555556,0.0555556
329,0.126582,0.0126582,0.582278,0.101266,0.0506329,0.126582
330,0.0416667,0.791667,0.0416667,0.0416667,0.0416667,0.0416667
331,0.08,0.36,0.36,0.08,0.04,0.08
332,0.461538,0.115385,0.0384615,0.307692,0.0384615,0.0384615
333,0.164948,0.154639,0.43299,0.226804,0.0103093,0.0103093
334,0.0666667,0.666667,0.0666667,0.0666667,0.0666667,0.0666667
335,0.5,0.0357143,0.178571,0.142857,0.125,0.0178571
336,0.545455,0.012987,0.116883,0.298701,0.012987,0.012987
337,0.0125,0.2,0.1125,0.15,0.1875,0.3375
338,0.0666667,0.666667,0.0666667,0.0666667,0.0666667,0.0666667
339,0.0666667,0.666667,0.0666667,0.0666667,0.0666667,0.0666667
340,0.25,0.125,0.125,0.125,0.25,0.125
341,0.486957,0.0434783,0.2,0.208696,0.0521739,0.00869565
342,0.0666667,0.6,0.0666667,0.133333,0.0666667,0.0666667
343,0.653543,0.00787402,0.212598,0.110236,0.00787402,0.00787402
344,0.0357143,0.821429,0.0357143,0.0357143,0.0357143,0.0357143
345,0.0909091,0.545455,0.0909091,0.0909091,0.0909091,0.0909091
346,0.125,0.375,0.125,0.125,0.125,0.125
347,0.142857,0.285714,0.142857,0.142857,0.142857,0.142857
348,0.222642,0.113208,0.49434,0.0301887,0.116981,0.0226415
349,0.313433,0.0149254,0.343284,0.253731,0.0597015,0.0149254
350,0.1,0.5,0.1,0.1,0.1,0.1
351,0.152284,0.126904,0.213198,0.314721,0.187817,0.00507614
352,0.0434783,0.782609,0.0434783,0.0434783,0.0434783,0.0434783
353,0.217918,0.397094,0.062954,0.113801,0.191283,0.0169492
354,0.0666667,0.6,0.0666667,0.133333,0.0666667,0.0666667
355,0.363636,0.0909091,0.0909091,0.272727,0.0909091,0.0909091
356,0.1,0.5,0.1,0.1,0.1,0.1
357,0.00571429,0.04,0.48,0.108571,0.228571,0.137143
358,0.133333,0.0666667,0.4,0.266667,0.0666667,0.0666667
359,0.382022,0.0674157,0.168539,0.011236,0.011236,0.359551
360,0.5,0.0833333,0.0833333,0.0833333,0.166667,0.0833333
361,0.375,0.291667,0.0416667,0.208333,0.0416667,0.0416667
362,0.0666667,0.666667,0.0666667,0.0666667,0.0666667,0.0666667
363,0.0666667,0.666667,0.0666667,0.0666667,0.0666667,0.0666667
364,0.333333,0.0666667,0.0666667,0.333333,0.133333,0.0666667
365,0.191489,0.191489,0.553191,0.0212766,0.0212766,0.0212766
366,0.0588235,0.647059,0.117647,0.0588235,0.0588235,0.0588235
367,0.659574,0.170213,0.0212766,0.106383,0.0212766,0.0212766
368,0.428571,0.0714286,0.0714286,0.142857,0.214286,0.0714286
369,0.680851,0.0212766,0.0425532,0.191489,0.0425532,0.0212766
370,0.238636,0.0681818,0.125,0.545455,0.0113636,0.0113636
371,0.0666667,0.666667,0.0666667,0.0666667,0.0666667,0.0666667
372,0.363636,0.30303,0.181818,0.030303,0.0909091,0.030303
373,0.116667,0.0166667,0.416667,0.133333,0.15,0.166667
374,0.0771812,0.0469799,0.127517,0.0033557,0.0503356,0.694631
375,0.1,0.5,0.1,0.1,0.1,0.1
376,0.0666667,0.666667,0.0666667,0.0666667,0.0666667,0.0666667
377,0.0434783,0.782609,0.0434783,0.0434783,0.0434783,0.0434783
378,0.0909091,0.545455,0.0909091,0.0909091,0.0909091,0.0909091
379,0.1,0.5,0.1,0.1,0.1,0.1
380,0.0714286,0.642857,0.0714286,0.0714286,0.0714286,0.0714286
381,0.0166667,0.216667,0.416667,0.266667,0.0166667,0.0666667
382,0.4,0.1,0.1,0.2,0.1,0.1
383,0.521739,0.304348,0.0434783,0.0434783,0.0434783,0.0434783
384,0.0674157,0.0674157,0.511236,0.0674157,0.0449438,0.241573
385,0.0757576,0.636364,0.0909091,0.0757576,0.0454545,0.0757576
386,0.0909091,0.727273,0.030303,0.0909091,0.030303,0.030303
387,0.205263,0.0315789,0.0684211,0.5,0.189474,0.00526316
388,0.0909091,0.545455,0.0909091,0.0909091,0.0909091,0.0909091
389,0.1,0.5,0.1,0.1,0.1,0.1
390,0.458333,0.333333,0.0833333,0.0416667,0.0416667,0.0416667
391,0.0625,0.6875,0.0625,0.0625,0.0625,0.0625
392,0.0666667,0.666667,0.0666667,0.0666667,0.0666667,0.0666667
393,0.25,0.166667,0.0833333,0.333333,0.138889,0.0277778
394,0.0434783,0.782609,0.0434783,0.0434783,0.0434783,0.0434783
395,0.0833333,0.0833333,0.0833333,0.583333,0.0833333,0.0833333
396,0.138672,0.0195312,0.0214844,0.128906,0.195312,0.496094
397,0.125,0.375,0.125,0.125,0.125,0.125
398,0.142857,0.285714,0.142857,0.142857,0.142857,0.142857
399,0.0666667,0.666667,0.0666667,0.0666667,0.0666667,0.0666667
400,0.0714286,0.642857,0.0714286,0.0714286,0.0714286,0.0714286
401,0.0833333,0.583333,0.0833333,0.0833333,0.0833333,0.0833333
402,0.0434783,0.782609,0.0434783,0.0434783,0.0434783,0.0434783
403,0.478261,0.304348,0.0869565,0.0434783,0.0434783,0.0434783
404,0.0666667,0.666667,0.0666667,0.0666667,0.0666667,0.0666667
405,0.0714286,0.785714,0.0357143,0.0357143,0.0357143,0.0357143
406,0.0555556,0.722222,0.0555556,0.0555556,0.0555556,0.0555556
407,0.1,0.5,0.1,0.1,0.1,0.1
408,0.65,0.01,0.19,0.11,0.01,0.03
409,0.0666667,0.6,0.0666667,0.133333,0.0666667,0.0666667
410,0.457143,0.342857,0.0285714,0.114286,0.0285714,0.0285714
411,0.52381,0.171429,0.152381,0.133333,0.00952381,0.00952381
412,0.166667,0.0595238,0.595238,0.154762,0.0119048,0.0119048
413,0.0769231,0.769231,0.0384615,0.0384615,0.0384615,0.0384615
414,0.304348,0.304348,0.152174,0.152174,0.0652174,0.0217391
415,0.214286,0.428571,0.142857,0.0714286,0.0714286,0.0714286
416,0.0769231,0.615385,0.0769231,0.0769231,0.0769231,0.0769231
417,0.0588235,0.705882,0.0588235,0.0588235,0.0588235,0.0588235
418,0.0666667,0.666667,0.0666667,0.0666667,0.0666667,0.0666667
419,0.112903,0.016129,0.169355,0.016129,0.0241935,0.66129
420,0.451613,0.129032,0.225806,0.129032,0.0322581,0.0322581
421,0.1,0.5,0.1,0.1,0.1,0.1
422,0.0714286,0.642857,0.0714286,0.0714286,0.0714286,0.0714286
423,0.0666667,0.666667,0.0666667,0.0666667,0.0666667,0.0666667
424,0.222222,0.333333,0.0555556,0.277778,0.0555556,0.0555556
425,0.1,0.5,0.1,0.1,0.1,0.1
426,0.222222,0.111111,0.333333,0.111111,0.111111,0.111111
427,0.0454545,0.772727,0.0454545,0.0454545,0.0454545,0.0454545
428,0.0909091,0.545455,0.0909091,0.0909091,0.0909091,0.0909091
429,0.0666667,0.666667,0.0666667,0.0666667,0.0666667,0.0666667
430,0.48,0.14,0.08,0.08,0.04,0.18
431,0.272727,0.0909091,0.363636,0.0909091,0.0909091,0.0909091
432,0.0666667,0.666667,0.0666667,0.0666667,0.0666667,0.0666667
433,0.423077,0.0384615,0.115385,0.346154,0.0384615,0.0384615
434,0.220807,0.00212314,0.301486,0.409766,0.044586,0.0212314
435,0.0909091,0.545455,0.0909091,0.0909091,0.0909091,0.0909091
436,0.378289,0.0164474,0.457237,0.108553,0.00328947,0.0361842
437,0.0181818,0.909091,0.0181818,0.0181818,0.0181818,0.0181818
438,0.30303,0.0909091,0.181818,0.136364,0.227273,0.0606061
439,0.133333,0.4,0.0666667,0.266667,0.0666667,0.0666667
440,0.125,0.0625,0.1875,0.25,0.0625,0.3125
441,0.0454545,0.772727,0.0454545,0.0454545,0.0454545,0.0454545
442,0.181818,0.0454545,0.590909,0.0454545,0.0454545,0.0909091
443,0.307692,0.384615,0.0769231,0.0769231,0.0769231,0.0769231
444,0.0666667,0.666667,0.0666667,0.0666667,0.0666667,0.0666667
445,0.0263158,0.473684,0.236842,0.184211,0.0263158,0.0526316
446,0.5,0.1,0.1,0.1,0.1,0.1
447,0.0740741,0.777778,0.037037,0.037037,0.037037,0.037037
448,0.10181,0.171946,0.061086,0.0565611,0.0972851,0.511312
449,0.0344828,0.551724,0.172414,0.172414,0.0344828,0.0344828
450,0.0666667,0.666667,0.0666667,0.0666667,0.0666667,0.0666667
451,0.16263,0.0276817,0.0622837,0.183391,0.0865052,0.477509
452,0.188811,0.00699301,0.356643,0.153846,0.041958,0.251748
453,0.105263,0.684211,0.0526316,0.0526316,0.0526316,0.0526316
454,0.0555556,0.388889,0.0555556,0.388889,0.0555556,0.0555556
455,0.0729167,0.145833,0.208333,0.520833,0.0104167,0.0416667
456,0.0909091,0.454545,0.0909091,0.0909091,0.181818,0.0909091
457,0.230769,0.576923,0.0384615,0.0384615,0.0769231,0.0384615
458,0.142857,0.571429,0.0714286,0.0714286,0.0714286,0.0714286
459,0.1,0.5,0.1,0.1,0.1,0.1
460,0.111111,0.444444,0.111111,0.111111,0.111111,0.111111
461,0.0666667,0.666667,0.0666667,0.0666667,0.0666667,0.0666667
462,0.363636,0.0909091,0.0909091,0.272727,0.0909091,0.0909091
463,0.0714286,0.642857,0.0714286,0.0714286,0.0714286,0.0714286
464,0.1,0.5,0.1,0.1,0.1,0.1
465,0.0666667,0.6,0.0666667,0.133333,0.0666667,0.0666667
466,0.1,0.5,0.1,0.1,0.1,0.1
467,0.1,0.5,0.1,0.1,0.1,0.1
468,0.0666667,0.666667,0.0666667,0.0666667,0.0666667,0.0666667
469,0.133333,0.566667,0.0333333,0.166667,0.0666667,0.0333333
470,0.1,0.5,0.1,0.1,0.1,0.1
471,0.16,0.04,0.2,0.36,0.2,0.04
472,0.235294,0.0588235,0.235294,0.352941,0.0588235,0.0588235
473,0.0714286,0.642857,0.0714286,0.0714286,0.0714286,0.0714286
474,0.217391,0.173913,0.333333,0.15942,0.101449,0.0144928
475,0.166667,0.0416667,0.375,0.208333,0.0416667,0.166667
476,0.611111,0.0555556,0.111111,0.111111,0.0555556,0.0555556
477,0.0454545,0.772727,0.0454545,0.0454545,0.0454545,0.0454545
478,0.0714286,0.642857,0.0714286,0.0714286,0.0714286,0.0714286
479,0.0526316,0.736842,0.0526316,0.0526316,0.0526316,0.0526316
480,0.0666667,0.666667,0.0666667,0.0666667,0.0666667,0.0666667
481,0.230769,0.230769,0.442308,0.0576923,0.0192308,0.0192308
482,0.275862,0.344828,0.0689655,0.241379,0.0344828,0.0344828
483,0.0666667,0.666667,0.0666667,0.0666667,0.0666667,0.0666667
484,0.1,0.5,0.1,0.1,0.1,0.1
485,0.166667,0.416667,0.0833333,0.166667,0.0833333,0.0833333
486,0.0526316,0.736842,0.0526316,0.0526316,0.0526316,0.0526316
487,0.0666667,0.6,0.0666667,0.133333,0.0666667,0.0666667
488,0.0666667,0.666667,0.0666667,0.0666667,0.0666667,0.0666667
489,0.0434783,0.782609,0.0434783,0.0434783,0.0434783,0.0434783
490,0.333333,0.185185,0.037037,0.37037,0.037037,0.037037
491,0.047619,0.714286,0.0952381,0.047619,0.047619,0.047619
492,0.148148,0.62963,0.037037,0.037037,0.111111,0.037037
493,0.166667,0.633333,0.1,0.0333333,0.0333333,0.0333333
494,0.0769231,0.538462,0.153846,0.0769231,0.0769231,0.0769231
495,0.276836,0.039548,0.59887,0.0677966,0.00564972,0.0112994
496,0.25,0.25,0.09375,0.3125,0.0625,0.03125
497,0.1,0.5,0.1,0.1,0.1,0.1
498,0.316832,0.0990099,0.287129,0.227723,0.00990099,0.0594059
499,0.6,0.0666667,0.133333,0.0666667,0.0666667,0.0666667
500,0.168067,0.235294,0.394958,0.134454,0.00840336,0.0588235
501,0.0666667,0.666667,0.0666667,0.0666667,0.0666667,0.0666667
502,0.0416667,0.458333,0.208333,0.166667,0.0833333,0.0416667
503,0.0714286,0.642857,0.0714286,0.0714286,0.0714286,0.0714286
504,0.0833333,0.583333,0.0833333,0.0833333,0.0833333,0.0833333
505,0.256098,0.231707,0.341463,0.134146,0.0243902,0.0121951
506,0.0666667,0.6,0.0666667,0.133333,0.0666667,0.0666667
507,0.0555556,0.722222,0.0555556,0.0555556,0.0555556,0.0555556
508,0.1,0.5,0.1,0.1,0.1,0.1
509,0.0666667,0.666667,0.0666667,0.0666667,0.0666667,0.0666667
510,0.275,0.175,0.175,0.325,0.025,0.025
511,0.125,0.125,0.25,0.125,0.25,0.125
512,0.0555556,0.722222,0.0555556,0.0555556,0.0555556,0.0555556
513,0.0555556,0.722222,0.0555556,0.0555556,0.0555556,0.0555556
514,0.03125,0.84375,0.03125,0.03125,0.03125,0.03125
515,0.28125,0.59375,0.03125,0.03125,0.03125,0.03125
516,0.0263158,0.789474,0.0263158,0.105263,0.0263158,0.0263158
517,0.0909091,0.545455,0.0909091,0.0909091,0.0909091,0.0909091
518,0.142857,0.238095,0.0952381,0.428571,0.047619,0.047619
519,0.12963,0.203704,0.0925926,0.407407,0.148148,0.0185185
520,0.0714286,0.642857,0.0714286,0.0714286,0.0714286,0.0714286
521,0.142857,0.571429,0.0714286,0.0714286,0.0714286,0.0714286
522,0.230769,0.0769231,0.153846,0.384615,0.0769231,0.0769231
523,0.1,0.5,0.1,0.1,0.1,0.1
524,0.373134,0.223881,0.208955,0.0597015,0.0298507,0.104478
525,0.1,0.5,0.1,0.1,0.1,0.1
526,0.410042,0.0301255,0.262762,0.268619,0.0158996,0.0125523
527,0.0666667,0.666667,0.0666667,0.0666667,0.0666667,0.0666667
528,0.478261,0.26087,0.130435,0.0434783,0.0434783,0.0434783
529,0.1,0.5,0.1,0.1,0.1,0.1
530,0.1,0.5,0.1,0.1,0.1,0.1
531,0.644737,0.0263158,0.184211,0.0131579,0.118421,0.0131579
532,0.0714286,0.642857,0.0714286,0.0714286,0.0714286,0.0714286
533,0.1,0.5,0.1,0.1,0.1,0.1
534,0.117647,0.647059,0.0588235,0.0588235,0.0588235,0.0588235
535,0.0588235,0.352941,0.117647,0.176471,0.0588235,0.235294
536,0.00689655,0.0206897,0.234483,0.158621,0.0482759,0.531034
537,0.430556,0.0833333,0.0694444,0.111111,0.222222,0.0833333
538,0.0666667,0.6,0.0666667,0.133333,0.0666667,0.0666667
539,0.176991,0.115044,0.345133,0.0707965,0.283186,0.00884956
540,0.0277778,0.694444,0.0277778,0.194444,0.0277778,0.0277778
541,0.0512821,0.769231,0.0769231,0.0512821,0.025641,0.025641
542,0.0666667,0.666667,0.0666667,0.0666667,0.0666667,0.0666667
543,0.309368,0.0588235,0.346405,0.0718954,0.037037,0.176471
544,0.09375,0.328125,0.421875,0.109375,0.03125,0.015625
545,0.142857,0.0714286,0.142857,0.5,0.0714286,0.0714286
546,0.0666667,0.666667,0.0666667,0.0666667,0.0666667,0.0666667
547,0.466667,0.0666667,0.3,0.0333333,0.0333333,0.1
548,0.1,0.5,0.1,0.1,0.1,0.1
549,0.4,0.12,0.28,0.12,0.04,0.04
550,0.311111,0.0222222,0.0666667,0.488889,0.0444444,0.0666667
551,0.282609,0.0217391,0.195652,0.413043,0.0217391,0.0652174
552,0.0714286,0.642857,0.0714286,0.0714286,0.0714286,0.0714286
553,0.0588235,0.588235,0.117647,0.117647,0.0588235,0.0588235
554,0.0625,0.4375,0.1875,0.1875,0.0625,0.0625
555,0.1,0.5,0.1,0.1,0.1,0.1
556,0.230769,0.384615,0.269231,0.0384615,0.0384615,0.0384615
557,0.467742,0.209677,0.016129,0.16129,0.129032,0.016129
558,0.0666667,0.666667,0.0666667,0.0666667,0.0666667,0.0666667
559,0.154639,0.123711,0.57732,0.0412371,0.0309278,0.0721649
560,0.0909091,0.545455,0.0909091,0.0909091,0.0909091,0.0909091
561,0.481481,0.12963,0.0185185,0.0555556,0.259259,0.0555556
562,0.12963,0.231481,0.0648148,0.0648148,0.490741,0.0185185
563,0.0666667,0.666667,0.0666667,0.0666667,0.0666667,0.0666667
564,0.0666667,0.666667,0.0666667,0.0666667,0.0666667,0.0666667
565,0.364865,0.459459,0.027027,0.121622,0.0135135,0.0135135
566,0.333333,0.111111,0.111111,0.222222,0.111111,0.111111
567,0.280702,0.175439,0.298246,0.105263,0.0175439,0.122807
568,0.37234,0.101064,0.335106,0.132979,0.0265957,0.0319149
569,0.180851,0.180851,0.468085,0.138298,0.0212766,0.0106383
570,0.0666667,0.666667,0.0666667,0.0666667,0.0666667,0.0666667
571,0.1,0.1,0.1,0.1,0.5,0.1
572,0.244444,0.2,0.144444,0.388889,0.0111111,0.0111111
573,0.25641,0.0512821,0.435897,0.128205,0.102564,0.025641
574,0.494845,0.0463918,0.340206,0.056701,0.00515464,0.056701
575,0.181818,0.454545,0.0909091,0.0909091,0.0909091,0.0909091
576,0.1,0.5,0.1,0.1,0.1,0.1
577,0.385714,0.0857143,0.342857,0.1,0.0142857,0.0714286
578,0.1,0.5,0.1,0.1,0.1,0.1
579,0.0714286,0.642857,0.0714286,0.0714286,0.0714286,0.0714286
580,0.0434783,0.73913,0.0434783,0.0869565,0.0434783,0.0434783
581,0.1,0.3,0.0333333,0.5,0.0333333,0.0333333
582,0.0666667,0.666667,0.0666667,0.0666667,0.0666667,0.0666667
583,0.25,0.25,0.325,0.05,0.1,0.025
584,0.0909091,0.545455,0.0909091,0.0909091,0.0909091,0.0909091
585,0.0666667,0.666667,0.0666667,0.0666667,0.0666667,0.0666667
586,0.0555556,0.722222,0.0555556,0.0555556,0.0555556,0.0555556
587,0.0666667,0.666667,0.0666667,0.0666667,0.0666667,0.0666667
588,0.36,0.04,0.32,0.08,0.04,0.16
589,0.140278,0.0291667,0.075,0.609722,0.0638889,0.0819444
590,0.0181818,0.0181818,0.181818,0.0181818,0.0363636,0.727273
591,0.310204,0.15102,0.118367,0.338776,0.0693878,0.0122449
592,0.566667,0.0333333,0.3,0.0333333,0.0333333,0.0333333
593,0.125,0.125,0.375,0.125,0.125,0.125
594,0.261411,0.0788382,0.0207469,0.60166,0.033195,0.00414938
595,0.0666667,0.666667,0.0666667,0.0666667,0.0666667,0.0666667
596,0.151515,0.010101,0.69697,0.030303,0.010101,0.10101
597,0.364055,0.165899,0.253456,0.0875576,0.0138249,0.115207
598,0.0555556,0.722222,0.0555556,0.0555556,0.0555556,0.0555556
599,0.1,0.5,0.1,0.1,0.1,0.1
600,0.00584795,0.0116959,0.0935673,0.391813,0.0175439,0.479532
601,0.258065,0.0645161,0.16129,0.451613,0.0322581,0.0322581
602,0.259259,0.407407,0.037037,0.037037,0.148148,0.111111
603,0.0454545,0.772727,0.0454545,0.0454545,0.0454545,0.0454545
604,0.140625,0.015625,0.65625,0.015625,0.015625,0.15625
605,0.0168067,0.0588235,0.596639,0.0420168,0.0168067,0.268908
606,0.24183,0.137255,0.457516,0.0915033,0.00653595,0.0653595
607,0.180887,0.112628,0.375427,0.12628,0.00682594,0.197952
608,0.227273,0.0454545,0.363636,0.0909091,0.227273,0.0454545
609,0.351852,0.0185185,0.425926,0.12963,0.0185185,0.0555556
610,0.0666667,0.666667,0.0666667,0.0666667,0.0666667,0.0666667
611,0.0833333,0.583333,0.0833333,0.0833333,0.0833333,0.0833333
612,0.125,0.5625,0.0625,0.125,0.0625,0.0625
613,0.1,0.5,0.1,0.1,0.1,0.1
614,0.0180723,0.0060241,0.0060241,0.10241,0.861446,0.0060241
615,0.0666667,0.666667,0.0666667,0.0666667,0.0666667,0.0666667
616,0.0666667,0.666667,0.0666667,0.0666667,0.0666667,0.0666667
617,0.375,0.35,0.05,0.025,0.15,0.05
618,0.263158,0.368421,0.210526,0.0526316,0.0526316,0.0526316
619,0.0909091,0.545455,0.0909091,0.0909091,0.0909091,0.0909091
620,0.0625,0.6875,0.0625,0.0625,0.0625,0.0625
621,0.23,0.1,0.25,0.1,0.29,0.03
622,0.588235,0.0588235,0.117647,0.117647,0.0588235,0.0588235
623,0.1,0.5,0.1,0.1,0.1,0.1
624,0.0434783,0.782609,0.0434783,0.0434783,0.0434783,0.0434783
625,0.0769231,0.538462,0.0769231,0.153846,0.0769231,0.0769231
626,0.0666667,0.6,0.0666667,0.133333,0.0666667,0.0666667
627,0.0526316,0.526316,0.0263158,0.157895,0.210526,0.0263158
628,0.3,0.177778,0.2,0.0888889,0.222222,0.0111111
629,0.0918605,0.00581395,0.104651,0.175581,0.425581,0.196512
630,0.586207,0.0344828,0.137931,0.172414,0.0344828,0.0344828
631,0.0555556,0.722222,0.0555556,0.0555556,0.0555556,0.0555556
632,0.037037,0.0740741,0.259259,0.555556,0.037037,0.037037
633,0.625,0.0625,0.125,0.0625,0.0625,0.0625
634,0.264706,0.176471,0.176471,0.147059,0.205882,0.0294118
635,0.181818,0.545455,0.181818,0.030303,0.030303,0.030303
636,0.0588235,0.705882,0.0588235,0.0588235,0.0588235,0.0588235
637,0.0434783,0.782609,0.0434783,0.0434783,0.0434783,0.0434783
638,0.0454545,0.772727,0.0454545,0.0454545,0.0454545,0.0454545
639,0.0714286,0.214286,0.5,0.0714286,0.0714286,0.0714286
640,0.0666667,0.666667,0.0666667,0.0666667,0.0666667,0.0666667
641,0.416667,0.0416667,0.0416667,0.375,0.0833333,0.0416667
642,0.1,0.5,0.1,0.1,0.1,0.1
643,0.25,0.291667,0.333333,0.0416667,0.0416667,0.0416667
644,0.0769231,0.615385,0.0769231,0.0769231,0.0769231,0.0769231
645,0.0391753,0.0309278,0.0680412,0.0865979,0.470103,0.305155
646,0.0666667,0.666667,0.0666667,0.0666667,0.0666667,0.0666667
647,0.0833333,0.583333,0.0833333,0.0833333,0.0833333,0.0833333
648,0.0434783,0.73913,0.0434783,0.0869565,0.0434783,0.0434783
649,0.153846,0.538462,0.0769231,0.0769231,0.0769231,0.0769231
650,0.366667,0.2,0.0666667,0.233333,0.0333333,0.1
651,0.387097,0.193548,0.0322581,0.322581,0.0322581,0.0322581
652,0.1,0.5,0.1,0.1,0.1,0.1
653,0.552941,0.0117647,0.258824,0.117647,0.0470588,0.0117647
654,0.1,0.5,0.1,0.1,0.1,0.1
655,0.0526316,0.578947,0.210526,0.0526316,0.0526316,0.0526316
656,0.0454545,0.727273,0.0454545,0.0909091,0.0454545,0.0454545
657,0.1,0.5,0.1,0.1,0.1,0.1
658,0.335664,0.0874126,0.300699,0.171329,0.0699301,0.034965
659,0.153846,0.0769231,0.307692,0.230769,0.153846,0.0769231
660,0.100173,0.0794473,0.272884,0.0259067,0.0397237,0.481865
661,0.0909091,0.545455,0.0909091,0.0909091,0.0909091,0.0909091
662,0.0454545,0.772727,0.0454545,0.0454545,0.0454545,0.0454545
663,0.0666667,0.666667,0.0666667,0.0666667,0.0666667,0.0666667
664,0.275229,0.165138,0.12844,0.266055,0.155963,0.00917431
665,0.05,0.65,0.15,0.05,0.05,0.05
666,0.1,0.5,0.1,0.1,0.1,0.1
667,0.1,0.5,0.1,0.1,0.1,0.1
668,0.1,0.5,0.1,0.1,0.1,0.1
669,0.1,0.5,0.1,0.1,0.1,0.1
670,0.57931,0.117241,0.0482759,0.124138,0.103448,0.0275862
671,0.3,0.1,0.1,0.2,0.1,0.2
672,0.0909091,0.545455,0.0909091,0.0909091,0.0909091,0.0909091
673,0.037037,0.037037,0.407407,0.0740741,0.037037,0.407407
674,0.31746,0.031746,0.412698,0.206349,0.015873,0.015873
675,0.1,0.5,0.1,0.1,0.1,0.1
676,0.0434783,0.782609,0.0434783,0.0434783,0.0434783,0.0434783
677,0.188679,0.339623,0.207547,0.150943,0.0188679,0.0943396
678,0.0434783,0.782609,0.0434783,0.0434783,0.0434783,0.0434783
679,0.478261,0.0434783,0.130435,0.0869565,0.217391,0.0434783
680,0.1,0.5,0.1,0.1,0.1,0.1
681,0.112676,0.140845,0.28169,0.183099,0.028169,0.253521
682,0.153846,0.538462,0.0769231,0.0769231,0.0769231,0.0769231
683,0.0588235,0.529412,0.0588235,0.235294,0.0588235,0.0588235
684,0.0277778,0.611111,0.111111,0.194444,0.0277778,0.0277778
685,0.27907,0.197674,0.0232558,0.406977,0.0813953,0.0116279
686,0.13257,0.0540098,0.193126,0.576105,0.0229133,0.0212766
687,0.225352,0.0422535,0.422535,0.225352,0.0704225,0.0140845
688,0.00641026,0.0769231,0.00641026,0.0576923,0.166667,0.685897
689,0.0666667,0.6,0.0666667,0.133333,0.0666667,0.0666667
690,0.318182,0.5,0.0454545,0.0454545,0.0454545,0.0454545
691,0.1,0.5,0.1,0.1,0.1,0.1
692,0.217391,0.565217,0.0434783,0.0869565,0.0434783,0.0434783
693,0.0434783,0.782609,0.0434783,0.0434783,0.0434783,0.0434783
694,0.0405405,0.135135,0.0675676,0.148649,0.310811,0.297297
695,0.0434783,0.782609,0.0434783,0.0434783,0.0434783,0.0434783
696,0.259259,0.148148,0.037037,0.148148,0.37037,0.037037
697,0.162791,0.232558,0.162791,0.302326,0.0465116,0.0930233
698,0.241379,0.293103,0.413793,0.0172414,0.0172414,0.0172414
699,0.409091,0.0454545,0.0909091,0.363636,0.0454545,0.0454545
700,0.1,0.5,0.1,0.1,0.1,0.1
701,0.4375,0.0625,0.0625,0.3125,0.0625,0.0625
702,0.2,0.55,0.05,0.05,0.1,0.05
703,0.416667,0.0833333,0.25,0.0833333,0.0833333,0.0833333
704,0.0714286,0.642857,0.0714286,0.0714286,0.0714286,0.0714286
705,0.0666667,0.666667,0.0666667,0.0666667,0.0666667,0.0666667
706,0.1,0.5,0.1,0.1,0.1,0.1
707,0.517241,0.112069,0.0344828,0.12931,0.198276,0.00862069
708,0.0666667,0.666667,0.0666667,0.0666667,0.0666667,0.0666667
709,0.5625,0.125,0.125,0.0625,0.0625,0.0625
710,0.313433,0.179104,0.373134,0.0746269,0.0447761,0.0149254
711,0.4,0.1,0.1,0.2,0.1,0.1
712,0.403361,0.184874,0.201681,0.193277,0.00840336,0.00840336
713,0.0666667,0.666667,0.0666667,0.0666667,0.0666667,0.0666667
714,0.411765,0.294118,0.0588235,0.117647,0.0588235,0.0588235
715,0.222089,0.0888355,0.0864346,0.30012,0.0948379,0.207683
716,0.0666667,0.6,0.0666667,0.133333,0.0666667,0.0666667
717,0.323529,0.176471,0.264706,0.147059,0.0588235,0.0294118
718,0.0666667,0.6,0.0666667,0.133333,0.0666667,0.0666667
719,0.247126,0.0747126,0.0632184,0.264368,0.344828,0.00574713
720,0.125,0.65625,0.0625,0.09375,0.03125,0.03125
721,0.0666667,0.666667,0.0666667,0.0666667,0.0666667,0.0666667
722,0.1,0.5,0.1,0.1,0.1,0.1
723,0.343284,0.0895522,0.149254,0.238806,0.0149254,0.164179
724,0.305556,0.138889,0.166667,0.333333,0.0277778,0.0277778
725,0.15,0.3,0.4,0.05,0.05,0.05
726,0.169355,0.185484,0.403226,0.129032,0.104839,0.00806452
727,0.366667,0.0333333,0.0666667,0.466667,0.0333333,0.0333333
728,0.243902,0.121951,0.268293,0.146341,0.195122,0.0243902
729,0.0714286,0.642857,0.0714286,0.0714286,0.0714286,0.0714286
730,0.1,0.5,0.1,0.1,0.1,0.1
731,0.0714286,0.642857,0.0714286,0.0714286,0.0714286,0.0714286
732,0.0666667,0.6,0.0666667,0.133333,0.0666667,0.0666667
733,0.0666667,0.666667,0.0666667,0.0666667,0.0666667,0.0666667
734,0.0666667,0.666667,0.0666667,0.0666667,0.0666667,0.0666667
735,0.454545,0.0909091,0.181818,0.0909091,0.0909091,0.0909091
736,0.0666667,0.666667,0.0666667,0.0666667,0.0666667,0.0666667
737,0.151163,0.0581395,0.453488,0.313953,0.0116279,0.0116279
738,0.0909091,0.545455,0.0909091,0.0909091,0.0909091,0.0909091
739,0.0666667,0.666667,0.0666667,0.0666667,0.0666667,0.0666667
740,0.0666667,0.666667,0.0666667,0.0666667,0.0666667,0.0666667
741,0.0666667,0.6,0.0666667,0.2,0.0333333,0.0333333
742,0.1,0.5,0.1,0.1,0.1,0.1
743,0.462428,0.0231214,0.0809249,0.317919,0.106936,0.00867052
744,0.05,0.75,0.05,0.05,0.05,0.05
745,0.0555556,0.722222,0.0555556,0.0555556,0.0555556,0.0555556
746,0.1,0.5,0.1,0.1,0.1,0.1
747,0.0666667,0.666667,0.0666667,0.0666667,0.0666667,0.0666667
748,0.0322581,0.83871,0.0322581,0.0322581,0.0322581,0.0322581
749,0.0833333,0.583333,0.0833333,0.0833333,0.0833333,0.0833333
750,0.684211,0.0526316,0.105263,0.0526316,0.0526316,0.0526316
751,0.350877,0.0526316,0.491228,0.0701754,0.0175439,0.0175439
752,0.376812,0.202899,0.26087,0.115942,0.0386473,0.00483092
753,0.142857,0.678571,0.0357143,0.0357143,0.0714286,0.0357143
754,0.0666667,0.6,0.0666667,0.133333,0.0666667,0.0666667
755,0.0454545,0.772727,0.0454545,0.0454545,0.0454545,0.0454545
756,0.26253,0.109785,0.47494,0.116945,0.0334129,0.00238663
757,0.1,0.5,0.1,0.1,0.1,0.1
758,0.0666667,0.6,0.0666667,0.133333,0.0666667,0.0666667
759,0.0434783,0.782609,0.0434783,0.0434783,0.0434783,0.0434783
760,0.0666667,0.533333,0.0666667,0.2,0.0666667,0.0666667
761,0.222222,0.333333,0.111111,0.111111,0.111111,0.111111
762,0.375,0.125,0.4375,0.0208333,0.0208333,0.0208333
763,0.232759,0.0689655,0.241379,0.163793,0.112069,0.181034
764,0.125,0.375,0.125,0.125,0.125,0.125
765,0.0869565,0.0434783,0.217391,0.347826,0.217391,0.0869565
766,0.256881,0.201835,0.00917431,0.238532,0.165138,0.12844
767,0.288136,0.542373,0.0338983,0.0677966,0.0508475,0.0169492
768,0.0571429,0.485714,0.171429,0.2,0.0571429,0.0285714
769,0.444444,0.111111,0.111111,0.111111,0.111111,0.111111
770,0.333333,0.366667,0.0333333,0.2,0.0333333,0.0333333
771,0.282759,0.37931,0.0551724,0.117241,0.158621,0.00689655
772,0.446154,0.0153846,0.0615385,0.446154,0.0153846,0.0153846
773,0.0666667,0.666667,0.0666667,0.0666667,0.0666667,0.0666667
774,0.461538,0.0153846,0.107692,0.246154,0.153846,0.0153846
775,0.0769231,0.230769,0.307692,0.153846,0.0769231,0.153846
776,0.166667,0.0555556,0.0555556,0.5,0.111111,0.111111
777,0.125,0.125,0.125,0.25,0.25,0.125
778,0.148148,0.222222,0.123457,0.308642,0.123457,0.0740741
779,0.25,0.25,0.125,0.125,0.125,0.125
780,0.310811,0.405405,0.0945946,0.101351,0.00675676,0.0810811
781,0.142857,0.142857,0.142857,0.142857,0.285714,0.142857
782,0.1,0.5,0.1,0.1,0.1,0.1
783,0.379421,0.122186,0.173633,0.0610932,0.209003,0.0546624
784,0.079646,0.110619,0.477876,0.0575221,0.0221239,0.252212
785,0.2,0.633333,0.0666667,0.0333333,0.0333333,0.0333333
786,0.166667,0.5,0.0833333,0.0833333,0.0833333,0.0833333
787,0.25,0.0833333,0.0833333,0.0833333,0.416667,0.0833333
788,0.227273,0.545455,0.0454545,0.0909091,0.0454545,0.0454545
789,0.10596,0.0629139,0.175497,0.15894,0.34106,0.155629
790,0.0232558,0.116279,0.0465116,0.488372,0.302326,0.0232558
791,0.0666667,0.0666667,0.0666667,0.666667,0.0666667,0.0666667
792,0.0588235,0.705882,0.0588235,0.0588235,0.0588235,0.0588235
793,0.15,0.65,0.05,0.05,0.05,0.05
794,0.0666667,0.666667,0.0666667,0.0666667,0.0666667,0.0666667
795,0.416667,0.0833333,0.25,0.0833333,0.0833333,0.0833333
796,0.0666667,0.6,0.0666667,0.133333,0.0666667,0.0666667
797,0.1,0.5,0.1,0.1,0.1,0.1
798,0.00847458,0.152542,0.754237,0.00847458,0.0338983,0.0423729
799,0.0434783,0.782609,0.0434783,0.0434783,0.0434783,0.0434783
800,0.0666667,0.666667,0.0666667,0.0666667,0.0666667,0.0666667
801,0.1,0.5,0.1,0.1,0.1,0.1
802,0.453846,0.0307692,0.169231,0.276923,0.0615385,0.00769231
803,0.0625,0.6875,0.0625,0.0625,0.0625,0.0625
804,0.1,0.5,0.1,0.1,0.1,0.1
805,0.0666667,0.666667,0.0666667,0.0666667,0.0666667,0.0666667
806,0.269871,0.140481,0.155268,0.16451,0.218115,0.051756
807,0.447368,0.289474,0.105263,0.105263,0.0263158,0.0263158
808,0.266667,0.188889,0.466667,0.0555556,0.0111111,0.0111111
809,0.0030303,0.0272727,0.160606,0.275758,0.530303,0.0030303
810,0.1,0.5,0.1,0.1,0.1,0.1
811,0.0714286,0.642857,0.0714286,0.0714286,0.0714286,0.0714286
812,0.0909091,0.545455,0.0909091,0.0909091,0.0909091,0.0909091
813,0.0714286,0.642857,0.0714286,0.0714286,0.0714286,0.0714286
814,0.0588235,0.647059,0.117647,0.0588235,0.0588235,0.0588235
815,0.359375,0.195312,0.257812,0.0703125,0.015625,0.101562
816,0.0666667,0.666667,0.0666667,0.0666667,0.0666667,0.0666667
817,0.1,0.5,0.1,0.1,0.1,0.1
818,0.05,0.75,0.05,0.05,0.05,0.05
819,0.454545,0.0909091,0.0909091,0.181818,0.0909091,0.0909091
820,0.0909091,0.545455,0.0909091,0.0909091,0.0909091,0.0909091
821,0.047619,0.428571,0.238095,0.190476,0.047619,0.047619
822,0.1,0.5,0.1,0.1,0.1,0.1
823,0.1,0.1,0.4,0.2,0.1,0.1
824,0.0612245,0.204082,0.285714,0.408163,0.0204082,0.0204082
825,0.142857,0.285714,0.142857,0.142857,0.142857,0.142857
826,0.416667,0.0833333,0.0833333,0.166667,0.0833333,0.166667
827,0.0666667,0.666667,0.0666667,0.0666667,0.0666667,0.0666667
828,0.0714286,0.642857,0.0714286,0.0714286,0.0714286,0.0714286
829,0.46875,0.40625,0.03125,0.03125,0.03125,0.03125
830,0.0833333,0.583333,0.0833333,0.0833333,0.0833333,0.0833333
831,0.0666667,0.666667,0.0666667,0.0666667,0.0666667,0.0666667
832,0.402985,0.104478,0.343284,0.119403,0.0149254,0.0149254
833,0.295082,0.163934,0.360656,0.114754,0.0163934,0.0491803
834,0.0434783,0.782609,0.0434783,0.0434783,0.0434783,0.0434783
835,0.1,0.5,0.1,0.1,0.1,0.1
836,0.0666667,0.666667,0.0666667,0.0666667,0.0666667,0.0666667
837,0.230088,0.300885,0.230088,0.168142,0.0176991,0.0530973
838,0.181818,0.454545,0.0909091,0.0909091,0.0909091,0.0909091
839,0.1,0.5,0.1,0.1,0.1,0.1
840,0.0645161,0.016129,0.693548,0.0806452,0.016129,0.129032
841,0.372549,0.352941,0.0196078,0.176471,0.0196078,0.0588235
842,0.176471,0.0588235,0.117647,0.529412,0.0588235,0.0588235
843,0.181818,0.454545,0.0909091,0.0909091,0.0909091,0.0909091
844,0.0666667,0.533333,0.0666667,0.2,0.0666667,0.0666667
845,0.0666667,0.666667,0.0666667,0.0666667,0.0666667,0.0666667
846,0.148936,0.265957,0.0851064,0.234043,0.255319,0.0106383
847,0.0666667,0.666667,0.0666667,0.0666667,0.0666667,0.0666667
848,0.118056,0.1875,0.0694444,0.4375,0.173611,0.0138889
849,0.0666667,0.666667,0.0666667,0.0666667,0.0666667,0.0666667
850,0.230769,0.025641,0.205128,0.153846,0.358974,0.025641
851,0.181818,0.454545,0.0909091,0.0909091,0.0909091,0.0909091
852,0.480769,0.25,0.0769231,0.153846,0.0192308,0.0192308
853,0.0909091,0.545455,0.0909091,0.0909091,0.0909091,0.0909091
854,0.0522876,0.0359477,0.0784314,0.00326797,0.0522876,0.777778
855,0.0833333,0.583333,0.0833333,0.0833333,0.0833333,0.0833333
856,0.186047,0.232558,0.22093,0.337209,0.0116279,0.0116279
857,0.0714286,0.571429,0.0714286,0.142857,0.0714286,0.0714286
858,0.1,0.5,0.1,0.1,0.1,0.1
859,0.5,0.0714286,0.0714286,0.0714286,0.214286,0.0714286
860,0.0666667,0.666667,0.0666667,0.0666667,0.0666667,0.0666667
861,0.0454545,0.772727,0.0454545,0.0454545,0.0454545,0.0454545
862,0.0666667,0.666667,0.0666667,0.0666667,0.0666667,0.0666667
863,0.157895,0.473684,0.0526316,0.157895,0.105263,0.0526316
864,0.0512821,0.0461538,0.0205128,0.241026,0.184615,0.45641
865,0.2,0.266667,0.35,0.15,0.0166667,0.0166667
866,0.0833333,0.583333,0.0833333,0.0833333,0.0833333,0.0833333
867,0.2,0.1,0.3,0.2,0.1,0.1
868,0.0666667,0.666667,0.0666667,0.0666667,0.0666667,0.0666667
869,0.0666667,0.666667,0.0666667,0.0666667,0.0666667,0.0666667
870,0.382576,0.0681818,0.0681818,0.193182,0.147727,0.140152
871,0.0666667,0.666667,0.0666667,0.0666667,0.0666667,0.0666667
872,0.0769231,0.615385,0.0769231,0.0769231,0.0769231,0.0769231
873,0.0666667,0.166667,0.433333,0.266667,0.0333333,0.0333333
874,0.0769231,0.820513,0.025641,0.025641,0.025641,0.025641
875,0.571429,0.0714286,0.142857,0.0714286,0.0714286,0.0714286
876,0.111111,0.666667,0.0555556,0.0555556,0.0555556,0.0555556
877,0.411765,0.294118,0.0588235,0.0588235,0.117647,0.0588235
878,0.5,0.1,0.1,0.1,0.1,0.1
879,0.12963,0.0740741,0.0925926,0.62963,0.037037,0.037037
880,0.0666667,0.666667,0.0666667,0.0666667,0.0666667,0.0666667
881,0.121212,0.606061,0.0909091,0.121212,0.030303,0.030303
882,0.177419,0.016129,0.0322581,0.741935,0.016129,0.016129
883,0.0181818,0.418182,0.163636,0.363636,0.0181818,0.0181818
884,0.0833333,0.583333,0.0833333,0.0833333,0.0833333,0.0833333
885,0.157895,0.578947,0.0526316,0.105263,0.0526316,0.0526316
886,0.0666667,0.666667,0.0666667,0.0666667,0.0666667,0.0666667
887,0.1,0.5,0.1,0.1,0.1,0.1
888,0.1,0.5,0.1,0.1,0.1,0.1
889,0.0714286,0.642857,0.0714286,0.0714286,0.0714286,0.0714286
890,0.1,0.5,0.1,0.1,0.1,0.1
891,0.444444,0.111111,0.111111,0.111111,0.111111,0.111111
892,0.222222,0.222222,0.111111,0.111111,0.222222,0.111111
893,0.514286,0.2,0.114286,0.114286,0.0285714,0.0285714
894,0.531034,0.062069,0.255172,0.117241,0.0275862,0.00689655
895,0.510204,0.0204082,0.122449,0.244898,0.0816327,0.0204082
896,0.0666667,0.6,0.0666667,0.0666667,0.133333,0.0666667
897,0.233645,0.0841121,0.616822,0.046729,0.00934579,0.00934579
898,0.363636,0.0454545,0.272727,0.227273,0.0454545,0.0454545
899,0.121447,0.0525409,0.0723514,0.185185,0.546081,0.0223945
900,0.0625,0.4375,0.3125,0.0625,0.0625,0.0625
901,0.0555556,0.722222,0.0555556,0.0555556,0.0555556,0.0555556
902,0.047619,0.714286,0.047619,0.0952381,0.047619,0.047619
903,0.3,0.1,0.2,0.3,0.05,0.05
904,0.0833333,0.583333,0.0833333,0.0833333,0.0833333,0.0833333
905,0.0714286,0.642857,0.0714286,0.0714286,0.0714286,0.0714286
906,0.193277,0.0420168,0.268908,0.436975,0.0504202,0.00840336
907,0.357143,0.0714286,0.0714286,0.357143,0.0714286,0.0714286
908,0.125,0.375,0.125,0.125,0.125,0.125
909,0.1,0.35,0.35,0.025,0.025,0.15
910,0.166667,0.611111,0.0555556,0.0555556,0.0555556,0.0555556
911,0.0666667,0.666667,0.0666667,0.0666667,0.0666667,0.0666667
912,0.0909091,0.545455,0.0909091,0.0909091,0.0909091,0.0909091
913,0.0666667,0.466667,0.266667,0.0666667,0.0666667,0.0666667
914,0.0985915,0.21831,0.366197,0.204225,0.00704225,0.105634
915,0.375,0.125,0.125,0.125,0.125,0.125
916,0.193182,0.0909091,0.625,0.0397727,0.0454545,0.00568182
917,0.396396,0.0540541,0.283784,0.243243,0.018018,0.0045045
918,0.368421,0.192982,0.0175439,0.315789,0.0877193,0.0175439
919,0.1,0.5,0.1,0.1,0.1,0.1
920,0.142857,0.047619,0.52381,0.190476,0.047619,0.047619
921,0.0434783,0.782609,0.0434783,0.0434783,0.0434783,0.0434783
922,0.4,0.25,0.05,0.05,0.2,0.05
923,0.5,0.0625,0.125,0.1875,0.0625,0.0625
924,0.0909091,0.545455,0.0909091,0.0909091,0.0909091,0.0909091
925,0.217391,0.347826,0.26087,0.0869565,0.0434783,0.0434783
926,0.282609,0.0652174,0.0217391,0.304348,0.195652,0.130435
927,0.0666667,0.666667,0.0666667,0.0666667,0.0666667,0.0666667
928,0.338028,0.239437,0.056338,0.126761,0.225352,0.0140845
929,0.0769231,0.615385,0.0769231,0.0769231,0.0769231,0.0769231
930,0.223881,0.447761,0.0597015,0.134328,0.0895522,0.0447761
931,0.0769231,0.0384615,0.230769,0.576923,0.0384615,0.0384615
932,0.217391,0.0144928,0.289855,0.188406,0.246377,0.0434783
933,0.0666667,0.6,0.0666667,0.133333,0.0666667,0.0666667
934,0.337526,0.0188679,0.176101,0.366876,0.0754717,0.0251572
935,0.0666667,0.6,0.0666667,0.133333,0.0666667,0.0666667
936,0.3125,0.0625,0.3125,0.0625,0.1875,0.0625
937,0.538462,0.153846,0.0769231,0.0769231,0.0769231,0.0769231
938,0.1,0.5,0.1,0.1,0.1,0.1
939,0.0884774,0.00205761,0.037037,0.133745,0.0514403,0.687243
940,0.0416667,0.0416667,0.166667,0.666667,0.0416667,0.0416667
941,0.1,0.5,0.1,0.1,0.1,0.1
942,0.3,0.5,0.05,0.05,0.05,0.05
943,0.375,0.416667,0.0416667,0.0833333,0.0416667,0.0416667
944,0.0588235,0.705882,0.0588235,0.0588235,0.0588235,0.0588235
945,0.0909091,0.545455,0.0909091,0.0909091,0.0909091,0.0909091
946,0.2,0.0333333,0.166667,0.3,0.233333,0.0666667
947,0.1,0.5,0.1,0.1,0.1,0.1
948,0.294118,0.176471,0.352941,0.0588235,0.0588235,0.0588235
949,0.0714286,0.642857,0.0714286,0.0714286,0.0714286,0.0714286
950,0.0909091,0.545455,0.0909091,0.0909091,0.0909091,0.0909091
951,0.0909091,0.454545,0.181818,0.0909091,0.0909091,0.0909091
952,0.0666667,0.533333,0.0666667,0.2,0.0666667,0.0666667
953,0.166667,0.333333,0.166667,0.0833333,0.0833333,0.166667
954,0.0666667,0.666667,0.0666667,0.0666667,0.0666667,0.0666667
955,0.333333,0.190476,0.047619,0.333333,0.047619,0.047619
956,0.0909091,0.545455,0.0909091,0.0909091,0.0909091,0.0909091
957,0.0666667,0.666667,0.0666667,0.0666667,0.0666667,0.0666667
958,0.025641,0.00512821,0.025641,0.112821,0.0153846,0.815385
959,0.323944,0.28169,0.183099,0.169014,0.0140845,0.028169
960,0.333333,0.166667,0.0833333,0.25,0.0833333,0.0833333
961,0.0666667,0.666667,0.0666667,0.0666667,0.0666667,0.0666667
962,0.104167,0.25,0.270833,0.291667,0.0208333,0.0625
963,0.1,0.5,0.1,0.1,0.1,0.1
964,0.2,0.2,0.2,0.266667,0.0666667,0.0666667
965,0.392857,0.214286,0.0357143,0.0178571,0.321429,0.0178571
966,0.307692,0.230769,0.0384615,0.269231,0.115385,0.0384615
967,0.0588235,0.705882,0.0588235,0.0588235,0.0588235,0.0588235
968,0.16129,0.290323,0.0322581,0.16129,0.322581,0.0322581
969,0.391304,0.434783,0.0434783,0.0434783,0.0434783,0.0434783
970,0.36,0.0327273,0.0981818,0.232727,0.2,0.0763636
971,0.333333,0.0555556,0.388889,0.0555556,0.0555556,0.111111
972,0.0666667,0.6,0.0666667,0.133333,0.0666667,0.0666667
973,0.269231,0.538462,0.0384615,0.0769231,0.0384615,0.0384615
974,0.210526,0.421053,0.157895,0.0526316,0.131579,0.0263158
975,0.142857,0.533333,0.00952381,0.0190476,0.285714,0.00952381
976,0.0714286,0.642857,0.0714286,0.0714286,0.0714286,0.0714286
977,0.351351,0.0540541,0.0540541,0.459459,0.0540541,0.027027
978,0.529412,0.235294,0.0588235,0.0588235,0.0588235,0.0588235
979,0.307692,0.5,0.0384615,0.0384615,0.0384615,0.0769231
980,0.0078125,0.1875,0.0703125,0.0078125,0.0546875,0.671875
981,0.1,0.5,0.1,0.1,0.1,0.1
982,0.0454545,0.772727,0.0454545,0.0454545,0.0454545,0.0454545
983,0.290909,0.0181818,0.381818,0.0727273,0.0181818,0.218182
984,0.295775,0.126761,0.380282,0.147887,0.00704225,0.0422535
985,0.333333,0.133333,0.0666667,0.0666667,0.333333,0.0666667
986,0.102564,0.282051,0.358974,0.179487,0.025641,0.0512821
987,0.482759,0.310345,0.0344828,0.103448,0.0344828,0.0344828
988,0.1,0.5,0.1,0.1,0.1,0.1
989,0.1,0.5,0.1,0.1,0.1,0.1
990,0.0846154,0.00769231,0.0384615,0.0384615,0.0538462,0.776923
991,0.333333,0.285714,0.190476,0.0952381,0.015873,0.0793651
992,0.699029,0.00970874,0.0582524,0.194175,0.00970874,0.0291262
993,0.138741,0.0266809,0.263607,0.113127,0.072572,0.385272
994,0.08,0.44,0.36,0.04,0.04,0.04
995,0.0181406,0.00226757,0.0453515,0.0544218,0.877551,0.00226757
996,0.047619,0.0952381,0.285714,0.428571,0.0952381,0.047619
997,0.0666667,0.6,0.0666667,0.133333,0.0666667,0.0666667
998,0.1,0.5,0.1,0.1,0.1,0.1
999,0.0227273,0.025,0.0136364,0.00681818,0.00681818,0.925
1000,0.236667,0.0466667,0.11,0.0866667,0.516667,0.00333333
1001,0.526316,0.0526316,0.0526316,0.210526,0.105263,0.0526316
1002,0.0666667,0.666667,0.0666667,0.0666667,0.0666667,0.0666667
1003,0.68,0.04,0.04,0.16,0.04,0.04
1004,0.592593,0.037037,0.0740741,0.037037,0.222222,0.037037
1005,0.0666667,0.666667,0.0666667,0.0666667,0.0666667,0.0666667
1006,0.0666667,0.6,0.0666667,0.133333,0.0666667,0.0666667
1007,0.2,0.24,0.32,0.16,0.04,0.04
1008,0.1,0.5,0.1,0.1,0.1,0.1
1009,0.0833333,0.583333,0.0833333,0.0833333,0.0833333,0.0833333
1010,0.0588235,0.705882,0.0588235,0.0588235,0.0588235,0.0588235
1011,0.26087,0.391304,0.217391,0.0434783,0.0434783,0.0434783
1012,0.0714286,0.642857,0.0714286,0.0714286,0.0714286,0.0714286
1013,0.030303,0.272727,0.242424,0.393939,0.030303,0.030303
1014,0.1,0.2,0.1,0.3,0.1,0.2
1015,0.0449438,0.168539,0.179775,0.539326,0.0561798,0.011236
1016,0.060219,0.100365,0.0766423,0.149635,0.140511,0.472628
1017,0.0666667,0.666667,0.0666667,0.0666667,0.0666667,0.0666667
1018,0.277778,0.0740741,0.37037,0.240741,0.0185185,0.0185185
1019,0.1,0.5,0.1,0.1,0.1,0.1
1020,0.181818,0.545455,0.0909091,0.0909091,0.0454545,0.0454545
1021,0.385185,0.0592593,0.0740741,0.259259,0.214815,0.00740741
1022,0.133333,0.0666667,0.0666667,0.533333,0.0666667,0.133333
1023,0.0972222,0.0555556,0.458333,0.361111,0.0138889,0.0138889
1024,0.308824,0.176471,0.205882,0.0147059,0.279412,0.0147059
1025,0.192308,0.230769,0.230769,0.269231,0.0384615,0.0384615
1026,0.1,0.5,0.1,0.1,0.1,0.1
1027,0.114286,0.314286,0.428571,0.0857143,0.0285714,0.0285714
1028,0.333333,0.111111,0.222222,0.111111,0.111111,0.111111
1029,0.0555556,0.666667,0.0555556,0.111111,0.0555556,0.0555556
1030,0.0714286,0.642857,0.0714286,0.0714286,0.0714286,0.0714286
1031,0.371717,0.0666667,0.187879,0.193939,0.0020202,0.177778
1032,0.1,0.5,0.1,0.1,0.1,0.1
1033,0.0555556,0.722222,0.0555556,0.0555556,0.0555556,0.0555556
1034,0.1,0.5,0.1,0.1,0.1,0.1
1035,0.301887,0.207547,0.433962,0.0188679,0.0188679,0.0188679
1036,0.0588235,0.411765,0.352941,0.0588235,0.0588235,0.0588235
1037,0.326087,0.0289855,0.15942,0.202899,0.26087,0.0217391
1038,0.307692,0.025641,0.0512821,0.512821,0.0769231,0.025641
1039,0.1,0.5,0.1,0.1,0.1,0.1
1040,0.333333,0.333333,0.142857,0.0952381,0.047619,0.047619
1041,0.0454545,0.363636,0.0454545,0.454545,0.0454545,0.0454545
1042,0.209302,0.116279,0.395349,0.0930233,0.162791,0.0232558
1043,0.0666667,0.6,0.0666667,0.133333,0.0666667,0.0666667
1044,0.208955,0.119403,0.119403,0.223881,0.313433,0.0149254
1045,0.192308,0.192308,0.115385,0.346154,0.0384615,0.115385
1046,0.1,0.5,0.1,0.1,0.1,0.1
1047,0.0833333,0.583333,0.0833333,0.0833333,0.0833333,0.0833333
1048,0.0714286,0.642857,0.0714286,0.0714286,0.0714286,0.0714286
1049,0.0769231,0.0769231,0.307692,0.384615,0.0769231,0.0769231
1050,0.106383,0.574468,0.148936,0.0638298,0.0212766,0.0851064
1051,0.0434783,0.782609,0.0434783,0.0434783,0.0434783,0.0434783
1052,0.0434783,0.26087,0.521739,0.0869565,0.0434783,0.0434783
1053,0.3,0.2,0.2,0.1,0.1,0.1
1054,0.444444,0.111111,0.111111,0.111111,0.111111,0.111111
1055,0.266667,0.466667,0.0666667,0.0666667,0.0666667,0.0666667
1056,0.29,0.02,0.21,0.46,0.01,0.01
1057,0.0666667,0.666667,0.0666667,0.0666667,0.0666667,0.0666667
1058,0.219298,0.27193,0.0526316,0.438596,0.00877193,0.00877193
1059,0.2,0.266667,0.0333333,0.233333,0.233333,0.0333333
1060,0.0666667,0.666667,0.0666667,0.0666667,0.0666667,0.0666667
1061,0.0714286,0.642857,0.0714286,0.0714286,0.0714286,0.0714286
1062,0.14,0.02,0.06,0.74,0.03,0.01
1063,0.1,0.5,0.1,0.1,0.1,0.1
1064,0.478548,0.0561056,0.120462,0.245875,0.0957096,0.00330033
1065,0.486842,0.0460526,0.203947,0.0263158,0.184211,0.0526316
1066,0.153846,0.538462,0.0769231,0.0769231,0.0769231,0.0769231
1067,0.0666667,0.666667,0.0666667,0.0666667,0.0666667,0.0666667
1068,0.125,0.375,0.125,0.125,0.125,0.125
1069,0.0654206,0.00934579,0.149533,0.607477,0.0186916,0.149533
1070,0.111111,0.444444,0.111111,0.111111,0.111111,0.111111
1071,0.0666667,0.666667,0.0666667,0.0666667,0.0666667,0.0666667
1072,0.237838,0.0810811,0.264865,0.318919,0.0918919,0.00540541
1073,0.0666667,0.666667,0.0666667,0.0666667,0.0666667,0.0666667
1074,0.0909091,0.363636,0.030303,0.393939,0.0909091,0.030303
1075,0.0434783,0.782609,0.0434783,0.0434783,0.0434783,0.0434783
1076,0.0666667,0.666667,0.0666667,0.0666667,0.0666667,0.0666667
1077,0.1,0.5,0.1,0.1,0.1,0.1
1078,0.326316,0.463158,0.0736842,0.0105263,0.115789,0.0105263
1079,0.619048,0.190476,0.047619,0.047619,0.047619,0.047619
1080,0.1,0.5,0.1,0.1,0.1,0.1
1081,0.45,0.25,0.1,0.05,0.1,0.05
1082,0.264151,0.132075,0.320755,0.0377358,0.0943396,0.150943
1083,0.1,0.5,0.1,0.1,0.1,0.1
