1,0.106061,0.0606061,0.121212,0.136364,0.515152,0.0606061
2,0.0140845,0.732394,0.084507,0.140845,0.0140845,0.0140845
3,0.0116279,0.94186,0.0116279,0.0116279,0.0116279,0.0116279
4,0.0549451,0.164835,0.0989011,0.274725,0.010989,0.395604
5,0.179487,0.025641,0.0769231,0.025641,0.025641,0.666667
6,0.0428571,0.0857143,0.0142857,0.6,0.1,0.157143
7,0.494505,0.285714,0.043956,0.0659341,0.0989011,0.010989
8,0.0769231,0.0769231,0.230769,0.384615,0.0769231,0.153846
9,0.00769231,0.376923,0.115385,0.338462,0.0153846,0.146154
10,0.181818,0.0909091,0.0909091,0.0909091,0.0909091,0.454545
11,0.139535,0.0465116,0.186047,0.348837,0.0930233,0.186047
12,0.125,0.125,0.125,0.125,0.125,0.375
13,0.12963,0.259259,0.0185185,0.12963,0.185185,0.277778
14,0.00684932,0.876712,0.00684932,0.0547945,0.00684932,0.0479452
15,0.685185,0.154321,0.00617284,0.0308642,0.0864198,0.037037
16,0.109489,0.744526,0.0218978,0.0656934,0.0510949,0.00729927
17,0.0514019,0.0046729,0.107477,0.317757,0.425234,0.0934579
18,0.00529101,0.492063,0.0582011,0.15873,0.037037,0.248677
19,0.0526316,0.105263,0.0526316,0.0526316,0.0526316,0.684211
20,0.578616,0.150943,0.00628931,0.150943,0.0691824,0.0440252
21,0.0846561,0.402116,0.0529101,0.0793651,0.00529101,0.375661
22,0.103448,0.0689655,0.103448,0.448276,0.0344828,0.241379
23,0.353982,0.0619469,0.168142,0.247788,0.0530973,0.115044
24,0.047619,0.190476,0.047619,0.428571,0.047619,0.238095
25,0.0350467,0.0327103,0.429907,0.168224,0.114486,0.219626
26,0.326087,0.0434783,0.456522,0.0217391,0.0217391,0.130435
27,0.0903361,0.052521,0.292017,0.102941,0.0336134,0.428571
28,0.1,0.05,0.125,0.075,0.075,0.575
29,0.0609756,0.0121951,0.0121951,0.47561,0.0853659,0.353659
30,0.0217391,0.173913,0.0217391,0.0217391,0.173913,0.586957
31,0.0638298,0.0212766,0.0212766,0.574468,0.234043,0.0851064
32,0.2,0.0666667,0.133333,0.0666667,0.466667,0.0666667
33,0.00833333,0.025,0.216667,0.108333,0.0583333,0.583333
34,0.0238095,0.261905,0.0238095,0.0238095,0.0238095,0.642857
35,0.172932,0.323308,0.0075188,0.218045,0.0902256,0.18797
36,0.0454545,0.136364,0.227273,0.318182,0.0454545,0.227273
37,0.047619,0.142857,0.190476,0.047619,0.238095,0.333333
38,0.0111111,0.12963,0.22963,0.314815,0.259259,0.0555556
39,0.142857,0.142857,0.142857,0.142857,0.142857,0.285714
40,0.0909091,0.0909091,0.0909091,0.0909091,0.0909091,0.545455
41,0.0724638,0.231884,0.0144928,0.405797,0.130435,0.144928
42,0.176923,0.5,0.0230769,0.0692308,0.0307692,0.2
43,0.00917431,0.926606,0.00917431,0.00917431,0.00917431,0.0366972
44,0.0666667,0.0666667,0.0666667,0.533333,0.0666667,0.2
45,0.127273,0.0545455,0.145455,0.0181818,0.0181818,0.636364
46,0.429368,0.211896,0.0855019,0.0743494,0.143123,0.0557621
47,0.142857,0.142857,0.142857,0.142857,0.142857,0.285714
48,0.222222,0.111111,0.111111,0.111111,0.111111,0.333333
49,0.0655738,0.0163934,0.163934,0.0491803,0.180328,0.52459
50,0.0454545,0.159091,0.0227273,0.409091,0.0227273,0.340909
51,0.0526316,0.0526316,0.0526316,0.263158,0.368421,0.210526
52,0.00487805,0.921951,0.0097561,0.00487805,0.0243902,0.0341463
53,0.0725806,0.403226,0.0564516,0.0241935,0.00403226,0.439516
54,0.1,0.1,0.1,0.1,0.1,0.5
55,0.0123457,0.0864198,0.148148,0.395062,0.17284,0.185185
56,0.185185,0.037037,0.111111,0.148148,0.259259,0.259259
57,0.0344828,0.0344828,0.103448,0.137931,0.310345,0.37931
58,0.182243,0.126168,0.0981308,0.401869,0.0373832,0.154206
59,0.346995,0.0983607,0.327869,0.10929,0.0491803,0.068306
60,0.117647,0.576471,0.0352941,0.0588235,0.0117647,0.2
61,0.634006,0.0288184,0.230548,0.0201729,0.00288184,0.0835735
62,0.0477941,0.128676,0.235294,0.264706,0.305147,0.0183824
63,0.370787,0.174157,0.117978,0.151685,0.00561798,0.179775
64,0.00190114,0.0361217,0.617871,0.110266,0.0570342,0.176806
65,0.0228571,0.537143,0.0685714,0.182857,0.04,0.148571
66,0.117647,0.0588235,0.0588235,0.0588235,0.0588235,0.647059
67,0.00571429,0.645714,0.00571429,0.0228571,0.148571,0.171429
68,0.0405405,0.0405405,0.283784,0.0945946,0.405405,0.135135
69,0.0426829,0.0365854,0.380081,0.144309,0.191057,0.205285
70,0.276923,0.153846,0.123077,0.0615385,0.0153846,0.369231
71,0.0192308,0.0961538,0.423077,0.134615,0.0384615,0.288462
72,0.02,0.08,0.1,0.34,0.38,0.08
73,0.145455,0.0363636,0.0181818,0.145455,0.109091,0.545455
74,0.25,0.0357143,0.0714286,0.0714286,0.0357143,0.535714
75,0.0630252,0.319328,0.348739,0.0672269,0.134454,0.0672269
76,0.440367,0.247706,0.0458716,0.00458716,0.0779817,0.183486
77,0.00416667,0.9375,0.00416667,0.00416667,0.00416667,0.0458333
78,0.0252101,0.151261,0.168067,0.12605,0.00840336,0.521008
79,0.0666667,0.0666667,0.0333333,0.433333,0.266667,0.133333
80,0.231707,0.109756,0.0914634,0.231707,0.128049,0.207317
81,0.0454545,0.0454545,0.0454545,0.181818,0.0454545,0.636364
82,0.0238095,0.166667,0.0238095,0.119048,0.214286,0.452381
83,0.0181818,0.0181818,0.290909,0.472727,0.0727273,0.127273
84,0.1,0.1,0.1,0.1,0.1,0.5
85,0.310105,0.167247,0.139373,0.108014,0.0836237,0.191638
86,0.15,0.15,0.166667,0.116667,0.0166667,0.4
87,0.142857,0.142857,0.142857,0.142857,0.142857,0.285714
88,0.0454545,0.0530303,0.0909091,0.318182,0.0833333,0.409091
89,0.190476,0.047619,0.119048,0.309524,0.0238095,0.309524
90,0.0111111,0.0222222,0.3,0.0333333,0.0111111,0.622222
91,0.0321429,0.00357143,0.0571429,0.107143,0.628571,0.171429
92,0.0588235,0.0588235,0.235294,0.0588235,0.0588235,0.529412
93,0.443609,0.0300752,0.0300752,0.18797,0.0601504,0.24812
94,0.0207612,0.0346021,0.134948,0.480969,0.16263,0.16609
95,0.0384615,0.0384615,0.230769,0.0384615,0.192308,0.461538
96,0.00833333,0.00833333,0.133333,0.35,0.0416667,0.458333
97,0.0662983,0.552486,0.0662983,0.0718232,0.104972,0.138122
98,0.0232558,0.0930233,0.0232558,0.209302,0.27907,0.372093
99,0.0136986,0.90411,0.0136986,0.0136986,0.0410959,0.0136986
100,0.0434783,0.130435,0.0869565,0.391304,0.26087,0.0869565
101,0.185185,0.0185185,0.0925926,0.537037,0.0185185,0.148148
102,0.00724638,0.00724638,0.115942,0.514493,0.0797101,0.275362
103,0.209677,0.016129,0.354839,0.145161,0.016129,0.258065
104,0.0277778,0.111111,0.277778,0.0277778,0.194444,0.361111
105,0.111111,0.111111,0.111111,0.111111,0.111111,0.444444
106,0.0153846,0.769231,0.0461538,0.0153846,0.0461538,0.107692
107,0.5,0.0333333,0.0333333,0.183333,0.0166667,0.233333
108,0.0175439,0.210526,0.0175439,0.298246,0.22807,0.22807
109,0.252066,0.107438,0.280992,0.0991736,0.00413223,0.256198
110,0.0133333,0.853333,0.0533333,0.0133333,0.0533333,0.0133333
111,0.025641,0.025641,0.025641,0.641026,0.25641,0.025641
112,0.181818,0.0649351,0.441558,0.012987,0.181818,0.116883
113,0.1875,0.1875,0.03125,0.03125,0.03125,0.53125
114,0.2,0.1,0.2,0.2,0.1,0.2
115,0.0315789,0.0631579,0.252632,0.0421053,0.0105263,0.6
116,0.047619,0.190476,0.047619,0.285714,0.333333,0.0952381
117,0.0754717,0.389937,0.0377358,0.00628931,0.0251572,0.465409
118,0.05,0.0166667,0.133333,0.65,0.0333333,0.116667
119,0.030303,0.257576,0.242424,0.0454545,0.0151515,0.409091
120,0.0196078,0.0392157,0.0196078,0.0196078,0.235294,0.666667
121,0.0217391,0.0652174,0.326087,0.0434783,0.130435,0.413043
122,0.0125,0.6125,0.0125,0.225,0.0125,0.125
123,0.0508475,0.447458,0.0644068,0.237288,0.105085,0.0949153
124,0.0555556,0.388889,0.333333,0.0555556,0.0555556,0.111111
125,0.367347,0.0816327,0.0816327,0.0204082,0.0204082,0.428571
126,0.00632911,0.139241,0.113924,0.0696203,0.443038,0.227848
127,0.0384615,0.0384615,0.192308,0.346154,0.0769231,0.307692
128,0.0555556,0.0555556,0.444444,0.0555556,0.0555556,0.333333
129,0.103896,0.0519481,0.142857,0.311688,0.155844,0.233766
130,0.47749,0.19236,0.0572988,0.0381992,0.0463847,0.188267
131,0.142857,0.142857,0.142857,0.142857,0.142857,0.285714
132,0.0747664,0.00934579,0.0280374,0.158879,0.551402,0.17757
133,0.0337079,0.0247191,0.0539326,0.164045,0.640449,0.0831461
134,0.115385,0.230769,0.0384615,0.230769,0.0384615,0.346154
135,0.254545,0.0363636,0.345455,0.163636,0.0181818,0.181818
136,0.0136986,0.821918,0.0684932,0.0273973,0.0136986,0.0547945
137,0.1,0.1,0.025,0.325,0.05,0.4
138,0.0543478,0.0108696,0.201087,0.309783,0.0706522,0.353261
139,0.0833333,0.208333,0.291667,0.0416667,0.0416667,0.333333
140,0.00763359,0.617048,0.0127226,0.145038,0.147583,0.0699746
141,0.104651,0.0232558,0.232558,0.325581,0.104651,0.209302
142,0.0208333,0.0416667,0.145833,0.104167,0.0833333,0.604167
143,0.0212766,0.0638298,0.191489,0.425532,0.0212766,0.276596
144,0.275362,0.115942,0.188406,0.173913,0.0144928,0.231884
145,0.0723684,0.00657895,0.138158,0.171053,0.125,0.486842
146,0.0182927,0.542683,0.182927,0.0853659,0.0121951,0.158537
147,0.0869565,0.0434783,0.0434783,0.173913,0.0434783,0.608696
148,0.0223881,0.0485075,0.0503731,0.427239,0.18097,0.270522
149,0.347826,0.108696,0.0326087,0.152174,0.0108696,0.347826
150,0.00429185,0.00429185,0.150215,0.274678,0.381974,0.184549
151,0.216216,0.162162,0.0810811,0.243243,0.27027,0.027027
152,0.258427,0.460674,0.123596,0.011236,0.11236,0.0337079
153,0.0397727,0.590909,0.0681818,0.0454545,0.00568182,0.25
154,0.185185,0.037037,0.037037,0.592593,0.0740741,0.0740741
155,0.0163934,0.918033,0.0163934,0.0163934,0.0163934,0.0163934
156,0.0277778,0.166667,0.138889,0.361111,0.0277778,0.277778
157,0.248649,0.0756757,0.351351,0.0972973,0.0540541,0.172973
158,0.0535714,0.598214,0.0803571,0.160714,0.0982143,0.00892857
159,0.157895,0.0526316,0.105263,0.263158,0.315789,0.105263
160,0.137931,0.103448,0.137931,0.206897,0.103448,0.310345
161,0.183673,0.0204082,0.183673,0.265306,0.326531,0.0204082
162,0.447761,0.0597015,0.0597015,0.0746269,0.0597015,0.298507
163,0.101156,0.401734,0.0809249,0.115607,0.242775,0.0578035
164,0.0285714,0.0571429,0.0285714,0.171429,0.6,0.114286
165,0.0526316,0.105263,0.368421,0.105263,0.263158,0.105263
166,0.04,0.04,0.04,0.44,0.04,0.4
167,0.0384615,0.0384615,0.192308,0.0384615,0.0384615,0.653846
168,0.303797,0.092827,0.0759494,0.350211,0.0548523,0.122363
169,0.0555556,0.111111,0.166667,0.0555556,0.0555556,0.555556
170,0.030303,0.181818,0.212121,0.0606061,0.030303,0.484848
